name,taxid,ERR14789322,ERR14789323,ERR14789324,ERR14789325,ERR14789326,ERR14789327,ERR14789328,ERR14789329,ERR14789330,ERR14789331,ERR14789332,ERR14789333,host tax id,host name,realm,kingdom,phylum,class,order,family,genus,species,baltimore_class
                  Mastadenovirus,10509,,,,,0.04,,,,,,0.08,,9555.0,Papio anubis,Varidnaviria,Bamfordvirae,Preplasmiviricota,Polisuviricotina,Pharingeaviricetes,Rowavirales,Adenoviridae,Mastadenovirus,
                Sequivirus,12057,,,,,,,,,0.16,0.1,0.07,0.34,4039.0,Daucus carota,Riboviria,Orthornavirae,Pisuviricota,Pisoniviricetes,Picornavirales,Secoviridae,Sequivirus,Sequivirus carotae,
                Sobemovirus,12137,,,,,,,,,0.3,,,,35608.0,Artemisia annua,Riboviria,Orthornavirae,Pisuviricota,Pisoniviricetes,Sobelivirales,Solemoviridae,Sobemovirus,Sobemovirus ARTVA,
                  Tombusvirus,12141,,,,0.05,,,,,,,,,,,,,,,,,,,
                Tymovirus,12148,,,,,,,0.19,,0.16,0.26,0.06,,3864.0,Lens culinaris,Riboviria,Orthornavirae,Kitrinoviricota,Alsuviricetes,Tymovirales,Tymoviridae,Tymovirus,Tymovirus anagyris,+ssRNA
                Potexvirus,12176,,0.16,,1.06,0.06,,,,0.13,,0.09,,4686.0,Asparagus officinalis,Riboviria,Orthornavirae,Kitrinoviricota,Alsuviricetes,Tymovirales,Alphaflexiviridae,Potexvirus,Potexvirus triasparagi,+ssRNA
                Tobamovirus,12234,37.33,54.57,27.97,63.14,78.27,58.97,16.53,23.87,17.9,55.53,66.87,64.37,4071.0,Capsicum,Riboviria,Orthornavirae,Kitrinoviricota,Alsuviricetes,Martellivirales,Virgaviridae,Tobamovirus,Tobamovirus maculacapsici,+ssRNA
                  Comovirus,12258,,,,,0.04,,,,,,,,4113.0,Solanum tuberosum,Riboviria,Orthornavirae,Pisuviricota,Pisoniviricetes,Picornavirales,Secoviridae,Comovirinae,Comovirus,
                Bromovirus,12300,,,,0.04,,,,,,,0.12,,3827.0,Cicer arietinum,Riboviria,Orthornavirae,Kitrinoviricota,Alsuviricetes,Martellivirales,Bromoviridae,Bromovirus,Bromovirus BBMV,+ssRNA
                  Teseptimavirus,110456,,,,,,,,,0.23,,0.11,0.23,644.0,Aeromonas hydrophila,Duplodnaviria,Heunggongvirae,Uroviricota,Caudoviricetes,Autographivirales,Autotranscriptaviridae,Studiervirinae,Teseptimavirus,dsDNA
                Myohalovirus,169682,,0.1,,,,,,,,,,,2242.0,Halobacterium salinarum,Duplodnaviria,Heunggongvirae,Uroviricota,Caudoviricetes,Caudoviricetes incertae sedis,Vertoviridae,Myohalovirus,Myohalovirus spontanei,dsDNA
                  Mardivirus,180252,,,,,,,,,0.13,,,,8830.0,Anatidae,Duplodnaviria,Heunggongvirae,Peploviricota,Herviviricetes,Herpesvirales,Orthoherpesviridae,Alphaherpesvirinae,Mardivirus,dsDNA
                  Aureusvirus,186457,,,,0.11,0.03,,,,,,,,,,,,,,,,,,
              Ceduovirus,186532,,,,,,,,,,,0.07,,1359.0,Lactococcus cremoris,Duplodnaviria,Heunggongvirae,Uroviricota,Caudoviricetes,Caudoviricetes incertae sedis,Ceduovirus,unclassified Ceduovirus,,dsDNA
              Fromanvirus,186764,0.91,0.09,,,,,,,,,0.18,,1763.0,Mycobacterium,Duplodnaviria,Heunggongvirae,Uroviricota,Caudoviricetes,Caudoviricetes incertae sedis,Fromanvirus,,,dsDNA
                  Kobuvirus,194960,,,,,0.04,,,,,,0.1,,9534.0,Chlorocebus aethiops,Riboviria,Orthornavirae,Pisuviricota,Pisoniviricetes,Picornavirales,Picornaviridae,Kodimesavirinae,Kobuvirus,
                Maculavirus,249185,,,,,,,,,,,0.05,,444401.0,Andrena haemorrhoa,Riboviria,Orthornavirae,Kitrinoviricota,Alsuviricetes,Tymovirales,Tymoviridae,Maculavirus,unclassified Maculavirus,+ssRNA
          Whispovirus,249585,,0.09,,,,,,,,,,,,,,,,,,,,,
                Mamastrovirus,249588,,,,,0.04,,0.25,0.8,,,,,9606.0,Homo sapiens,Riboviria,Orthornavirae,Pisuviricota,Stelpaviricetes,Stellavirales,Astroviridae,Mamastrovirus,Mamastrovirus melbournense,
                  Mimivirus,315393,,,,,,,,,,,0.09,,5755.0,Acanthamoeba castellanii,Varidnaviria,Bamfordvirae,Nucleocytoviricota,Megaviricetes,Imitervirales,Mimiviridae,Megamimivirinae,Mimivirus,
                  Phikmvvirus,477967,0.19,0.31,,,,,,,,,,,287.0,Pseudomonas aeruginosa,Duplodnaviria,Heunggongvirae,Uroviricota,Caudoviricetes,Autographivirales,Autoscriptoviridae,Krylovirinae,Phikmvvirus,dsDNA
              Rauchvirus,542959,,,,0.04,0.04,,,,,0.41,0.1,0.15,518.0,Bordetella bronchiseptica,Duplodnaviria,Heunggongvirae,Uroviricota,Caudoviricetes,Caudoviricetes incertae sedis,Rauchvirus,Rauchvirus BPP1,,dsDNA
              Uetakevirus,542960,,,,,,,,,,,0.21,,550.0,Enterobacter cloacae,Duplodnaviria,Heunggongvirae,Uroviricota,Caudoviricetes,Caudoviricetes incertae sedis,Uetakevirus,unclassified Uetakevirus,,dsDNA
              Bruynoghevirus,545932,,0.41,,,,,,,,,,,287.0,Pseudomonas aeruginosa,Duplodnaviria,Heunggongvirae,Uroviricota,Caudoviricetes,Caudoviricetes incertae sedis,Bruynoghevirus,,,dsDNA
                Ostreavirus,548686,,0.22,,,,,,,,,,,29159.0,Magallana gigas,Duplodnaviria,Heunggongvirae,Peploviricota,Herviviricetes,Herpesvirales,Malacoherpesviridae,Ostreavirus,Ostreavirus ostreidmalaco1,dsDNA
            Alphabaculovirus,558016,,0.6,,0.04,,,,,,0.12,0.06,,,,,,,,,,,,
                Kuravirus,680277,,0.25,,0.05,,,,,,,,,562.0,Escherichia coli,Duplodnaviria,Heunggongvirae,Uroviricota,Caudoviricetes,Caudoviricetes incertae sedis,Mktvariviridae,Gordonclarkvirinae,Kuravirus,dsDNA
                    Alphacoronavirus,693996,,,,,,,,,,,0.07,,,,,,,,,,,,
                  Bocaparvovirus,1507401,,,,,,,,,,,0.06,,188568.0,Aselliscus stoliczkanus,Monodnaviria,Shotokuvirae,Cossaviricota,Quintoviricetes,Piccovirales,Parvoviridae,Parvovirinae,Bocaparvovirus,
                Gemycircularvirus,1542744,,0.16,,0.19,,1.61,,,,,0.08,,9852.0,Alces alces,Monodnaviria,Shotokuvirae,Cressdnaviricota,Repensiviricetes,Geplafuvirales,Genomoviridae,Gemycircularvirus,Gemycircularvirus lepam1,
              Cheoctovirus,1623281,,,,,0.11,,,,,,,,1763.0,Mycobacterium,Duplodnaviria,Heunggongvirae,Uroviricota,Caudoviricetes,Caudoviricetes incertae sedis,Cheoctovirus,unclassified Cheoctovirus,,dsDNA
              Corndogvirus,1623285,,,,,0.04,,,,,,,,1763.0,Mycobacterium,Duplodnaviria,Heunggongvirae,Uroviricota,Caudoviricetes,Caudoviricetes incertae sedis,Corndogvirus,unclassified Corndogvirus,,dsDNA
              Detrevirus,1623287,,0.13,,,0.05,,,,,,,,287.0,Pseudomonas aeruginosa,Duplodnaviria,Heunggongvirae,Uroviricota,Caudoviricetes,Caudoviricetes incertae sedis,Detrevirus,Detrevirus D3,,dsDNA
              Dhillonvirus,1623289,,,,,,,,,,0.1,0.05,,470.0,Acinetobacter baumannii,Duplodnaviria,Heunggongvirae,Uroviricota,Caudoviricetes,Caudoviricetes incertae sedis,Dhillonvirus,unclassified Dhillonvirus,,dsDNA
                Moineauvirus,1623304,,,,,,,,,,,0.24,,1308.0,Streptococcus thermophilus,Duplodnaviria,Heunggongvirae,Uroviricota,Caudoviricetes,Caudoviricetes incertae sedis,Aliceevansviridae,Moineauvirus,unclassified Moineauvirus,dsDNA
              Skunavirus,1623305,0.52,0.37,,0.61,0.23,1.08,0.69,0.71,1.34,1.12,1.17,0.87,1358.0,Lactococcus lactis,Duplodnaviria,Heunggongvirae,Uroviricota,Caudoviricetes,Caudoviricetes incertae sedis,Skunavirus,unclassified Skunavirus,,dsDNA
              Lessievirus,1720323,0.18,,,,,,,,,,0.05,,32008.0,Burkholderia,Duplodnaviria,Heunggongvirae,Uroviricota,Caudoviricetes,Caudoviricetes incertae sedis,Lessievirus,Lessievirus bcep22,,dsDNA
              Hollowayvirus,1720324,0.2,,,,,,,,,0.2,0.07,,287.0,Pseudomonas aeruginosa,Duplodnaviria,Heunggongvirae,Uroviricota,Caudoviricetes,Caudoviricetes incertae sedis,Hollowayvirus,unclassified Hollowayvirus,,dsDNA
                  Agatevirus,1910931,0.16,,,,,,,,,,,,1408.0,Bacillus pumilus,Duplodnaviria,Heunggongvirae,Uroviricota,Caudoviricetes,Caudoviricetes incertae sedis,Herelleviridae,Bastillevirinae,Agatevirus,dsDNA
                  Alphatrevirus,1910951,,,,,0.1,,,,,,0.09,,561.0,Escherichia,Monodnaviria,Sangervirae,Phixviricota,Malgrandaviricetes,Petitvirales,Microviridae,Bullavirinae,Alphatrevirus,
                  Gequatrovirus,1910952,,,,,0.07,,,,,,0.21,,562.0,Escherichia coli,Monodnaviria,Sangervirae,Phixviricota,Malgrandaviricetes,Petitvirales,Microviridae,Bullavirinae,Gequatrovirus,
                  Sinsheimervirus,1910954,,,,0.04,,,,,,,0.21,,99287.0,Salmonella enterica subsp. enterica serovar Typhimurium str. LT2,Monodnaviria,Sangervirae,Phixviricota,Malgrandaviricetes,Petitvirales,Microviridae,Bullavirinae,Sinsheimervirus,
                  Kagunavirus,1910992,0.23,0.11,,0.12,0.1,0.38,,,0.46,0.6,0.39,0.83,562.0,Escherichia coli,Duplodnaviria,Heunggongvirae,Uroviricota,Caudoviricetes,Caudoviricetes incertae sedis,Sarkviridae,Guernseyvirinae,Kagunavirus,dsDNA
                  Cornellvirus,1910993,,0.08,,,,,,,,,0.08,,340188.0,Salmonella enterica subsp. enterica serovar Cerro,Duplodnaviria,Heunggongvirae,Uroviricota,Caudoviricetes,Caudoviricetes incertae sedis,Sarkviridae,Guernseyvirinae,Cornellvirus,dsDNA
                  Alphacarmovirus,1911599,,,,,,,,,,,0.09,,,,,,,,,,,,
                  Gammacarmovirus,1911601,,0.33,0.39,0.23,0.19,,,,0.16,0.15,0.13,,,,,,,,,,,,
                  Mosigvirus,1913652,,,,,,,,,,0.21,,,244319.0,Escherichia coli O26:H11,Duplodnaviria,Heunggongvirae,Uroviricota,Caudoviricetes,Pantevenvirales,Straboviridae,Tevenvirinae,Mosigvirus,dsDNA
                  Gaprivervirus,1913654,,,,,,,,,,,0.06,,,,,,,,,,,,
              Vequintavirus,1914852,,,,0.09,0.06,,0.19,,,0.35,0.24,0.21,197.0,Campylobacter jejuni,Duplodnaviria,Heunggongvirae,Uroviricota,Caudoviricetes,Caudoviricetes incertae sedis,Vequintavirus,Vequintavirus PDX,Vequintavirus FFH2,dsDNA
              Obolenskvirus,1915205,,,,,,,,,,,0.08,,470.0,Acinetobacter baumannii,Duplodnaviria,Heunggongvirae,Uroviricota,Caudoviricetes,Caudoviricetes incertae sedis,Obolenskvirus,unclassified Obolenskvirus,,dsDNA
              Jilinvirus,1918725,0.23,,,,,,,,,,,,562.0,Escherichia coli,Duplodnaviria,Heunggongvirae,Uroviricota,Caudoviricetes,Caudoviricetes incertae sedis,Jilinvirus,unclassified Jilinvirus,,dsDNA
                  Gamaleyavirus,1920753,,0.13,,0.1,0.05,,,,,0.54,0.28,,1884818.0,Escherichia sp.,Duplodnaviria,Heunggongvirae,Uroviricota,Caudoviricetes,Caudoviricetes incertae sedis,Schitoviridae,Enquatrovirinae,Gamaleyavirus,dsDNA
                  Litunavirus,1920762,,,,0.04,,,,0.34,,,0.08,,208964.0,Pseudomonas aeruginosa PAO1,Duplodnaviria,Heunggongvirae,Uroviricota,Caudoviricetes,Caudoviricetes incertae sedis,Schitoviridae,Migulavirinae,Litunavirus,dsDNA
                  Drulisvirus,1920774,,,,0.05,0.04,,,,0.16,0.31,0.29,0.29,470.0,Acinetobacter baumannii,Duplodnaviria,Heunggongvirae,Uroviricota,Caudoviricetes,Autographivirales,Autoscriptoviridae,Slopekvirinae,Drulisvirus,dsDNA
                Webervirus,1920860,,,,,,,,,,,0.05,,548.0,Klebsiella aerogenes,Duplodnaviria,Heunggongvirae,Uroviricota,Caudoviricetes,Caudoviricetes incertae sedis,Drexlerviridae,Webervirus,Webervirus F20,dsDNA
              Septimatrevirus,1921544,,,,,,,,,,,0.1,,287.0,Pseudomonas aeruginosa,Duplodnaviria,Heunggongvirae,Uroviricota,Caudoviricetes,Caudoviricetes incertae sedis,Septimatrevirus,Septimatrevirus C1,Septimatrevirus sv73,dsDNA
                Gemykibivirus,1941236,0.42,0.19,,0.96,0.04,1.14,,0.34,,,0.14,,9662.0,Meles meles,Monodnaviria,Shotokuvirae,Cressdnaviricota,Repensiviricetes,Geplafuvirales,Genomoviridae,Gemykibivirus,Gemykibivirus badas1,
              Mudcatvirus,1982088,0.39,,,,,,,,,,0.1,,1771959.0,[Arthrobacter] sp. ATCC 21022,Duplodnaviria,Heunggongvirae,Uroviricota,Caudoviricetes,Caudoviricetes incertae sedis,Mudcatvirus,Mudcatvirus arcadia,,dsDNA
              Gordonvirus,1982152,0.79,,,,0.04,,,,,,0.09,,1667.0,Arthrobacter sp.,Duplodnaviria,Heunggongvirae,Uroviricota,Caudoviricetes,Caudoviricetes incertae sedis,Gordonvirus,Gordonvirus breylor17,,dsDNA
              Pepyhexavirus,1982367,,,,0.04,0.05,,,,,0.1,0.1,0.31,1827.0,Rhodococcus,Duplodnaviria,Heunggongvirae,Uroviricota,Caudoviricetes,Caudoviricetes incertae sedis,Pepyhexavirus,Pepyhexavirus pepy6,,dsDNA
              Titanvirus,1982573,,0.07,,,,,,,,,,,1414586.0,Rhodobacter capsulatus YW1,Duplodnaviria,Heunggongvirae,Uroviricota,Caudoviricetes,Caudoviricetes incertae sedis,Titanvirus,Titanvirus rcspartan,,dsDNA
              Coopervirus,1982898,,0.1,,0.04,0.08,0.34,,,,,,,246196.0,Mycolicibacterium smegmatis MC2 155,Duplodnaviria,Heunggongvirae,Uroviricota,Caudoviricetes,Caudoviricetes incertae sedis,Coopervirus,Coopervirus adawi,,dsDNA
                Gemykrogvirus,1985367,,,,,0.08,,,,,0.21,0.06,,7460.0,Apis mellifera,Monodnaviria,Shotokuvirae,Cressdnaviricota,Repensiviricetes,Geplafuvirales,Genomoviridae,Gemykrogvirus,Gemykrogvirus apime1,
                  Friunavirus,1985711,,,,0.04,,,2.12,0.58,,,0.26,,470.0,Acinetobacter baumannii,Duplodnaviria,Heunggongvirae,Uroviricota,Caudoviricetes,Autographivirales,Autoscriptoviridae,Beijerinckvirinae,Friunavirus,dsDNA
                  Przondovirus,1985720,,,,,,,,,,,0.11,,573.0,Klebsiella pneumoniae,Duplodnaviria,Heunggongvirae,Uroviricota,Caudoviricetes,Autographivirales,Autotranscriptaviridae,Studiervirinae,Przondovirus,dsDNA
                  Pradovirus,1985733,,0.07,,0.04,0.03,,,,,,,,456327.0,Xanthomonas euvesicatoria,Duplodnaviria,Heunggongvirae,Uroviricota,Caudoviricetes,Autographivirales,Autonotataviridae,Gujervirinae,Pradovirus,dsDNA
          Pandoravirus,2060084,0.53,,,,0.09,,0.46,,1.56,0.35,0.25,,,,,,,,,,,,
                  Kuttervirus,2169536,,,,,,,,,,,0.05,,550.0,Enterobacter cloacae,Duplodnaviria,Heunggongvirae,Uroviricota,Caudoviricetes,Pantevenvirales,Ackermannviridae,Cvivirinae,Kuttervirus,dsDNA
              Limdunavirus,2169621,0.19,0.09,,0.2,0.09,,0.15,,0.34,0.19,0.19,,1243.0,Leuconostoc,Duplodnaviria,Heunggongvirae,Uroviricota,Caudoviricetes,Caudoviricetes incertae sedis,Limdunavirus,unclassified Limdunavirus,,dsDNA
              Unaquatrovirus,2169622,,,,,,,,,,0.1,0.07,,1245.0,Leuconostoc mesenteroides,Duplodnaviria,Heunggongvirae,Uroviricota,Caudoviricetes,Caudoviricetes incertae sedis,Unaquatrovirus,Unaquatrovirus uv1A4,,dsDNA
                  Ithacavirus,2169643,,,,0.05,,,,,,,0.06,,98360.0,Salmonella enterica subsp. enterica serovar Dublin,Duplodnaviria,Heunggongvirae,Uroviricota,Caudoviricetes,Caudoviricetes incertae sedis,Schitoviridae,Humphriesvirinae,Ithacavirus,dsDNA
                Sopolycivirus,2169646,,0.29,,0.04,,,,,,,,,111072.0,Lasius neglectus,Riboviria,Orthornavirae,Pisuviricota,Pisoniviricetes,Picornavirales,Polycipiviridae,Sopolycivirus,Sopolycivirus lasii,
                Husavirus,2219049,,,,,0.05,,,,,,,,9606.0,Homo sapiens,Riboviria,Orthornavirae,Pisuviricota,Pisoniviricetes,Picornavirales,unclassified Picornavirales,Husavirus,unclassified Husavirus,
                    Mobatvirus,2501367,,,,0.06,,,,,,,,,,,,,,,,,,,
              Bingvirus,2560103,,,,,,,,,,,0.05,,1916.0,Streptomyces lividans,Duplodnaviria,Heunggongvirae,Uroviricota,Caudoviricetes,Caudoviricetes incertae sedis,Bingvirus,Bingvirus bing,,dsDNA
              Bjornvirus,2560104,,0.09,,,,,,,,,,,306.0,Pseudomonas sp.,Duplodnaviria,Heunggongvirae,Uroviricota,Caudoviricetes,Caudoviricetes incertae sedis,Bjornvirus,Bjornvirus bjorn,,dsDNA
                  Coguvirus,2560118,0.34,,,,,,,,,,,,93385.0,Brassica rapa subsp. chinensis,Riboviria,Orthornavirae,Negarnaviricota,Polyploviricotina,Bunyaviricetes,Hareavirales,Phenuiviridae,Coguvirus,-ssRNA
              Eneladusvirus,2560128,,,,,,,,,,0.12,,,552.0,Erwinia amylovora,Duplodnaviria,Heunggongvirae,Uroviricota,Caudoviricetes,Caudoviricetes incertae sedis,Eneladusvirus,Eneladusvirus BF,,dsDNA
              Fipvunavirus,2560132,,,,0.09,0.04,,,,,,,,96345.0,Flavobacterium psychrophilum,Duplodnaviria,Heunggongvirae,Uroviricota,Caudoviricetes,Caudoviricetes incertae sedis,Fipvunavirus,unclassified Fipvunavirus,,dsDNA
              Gustavvirus,2560144,0.64,,,,,,,,,,,,2055.0,Gordonia terrae,Duplodnaviria,Heunggongvirae,Uroviricota,Caudoviricetes,Caudoviricetes incertae sedis,Gustavvirus,Gustavvirus gustav,,dsDNA
              Krylovvirus,2560162,,0.16,,,,,,,,,,,303.0,Pseudomonas putida,Duplodnaviria,Heunggongvirae,Uroviricota,Caudoviricetes,Caudoviricetes incertae sedis,Krylovvirus,Krylovvirus tf,,dsDNA
                Locarnavirus,2560169,,,,0.04,0.03,,,0.37,0.2,,0.07,,1.0,root,Riboviria,Orthornavirae,Pisuviricota,Pisoniviricetes,Picornavirales,Marnaviridae,Locarnavirus,Locarnavirus jerichoensis,
                  Phimunavirus,2560202,,,,0.06,,,,,,,,,29471.0,Pectobacterium atrosepticum,Duplodnaviria,Heunggongvirae,Uroviricota,Caudoviricetes,Autographivirales,Autoscriptoviridae,Corkvirinae,Phimunavirus,dsDNA
              Plaisancevirus,2560204,,,,,,,,1.41,,,,,303.0,Pseudomonas putida,Duplodnaviria,Heunggongvirae,Uroviricota,Caudoviricetes,Caudoviricetes incertae sedis,Plaisancevirus,Plaisancevirus PMW,,dsDNA
                Pollyceevirus,2560206,2.55,,,,,,,,,,,,223283.0,Pseudomonas syringae pv. tomato str. DC3000,Duplodnaviria,Heunggongvirae,Uroviricota,Caudoviricetes,Autographivirales,Autonotataviridae,Pollyceevirus,Pollyceevirus Eisa9,dsDNA
              Polybotosvirus,2560207,,,,,,,,,,0.1,0.15,,358.0,Agrobacterium tumefaciens,Duplodnaviria,Heunggongvirae,Uroviricota,Caudoviricetes,Caudoviricetes incertae sedis,Polybotosvirus,Polybotosvirus Atuph07,,dsDNA
              Popoffvirus,2560208,0.88,0.1,,0.04,0.05,0.95,,,0.7,0.42,0.35,0.5,645.0,Aeromonas salmonicida,Duplodnaviria,Heunggongvirae,Uroviricota,Caudoviricetes,Caudoviricetes incertae sedis,Popoffvirus,Popoffvirus pv56,,dsDNA
              Rimavirus,2560214,,,,,,,,,,,0.08,,1911.0,Streptomyces griseus,Duplodnaviria,Heunggongvirae,Uroviricota,Caudoviricetes,Caudoviricetes incertae sedis,Rimavirus,Rimavirus rima,,dsDNA
                Sanovirus,2560222,,,,,0.04,,,,,0.1,0.05,,40324.0,Stenotrophomonas maltophilia,Duplodnaviria,Heunggongvirae,Uroviricota,Caudoviricetes,Caudoviricetes incertae sedis,Casjensviridae,Sanovirus,unclassified Sanovirus,dsDNA
                Sugarlandvirus,2560233,,,,0.04,,,,,,,,,573.0,Klebsiella pneumoniae,Duplodnaviria,Heunggongvirae,Uroviricota,Caudoviricetes,Caudoviricetes incertae sedis,Demerecviridae,Sugarlandvirus,Sugarlandvirus AmPhEK80,dsDNA
                Tulanevirus,2560244,,,,,,,,,,,0.06,,645.0,Aeromonas salmonicida,Duplodnaviria,Heunggongvirae,Uroviricota,Caudoviricetes,Pantevenvirales,Straboviridae,Tulanevirus,Tulanevirus bteighttwo,dsDNA
              Vicosavirus,2560248,,0.63,,,,,,,,,,,564423.0,Pseudomonas tolaasii NCPPB 2192,Duplodnaviria,Heunggongvirae,Uroviricota,Caudoviricetes,Caudoviricetes incertae sedis,Vicosavirus,Vicosavirus NV1,,dsDNA
              Vieuvirus,2560250,,,,0.07,,,,,,,,,470.0,Acinetobacter baumannii,Duplodnaviria,Heunggongvirae,Uroviricota,Caudoviricetes,Caudoviricetes incertae sedis,Vieuvirus,unclassified Vieuvirus,,dsDNA
                  Pettyvirus,2731671,,,,,,,26.25,1.13,,,0.14,,,,,,,,,,,,
                  Daemvirus,2731672,,,,,,,5.02,0.49,,,0.1,,40214.0,Acinetobacter johnsonii,Duplodnaviria,Heunggongvirae,Uroviricota,Caudoviricetes,Autographivirales,Autoscriptoviridae,Beijerinckvirinae,Daemvirus,dsDNA
                  Bonnellvirus,2731932,,,,,,,5.22,,,,,,28141.0,Cronobacter sakazakii,Duplodnaviria,Heunggongvirae,Uroviricota,Caudoviricetes,Autographivirales,Autoscriptoviridae,Stentvirinae,Bonnellvirus,dsDNA
                Gajwadongvirus,2731941,,,,,,,,,,,0.07,,562.0,Escherichia coli,Duplodnaviria,Heunggongvirae,Uroviricota,Caudoviricetes,Autographivirales,Autographivirales incertae sedis,Gajwadongvirus,Gajwadongvirus ECBP5,dsDNA
                  Loudonvirus,2732063,,,,,,,,,,,0.06,,,,,,,,,,,,
                  Andhravirus,2732589,1.6,,,,,,,,,,,,176279.0,Staphylococcus epidermidis RP62A,Duplodnaviria,Heunggongvirae,Uroviricota,Caudoviricetes,Caudoviricetes incertae sedis,Rountreeviridae,Rakietenvirinae,Andhravirus,dsDNA
                  Kayfunavirus,2732686,,,,0.04,0.03,,,,,0.36,0.22,0.54,1.0,root,Duplodnaviria,Heunggongvirae,Uroviricota,Caudoviricetes,Autographivirales,Autotranscriptaviridae,Studiervirinae,Kayfunavirus,dsDNA
                  Pijolavirus,2732692,0.26,,,,,,,,,,,,,,,,,,,,,,
                Tunggulvirus,2732909,22.13,4.04,15.08,,,,,1.06,,,,,287.0,Pseudomonas aeruginosa,Duplodnaviria,Heunggongvirae,Uroviricota,Caudoviricetes,Autographivirales,Autoscriptoviridae,Tunggulvirus,Tunggulvirus f2,dsDNA
                  Kotilavirus,2732921,,,,,,,2.57,,,,,,554.0,Pectobacterium carotovorum,Duplodnaviria,Heunggongvirae,Uroviricota,Caudoviricetes,Autographivirales,Autoscriptoviridae,Corkvirinae,Kotilavirus,dsDNA
                  Stompvirus,2732922,,,,,,,,,,,0.06,,1778540.0,Dickeya fangzhongdai,Duplodnaviria,Heunggongvirae,Uroviricota,Caudoviricetes,Autographivirales,Autoscriptoviridae,Corkvirinae,Stompvirus,dsDNA
                  Kirikabuvirus,2732923,0.63,9.65,,,,,,,,,,,46677.0,Pseudomonas agarici,Duplodnaviria,Heunggongvirae,Uroviricota,Caudoviricetes,Autographivirales,Autoscriptoviridae,Krylovirinae,Kirikabuvirus,dsDNA
                Stubburvirus,2732924,,0.07,,,,,,,,,,,208964.0,Pseudomonas aeruginosa PAO1,Duplodnaviria,Heunggongvirae,Uroviricota,Caudoviricetes,Autographivirales,Autoscriptoviridae,Stubburvirus,Stubburvirus LKA1,dsDNA
                  Vectrevirus,2732928,,,,,,,,,,,0.06,,562.0,Escherichia coli,Duplodnaviria,Heunggongvirae,Uroviricota,Caudoviricetes,Autographivirales,Autosignataviridae,Molineuxvirinae,Vectrevirus,dsDNA
                  Koutsourovirus,2732938,0.31,0.07,0.3,0.07,0.1,,,,0.4,0.43,0.34,0.2,550.0,Enterobacter cloacae,Duplodnaviria,Heunggongvirae,Uroviricota,Caudoviricetes,Autographivirales,Autoscriptoviridae,Slopekvirinae,Koutsourovirus,dsDNA
                  Carltongylesvirus,2732960,,,,0.05,,,,0.49,0.19,0.22,0.25,0.31,511145.0,Escherichia coli str. K-12 substr. MG1655,Duplodnaviria,Heunggongvirae,Uroviricota,Caudoviricetes,Caudoviricetes incertae sedis,Chaseviridae,Cleopatravirinae,Carltongylesvirus,dsDNA
              Phapecoctavirus,2733124,,,,,,,3.48,,,,,,472.0,Acinetobacter sp.,Duplodnaviria,Heunggongvirae,Uroviricota,Caudoviricetes,Caudoviricetes incertae sedis,Phapecoctavirus,unclassified Phapecoctavirus,,dsDNA
              Toutatisvirus,2733138,,,,,,,,,,,0.11,0.18,853.0,Faecalibacterium prausnitzii,Duplodnaviria,Heunggongvirae,Uroviricota,Caudoviricetes,Caudoviricetes incertae sedis,Toutatisvirus,Toutatisvirus toutatis,,dsDNA
                Shizishanvirus,2733148,,0.1,,,,,,22.61,,,,,294.0,Pseudomonas fluorescens,Duplodnaviria,Heunggongvirae,Uroviricota,Caudoviricetes,Caudoviricetes incertae sedis,Schitoviridae,Shizishanvirus,Shizishanvirus phCDa,dsDNA
              Xuquatrovirus,2733151,,,,,0.03,,,,,,,,562.0,Escherichia coli,Duplodnaviria,Heunggongvirae,Uroviricota,Caudoviricetes,Caudoviricetes incertae sedis,Xuquatrovirus,unclassified Xuquatrovirus,,dsDNA
              Krampusvirus,2733184,,,,,,,,,,,0.05,0.15,104336.0,Microbacterium foliorum,Duplodnaviria,Heunggongvirae,Uroviricota,Caudoviricetes,Caudoviricetes incertae sedis,Krampusvirus,unclassified Krampusvirus,,dsDNA
              Lanavirus,2733185,0.52,,,,,,,,,,,,306.0,Pseudomonas sp.,Duplodnaviria,Heunggongvirae,Uroviricota,Caudoviricetes,Caudoviricetes incertae sedis,Lanavirus,Lanavirus lana,,dsDNA
              Maxrubnervirus,2733193,3.31,0.16,,,,,,,,,,,129847.0,Pseudomonas grimontii,Duplodnaviria,Heunggongvirae,Uroviricota,Caudoviricetes,Caudoviricetes incertae sedis,Maxrubnervirus,Maxrubnervirus PMBT3,,dsDNA
                Metamorphoovirus,2733195,,,,,,,,,,,0.08,,199592.0,Microbacterium paraoxydans,Duplodnaviria,Heunggongvirae,Uroviricota,Caudoviricetes,Caudoviricetes incertae sedis,Hodgkinviridae,Metamorphoovirus,Metamorphoovirus ariadne,dsDNA
                  Blattambidensovirus,2733224,,0.08,,,,,,,,0.1,0.09,,9433.0,Miniopterus schreibersii,Monodnaviria,Shotokuvirae,Cossaviricota,Quintoviricetes,Piccovirales,Parvoviridae,Densovirinae,Blattambidensovirus,
                Alehxovirus,2842364,,,,0.07,,,,,,,,,1.0,root,Riboviria,Orthornavirae,Lenarviricota,Leviviricetes,Timlovirales,Steitzviridae,Alehxovirus,Alehxovirus humivicinum,+ssRNA
              Akonivirus,2842540,0.53,0.24,0.36,0.07,0.13,,,,0.2,0.27,0.18,0.29,104336.0,Microbacterium foliorum,Duplodnaviria,Heunggongvirae,Uroviricota,Caudoviricetes,Caudoviricetes incertae sedis,Akonivirus,Akonivirus akoni,,dsDNA
                Cbunavirus,2842586,,0.24,,,,,,,,,,,562.0,Escherichia coli,Duplodnaviria,Heunggongvirae,Uroviricota,Caudoviricetes,Caudoviricetes incertae sedis,Schitoviridae,Cbunavirus,unclassified Cbunavirus,dsDNA
                  Ceceduovirus,2842588,,0.21,,,,,,,,,,,644.0,Aeromonas hydrophila,Duplodnaviria,Heunggongvirae,Uroviricota,Caudoviricetes,Pantevenvirales,Straboviridae,Emmerichvirinae,Ceceduovirus,dsDNA
                Cehakivirus,2842589,,,,0.06,0.05,,,0.34,0.13,0.14,0.2,,1.0,root,Riboviria,Orthornavirae,Lenarviricota,Leviviricetes,Norzivirales,Fiersviridae,Cehakivirus,Cehakivirus limihabitans,+ssRNA
                Dendoorenvirus,2842641,,,,,,,,,,,0.05,,180282.0,Delftia tsuruhatensis,Duplodnaviria,Heunggongvirae,Uroviricota,Caudoviricetes,Caudoviricetes incertae sedis,Schitoviridae,Dendoorenvirus,Dendoorenvirus RG2014,dsDNA
                  Dongdastvirus,2842653,,0.09,,0.05,0.04,,,,0.15,,0.07,,,,,,,,,,,,
                Emesvirus,2842664,,,,0.08,,,,,,,,,331112.0,Escherichia coli HS,Riboviria,Orthornavirae,Lenarviricota,Leviviricetes,Norzivirales,Fiersviridae,Emesvirus,,+ssRNA
                Gihfavirus,2842702,0.81,0.54,,0.37,,,5.8,2.73,0.16,,,0.32,1.0,root,Riboviria,Orthornavirae,Lenarviricota,Leviviricetes,Timlovirales,Steitzviridae,Gihfavirus,Gihfavirus chorovivens,+ssRNA
                Gmuhndevirus,2842706,,,,,,,0.15,0.83,0.3,,,,1.0,root,Riboviria,Orthornavirae,Lenarviricota,Leviviricetes,Norzivirales,Fiersviridae,Gmuhndevirus,Gmuhndevirus pelovivens,+ssRNA
                Hohrdovirus,2842736,,,,0.26,,,,,0.36,0.18,0.31,0.21,1.0,root,Riboviria,Orthornavirae,Lenarviricota,Leviviricetes,Timlovirales,Steitzviridae,Hohrdovirus,Hohrdovirus edaphohabitans,+ssRNA
                Ishugivirus,2842767,,0.1,,0.09,0.04,,,,,0.1,0.05,,1.0,root,Riboviria,Orthornavirae,Lenarviricota,Leviviricetes,Norzivirales,Fiersviridae,Ishugivirus,Ishugivirus pelohabitans,+ssRNA
                Ivolevirus,2842770,,,,,,,,,,,0.07,,1.0,root,Riboviria,Orthornavirae,Lenarviricota,Leviviricetes,Timlovirales,Blumeviridae,Ivolevirus,Ivolevirus faecicola,+ssRNA
                  Kaypoctavirus,2842786,,,,,,,,,,,0.06,,573.0,Klebsiella pneumoniae,Duplodnaviria,Heunggongvirae,Uroviricota,Caudoviricetes,Caudoviricetes incertae sedis,Schitoviridae,Enquatrovirinae,Kaypoctavirus,dsDNA
                Kemicevirus,2842792,,,,0.05,0.04,,,,,,0.11,,1.0,root,Riboviria,Orthornavirae,Lenarviricota,Leviviricetes,Norzivirales,Fiersviridae,Kemicevirus,Kemicevirus caenicola,+ssRNA
              Kenoshavirus,2842796,1.03,,,0.1,0.09,,,,0.17,0.19,0.12,0.34,36822.0,Gordonia rubripertincta,Duplodnaviria,Heunggongvirae,Uroviricota,Caudoviricetes,Caudoviricetes incertae sedis,Kenoshavirus,unclassified Kenoshavirus,,dsDNA
                Kinglevirus,2842802,1.81,7.72,5.65,2.44,0.55,2.78,12.66,5.37,35.49,0.2,0.09,0.72,1.0,root,Riboviria,Orthornavirae,Lenarviricota,Leviviricetes,Timlovirales,Steitzviridae,Kinglevirus,Kinglevirus lutadaptatum,+ssRNA
                Kowinovirus,2842810,,,,,,,,,,,0.06,,1.0,root,Riboviria,Orthornavirae,Lenarviricota,Leviviricetes,Norzivirales,Fiersviridae,Kowinovirus,Kowinovirus pelenecus,+ssRNA
                Mahraivirus,2842846,,,,,,,,0.37,0.15,,,,1.0,root,Riboviria,Orthornavirae,Lenarviricota,Leviviricetes,Norzivirales,Fiersviridae,Mahraivirus,Mahraivirus limivicinum,+ssRNA
                Mekintivirus,2842861,,,,0.15,,,,,,,,,1.0,root,Riboviria,Orthornavirae,Lenarviricota,Leviviricetes,Norzivirales,Fiersviridae,Mekintivirus,Mekintivirus lutihabitans,+ssRNA
                Mooreparkvirus,2842881,,,,,0.04,,,,,,,,1578.0,Lactobacillus,Duplodnaviria,Heunggongvirae,Uroviricota,Caudoviricetes,Caudoviricetes incertae sedis,Herelleviridae,Mooreparkvirus,Mooreparkvirus Lb3381,dsDNA
              Mydovirus,2842888,,,,,,,,,,,0.06,,562.0,Escherichia coli,Duplodnaviria,Heunggongvirae,Uroviricota,Caudoviricetes,Caudoviricetes incertae sedis,Mydovirus,unclassified Mydovirus,,dsDNA
                Paundecimvirus,2842942,,0.95,,,,,,,,,,,287.0,Pseudomonas aeruginosa,Duplodnaviria,Heunggongvirae,Uroviricota,Caudoviricetes,Caudoviricetes incertae sedis,Zobellviridae,Paundecimvirus,unclassified Paundecimvirus,dsDNA
                Paysduvirus,2842943,,0.08,,0.07,0.05,,0.88,1.69,3.03,0.28,0.66,0.29,1.0,root,Riboviria,Orthornavirae,Lenarviricota,Leviviricetes,Norzivirales,Fiersviridae,Paysduvirus,Paysduvirus asiocola,+ssRNA
                Pokkenvirus,2842972,,,,,0.03,,,,,0.12,0.05,,40324.0,Stenotrophomonas maltophilia,Duplodnaviria,Heunggongvirae,Uroviricota,Caudoviricetes,Caudoviricetes incertae sedis,Schitoviridae,Pokkenvirus,Pokkenvirus paxi,dsDNA
                  Pollockvirus,2842973,,,,,,,,,1.22,,,,562.0,Escherichia coli,Duplodnaviria,Heunggongvirae,Uroviricota,Caudoviricetes,Caudoviricetes incertae sedis,Schitoviridae,Humphriesvirinae,Pollockvirus,dsDNA
              Secretariatvirus,2843027,,,,,,,,,,,0.05,,36822.0,Gordonia rubripertincta,Duplodnaviria,Heunggongvirae,Uroviricota,Caudoviricetes,Caudoviricetes incertae sedis,Secretariatvirus,Secretariatvirus secretariat,,dsDNA
                Sholavirus,2843039,,,,,,,,,0.16,0.1,0.1,,1.0,root,Riboviria,Orthornavirae,Lenarviricota,Leviviricetes,Norzivirales,Fiersviridae,Sholavirus,unclassified Sholavirus,+ssRNA
                  Siovirus,2843048,,0.13,,,,,,,,,,,1397108.0,Celeribacter marinus,Duplodnaviria,Heunggongvirae,Uroviricota,Caudoviricetes,Caudoviricetes incertae sedis,Zobellviridae,Cobavirinae,Siovirus,dsDNA
              Tanisvirus,2843069,,,,,,,,,,,0.12,,36822.0,Gordonia rubripertincta,Duplodnaviria,Heunggongvirae,Uroviricota,Caudoviricetes,Caudoviricetes incertae sedis,Tanisvirus,unclassified Tanisvirus,,dsDNA
              Tinytimothyvirus,2843096,0.44,0.14,,,0.08,,,,0.16,0.13,0.15,0.2,104336.0,Microbacterium foliorum,Duplodnaviria,Heunggongvirae,Uroviricota,Caudoviricetes,Caudoviricetes incertae sedis,Tinytimothyvirus,Tinytimothyvirus alex44,,dsDNA
                Zurivirus,2843162,,0.12,,,,,,,,,,,303.0,Pseudomonas putida,Duplodnaviria,Heunggongvirae,Uroviricota,Caudoviricetes,Caudoviricetes incertae sedis,Schitoviridae,Zurivirus,Zurivirus zuri,dsDNA
              Astrithrvirus,2843350,,,,0.04,,,,,,0.12,0.16,,469.0,Acinetobacter,Duplodnaviria,Heunggongvirae,Uroviricota,Caudoviricetes,Caudoviricetes incertae sedis,Astrithrvirus,unclassified Astrithrvirus,,dsDNA
              Audreyjarvisvirus,2843351,,,,0.06,0.05,,,,,,0.14,,1358.0,Lactococcus lactis,Duplodnaviria,Heunggongvirae,Uroviricota,Caudoviricetes,Caudoviricetes incertae sedis,Audreyjarvisvirus,Audreyjarvisvirus av949,,dsDNA
              Burrovirus,2843362,1.41,0.77,0.48,0.29,0.75,1.68,0.39,1.35,1.77,0.98,1.25,2.0,104336.0,Microbacterium foliorum,Duplodnaviria,Heunggongvirae,Uroviricota,Caudoviricetes,Caudoviricetes incertae sedis,Burrovirus,Burrovirus araxxi,,dsDNA
              Fremauxvirus,2843383,,,,,,,,,,,0.1,,1358.0,Lactococcus lactis,Duplodnaviria,Heunggongvirae,Uroviricota,Caudoviricetes,Caudoviricetes incertae sedis,Fremauxvirus,Fremauxvirus fv1706,,dsDNA
              Klausavirus,2843401,,,,,,0.55,0.46,0.92,0.34,,,,1667.0,Arthrobacter sp.,Duplodnaviria,Heunggongvirae,Uroviricota,Caudoviricetes,Caudoviricetes incertae sedis,Klausavirus,Klausavirus princesstrina,,dsDNA
              Lillamyvirus,2843418,,0.24,,0.11,0.03,,,,0.43,,,,2654243.0,Flavobacterium sp. LMO6,Duplodnaviria,Heunggongvirae,Uroviricota,Caudoviricetes,Caudoviricetes incertae sedis,Lillamyvirus,Lillamyvirus hemulen,,dsDNA
              Muldoonvirus,2843425,0.18,,,,0.04,,,,,,,,413497.0,Cronobacter dublinensis,Duplodnaviria,Heunggongvirae,Uroviricota,Caudoviricetes,Caudoviricetes incertae sedis,Muldoonvirus,unclassified Muldoonvirus,,dsDNA
              Muminvirus,2843426,,,,0.15,0.19,,,,0.62,,,,2654245.0,Flavobacterium sp. LMO9,Duplodnaviria,Heunggongvirae,Uroviricota,Caudoviricetes,Caudoviricetes incertae sedis,Muminvirus,Muminvirus filifjonk,,dsDNA
              Nevevirus,2843430,,,,,,,,,,,0.06,,1358.0,Lactococcus lactis,Duplodnaviria,Heunggongvirae,Uroviricota,Caudoviricetes,Caudoviricetes incertae sedis,Nevevirus,Nevevirus P078,,dsDNA
              Parlovirus,2843433,,,,,,,,,,,0.05,,615.0,Serratia marcescens,Duplodnaviria,Heunggongvirae,Uroviricota,Caudoviricetes,Caudoviricetes incertae sedis,Parlovirus,Parlovirus parlo,,dsDNA
              Plateaulakevirus,2843436,,,,0.09,0.09,,,,0.7,0.32,0.21,0.4,196023.0,Aeromonas hydrophila subsp. hydrophila,Duplodnaviria,Heunggongvirae,Uroviricota,Caudoviricetes,Caudoviricetes incertae sedis,Plateaulakevirus,Plateaulakevirus pv2L372D,,dsDNA
              Predatorvirus,2843439,0.48,,,,0.03,,,,,,,,1763.0,Mycobacterium,Duplodnaviria,Heunggongvirae,Uroviricota,Caudoviricetes,Caudoviricetes incertae sedis,Predatorvirus,Predatorvirus predator,,dsDNA
                  Akihdevirus,2942978,0.28,,,,,,,,,,,,76594.0,Cellulophaga baltica,Duplodnaviria,Heunggongvirae,Uroviricota,Caudoviricetes,Crassvirales,Steigviridae,Asinivirinae,Akihdevirus,dsDNA
                  Kahnovirus,2942979,0.16,0.16,,0.26,0.22,0.45,0.26,,0.4,0.82,0.38,0.57,,,,,,,,,,,
                  Kehishuvirus,2942980,0.21,0.09,,0.45,0.14,,0.23,0.31,0.47,1.78,0.75,0.36,329854.0,Bacteroides intestinalis,Duplodnaviria,Heunggongvirae,Uroviricota,Caudoviricetes,Crassvirales,Steigviridae,Asinivirinae,Kehishuvirus,dsDNA
                  Paundivirus,2942981,,,,0.06,0.06,,,,,0.35,0.15,,1.0,root,Duplodnaviria,Heunggongvirae,Uroviricota,Caudoviricetes,Crassvirales,Steigviridae,Asinivirinae,Paundivirus,dsDNA
                  Afonbuvirus,2942989,0.6,0.45,0.45,0.63,0.61,1.79,0.46,1.04,0.82,1.17,0.63,0.83,1.0,root,Duplodnaviria,Heunggongvirae,Uroviricota,Caudoviricetes,Crassvirales,Suoliviridae,Bearivirinae,Afonbuvirus,dsDNA
                  Canhaevirus,2942990,0.37,0.16,0.41,0.2,0.29,0.79,0.21,0.37,0.47,0.35,0.32,0.4,1.0,root,Duplodnaviria,Heunggongvirae,Uroviricota,Caudoviricetes,Crassvirales,Suoliviridae,Boorivirinae,Canhaevirus,dsDNA
                  Cohcovirus,2942991,0.44,0.29,0.4,0.33,0.4,0.93,0.24,,0.64,0.74,0.38,0.38,,,,,,,,,,,
                  Culoivirus,2942992,,0.1,,0.13,0.13,0.34,,,,0.2,0.18,,818.0,Bacteroides thetaiotaomicron,Duplodnaviria,Heunggongvirae,Uroviricota,Caudoviricetes,Crassvirales,Suoliviridae,Boorivirinae,Culoivirus,dsDNA
                  Blohavirus,2942993,0.53,0.28,,0.46,0.46,0.74,0.32,0.47,0.53,0.84,0.46,0.6,,,,,,,,,,,
                  Buchavirus,2942994,1.05,0.26,,0.32,0.34,0.69,0.22,0.52,0.46,0.69,0.46,0.52,1.0,root,Duplodnaviria,Heunggongvirae,Uroviricota,Caudoviricetes,Crassvirales,Suoliviridae,Loutivirinae,Buchavirus,dsDNA
                Salvovirus,2943016,0.29,0.29,0.48,0.21,0.42,1.07,0.22,0.77,0.7,0.52,0.54,1.09,33013.0,Clavibacter michiganensis subsp. michiganensis,Duplodnaviria,Heunggongvirae,Uroviricota,Caudoviricetes,Caudoviricetes incertae sedis,Casjensviridae,Salvovirus,unclassified Salvovirus,dsDNA
                Sharonstreetvirus,2943019,,,,0.04,,,,,,,,,644.0,Aeromonas hydrophila,Duplodnaviria,Heunggongvirae,Uroviricota,Caudoviricetes,Caudoviricetes incertae sedis,Casjensviridae,Sharonstreetvirus,unclassified Sharonstreetvirus,dsDNA
                  Aurodevirus,2946811,0.37,0.44,0.51,0.68,0.71,1.54,0.6,0.75,0.87,1.27,0.79,1.11,1.0,root,Duplodnaviria,Heunggongvirae,Uroviricota,Caudoviricetes,Crassvirales,Suoliviridae,Uncouvirinae,Aurodevirus,dsDNA
                  Besingivirus,2946821,,,,,0.03,,,,0.21,,0.07,,,,,,,,,,,,
                  Birpovirus,2946830,0.27,0.19,,0.27,0.29,0.89,0.23,0.44,0.51,0.53,0.36,0.44,,,,,,,,,,,
                  Bohxovirus,2946832,,,,,,,,,0.15,0.2,,,,,Duplodnaviria,Heunggongvirae,Uroviricota,Caudoviricetes,Crassvirales,Suoliviridae,Oafivirinae,Bohxovirus,dsDNA
                  Buhlduvirus,2948643,,,,,,,,,,0.11,0.05,,,,,,,,,,,,
                  Buorbuivirus,2948644,,0.11,,0.13,0.12,,,,0.14,0.38,0.17,0.38,,,,,,,,,,,
                  Burzaovirus,2948645,3.51,2.88,3.69,6.03,7.13,12.37,4.4,8.04,6.48,11.02,5.76,8.89,1.0,root,Duplodnaviria,Heunggongvirae,Uroviricota,Caudoviricetes,Crassvirales,Suoliviridae,Oafivirinae,Burzaovirus,dsDNA
                  Cacepaovirus,2948646,,,,,,,,,0.54,0.19,0.07,,,,,,,,,,,,
                  Carjivirus,2948652,0.97,1.15,0.99,1.42,1.98,3.92,1.88,2.55,2.84,3.9,2.23,3.73,1869227.0,bacterium,Duplodnaviria,Heunggongvirae,Uroviricota,Caudoviricetes,Crassvirales,Intestiviridae,Crudevirinae,Carjivirus,dsDNA
                Chrysonvirus,2948662,,0.13,,,,,,,,,,,644.0,Aeromonas hydrophila,Duplodnaviria,Heunggongvirae,Uroviricota,Caudoviricetes,Pantevenvirales,Straboviridae,Chrysonvirus,unclassified Chrysonvirus,dsDNA
                  Chuhaivirus,2948663,,,,0.04,,,,,0.42,0.29,0.05,,,,,,,,,,,,
                  Dabirmavirus,2948671,,0.08,,0.09,0.21,,,,0.17,0.29,0.19,0.32,,,,,,,,,,,
                  Diorhovirus,2948680,0.18,0.15,0.33,0.19,0.19,0.55,0.2,,0.42,0.53,0.28,0.52,,,,,,,,,,,
                  Drivevirus,2948684,,,,0.04,0.05,,,,,0.13,0.09,,,,,,,,,,,,
                  Delmidovirus,2948688,,,,0.08,0.1,,,,0.16,0.2,0.12,0.23,818.0,Bacteroides thetaiotaomicron,Duplodnaviria,Heunggongvirae,Uroviricota,Caudoviricetes,Crassvirales,Intestiviridae,Crudevirinae,Delmidovirus,dsDNA
                Efbeekayvirus,2948690,,0.11,,0.04,,,,,,,,,558.0,Erwinia sp.,Duplodnaviria,Heunggongvirae,Uroviricota,Caudoviricetes,Caudoviricetes incertae sedis,Schitoviridae,Efbeekayvirus,unclassified Efbeekayvirus,dsDNA
                  Endlipuvirus,2948697,,,,0.1,0.11,,,,0.2,0.16,0.11,0.17,,,,,,,,,,,
                Exceevirus,2948704,,,,0.08,0.05,,0.29,0.34,0.54,0.13,0.16,,470.0,Acinetobacter baumannii,Duplodnaviria,Heunggongvirae,Uroviricota,Caudoviricetes,Caudoviricetes incertae sedis,Schitoviridae,Exceevirus,Exceevirus Xc38,dsDNA
                  Fohxhuevirus,2948709,0.16,0.16,0.3,0.23,0.38,0.62,0.31,0.43,0.53,0.57,0.41,0.64,,,,,,,,,,,
                Galenevirus,2948714,,,,,,,,,0.42,,,,1129.0,Synechococcus,Duplodnaviria,Heunggongvirae,Uroviricota,Caudoviricetes,Pantevenvirales,Kyanoviridae,Galenevirus,Galenevirus mbcm1,dsDNA
              Harrisonburgvirus,2948755,0.61,,,,,,,,,,,,287.0,Pseudomonas aeruginosa,Duplodnaviria,Heunggongvirae,Uroviricota,Caudoviricetes,Caudoviricetes incertae sedis,Harrisonburgvirus,Harrisonburgvirus persinger,,dsDNA
                  Jahgtovirus,2948767,0.6,0.6,0.45,0.88,1.06,1.96,0.95,1.17,1.36,2.11,1.14,1.64,371601.0,Bacteroides xylanisolvens,Duplodnaviria,Heunggongvirae,Uroviricota,Caudoviricetes,Crassvirales,Intestiviridae,Churivirinae,Jahgtovirus,dsDNA
                  Junduvirus,2948774,,,,12.66,0.13,,,,,0.13,0.1,0.17,818.0,Bacteroides thetaiotaomicron,Duplodnaviria,Heunggongvirae,Uroviricota,Caudoviricetes,Crassvirales,Crevaviridae,Coarsevirinae,Junduvirus,dsDNA
                  Kahucivirus,2948778,,,,0.04,0.04,,,,,,,,1.0,root,Duplodnaviria,Heunggongvirae,Uroviricota,Caudoviricetes,Crassvirales,Crevaviridae,Doltivirinae,Kahucivirus,dsDNA
                  Kingevirus,2948785,0.34,0.6,0.45,0.62,1.0,1.89,0.74,0.83,1.2,1.5,1.11,1.51,818.0,Bacteroides thetaiotaomicron,Duplodnaviria,Heunggongvirae,Uroviricota,Caudoviricetes,Crassvirales,Crevaviridae,Doltivirinae,Kingevirus,dsDNA
                  Kolpuevirus,2948787,,0.14,,0.2,0.11,,,,0.45,0.67,0.32,0.3,818.0,Bacteroides thetaiotaomicron,Duplodnaviria,Heunggongvirae,Uroviricota,Caudoviricetes,Crassvirales,Steigviridae,Asinivirinae,Kolpuevirus,dsDNA
              Kunmingvirus,2948791,0.5,,,,0.04,,,,0.5,0.43,0.18,0.34,948519.0,Aeromonas rivipollensis,Duplodnaviria,Heunggongvirae,Uroviricota,Caudoviricetes,Caudoviricetes incertae sedis,Kunmingvirus,Kunmingvirus kv2D05,,dsDNA
                  Lebriduvirus,2948797,,,,0.04,,,,,,0.13,,,,,,,,,,,,,
                  Mahlunavirus,2948812,,0.09,,0.07,0.09,,,,,0.24,0.12,,,,,,,,,,,,
              Omarvirus,2948847,0.78,,,,,,,,,,,,67384.0,Streptomyces xanthochromogenes,Duplodnaviria,Heunggongvirae,Uroviricota,Caudoviricetes,Caudoviricetes incertae sedis,Omarvirus,Omarvirus amethyst,,dsDNA
                  Pamirivirus,2948854,,,,0.08,0.11,,,,,0.29,0.23,,,,,,,,,,,,
                Pariacacavirus,2948856,,,,,,,,,0.33,,,,553239.0,Vibrio breoganii,Duplodnaviria,Heunggongvirae,Uroviricota,Caudoviricetes,Caudoviricetes incertae sedis,Schitoviridae,Pariacacavirus,Pariacacavirus 1238A,dsDNA
                  Citricivirus,3044688,0.31,,,0.11,,,,,,,,,223852.0,Aphis citricidus,Riboviria,Orthornavirae,Negarnaviricota,Polyploviricotina,Bunyaviricetes,Hareavirales,Phenuiviridae,Citricivirus,-ssRNA
              Hiroshimavirus,3044731,1.29,,,,,,,,,,,,70775.0,Pseudomonas plecoglossicida,Duplodnaviria,Heunggongvirae,Uroviricota,Caudoviricetes,Caudoviricetes incertae sedis,Hiroshimavirus,Hiroshimavirus PPpW3,,dsDNA
                Kratosvirus,3044747,,,,0.07,,,,,,,,,44056.0,Aureococcus anophagefferens,Varidnaviria,Bamfordvirae,Nucleocytoviricota,Megaviricetes,Imitervirales,Schizomimiviridae,Kratosvirus,Kratosvirus quantuckense,
              Mohonavirus,3044767,,,,,,,,,0.4,,,,666.0,Vibrio cholerae,Duplodnaviria,Heunggongvirae,Uroviricota,Caudoviricetes,Caudoviricetes incertae sedis,Mohonavirus,Mohonavirus ICP1,,dsDNA
                Phabiovirus,3044790,,0.41,,,,,,,,,,,294.0,Pseudomonas fluorescens,Duplodnaviria,Heunggongvirae,Uroviricota,Caudoviricetes,Caudoviricetes incertae sedis,Chimalliviridae,Phabiovirus,Phabiovirus phabio,dsDNA
              Purivirus,3044798,3.05,2.54,33.82,,,,0.36,1.13,,,,,294.0,Pseudomonas fluorescens,Duplodnaviria,Heunggongvirae,Uroviricota,Caudoviricetes,Caudoviricetes incertae sedis,Purivirus,Purivirus UFJFPfDIW6,,dsDNA
              Richievirus,3044803,,,,,0.05,,,,,,,,1665.0,Arthrobacter globiformis,Duplodnaviria,Heunggongvirae,Uroviricota,Caudoviricetes,Caudoviricetes incertae sedis,Richievirus,Richievirus auxilium,,dsDNA
              Siaravirus,3044826,0.19,,,,,,,,,,,,40324.0,Stenotrophomonas maltophilia,Duplodnaviria,Heunggongvirae,Uroviricota,Caudoviricetes,Caudoviricetes incertae sedis,Siaravirus,Siaravirus siara,,dsDNA
              Siftrevirus,3044829,,0.43,,,,,,,,,,,52258.0,Streptomyces flavovirens,Duplodnaviria,Heunggongvirae,Uroviricota,Caudoviricetes,Caudoviricetes incertae sedis,Siftrevirus,Siftrevirus SF3,,dsDNA
                Varunavirus,3044852,,,,,,,,,,,0.05,,1219076.0,Vibrio alginolyticus NBRC 15630 = ATCC 17749,Duplodnaviria,Heunggongvirae,Uroviricota,Caudoviricetes,Caudoviricetes incertae sedis,Schitoviridae,Varunavirus,Varunavirus BUCT194,dsDNA
                Xoxocotlavirus,3044858,,0.07,,,,,,,,,,,194963.0,Sinorhizobium americanum,Duplodnaviria,Heunggongvirae,Uroviricota,Caudoviricetes,Caudoviricetes incertae sedis,Schitoviridae,Xoxocotlavirus,Xoxocotlavirus X228B,dsDNA
                  Moumouvirus,3080801,,,,,,,,,0.19,,,,,,,,,,,,,,
              Medeavirus,3152510,,0.15,1.13,,,,,0.65,,,,,323.0,Pseudomonas syringae pv. tomato,Duplodnaviria,Heunggongvirae,Uroviricota,Caudoviricetes,Caudoviricetes incertae sedis,Medeavirus,Medeavirus medea1,,dsDNA
                  Cinvestavvirus,3152598,,,,,,,,,,,0.05,,,,,,,,,,,,
              Readingvirus,3152626,0.19,0.26,1.7,,,,0.29,0.75,,,,,286.0,Pseudomonas,Duplodnaviria,Heunggongvirae,Uroviricota,Caudoviricetes,Caudoviricetes incertae sedis,Readingvirus,Readingvirus MR15,,dsDNA
                  Shenlongvirus,3152898,,0.26,0.57,,,,,,,,,,294.0,Pseudomonas fluorescens,Duplodnaviria,Heunggongvirae,Uroviricota,Caudoviricetes,Caudoviricetes incertae sedis,Vandenendeviridae,Gorskivirinae,Shenlongvirus,dsDNA
              Miecznikowavirus,3152971,0.63,0.99,4.09,,,,0.26,1.41,,,,,2597349.0,Pseudomonas sp. ANT_H14,Duplodnaviria,Heunggongvirae,Uroviricota,Caudoviricetes,Caudoviricetes incertae sedis,Miecznikowavirus,Miecznikowavirus AH14a,,dsDNA
                  Longwangvirus,3153014,,0.09,,0.08,0.1,,,,0.36,0.95,0.37,0.41,654.0,Aeromonas veronii,Duplodnaviria,Heunggongvirae,Uroviricota,Caudoviricetes,Caudoviricetes incertae sedis,Chaseviridae,Nefertitivirinae,Longwangvirus,dsDNA
              Shockervirus,3153082,,0.08,,,0.03,,,,,,0.06,0.21,199592.0,Microbacterium paraoxydans,Duplodnaviria,Heunggongvirae,Uroviricota,Caudoviricetes,Caudoviricetes incertae sedis,Shockervirus,Shockervirus shocker,,dsDNA
                  Baldwinvirus,3153089,,,,,,,3.67,,,,,,,,,,,,,,,,
                Hodnevirus,3153200,,,,,,,,,0.13,0.14,0.1,,1.0,root,Riboviria,Orthornavirae,Lenarviricota,Leviviricetes,Timlovirales,Steitzviridae,unclassified Steitzviridae,Hodnevirus,+ssRNA
                  Risoevirus,3424972,,,,,,,,0.64,,,,,552.0,Erwinia amylovora,Duplodnaviria,Heunggongvirae,Uroviricota,Caudoviricetes,Pantevenvirales,Straboviridae,Tevenvirinae,Risoevirus,dsDNA
                  Margaeryvirus,3425048,,,,,,,,,,0.1,0.09,,199592.0,Microbacterium paraoxydans,Duplodnaviria,Heunggongvirae,Uroviricota,Caudoviricetes,Caudoviricetes incertae sedis,Hodgkinviridae,Margaeryvirus,Margaeryvirus margaery,dsDNA
                Nicoomyvirus,3425078,,0.18,,0.06,,,0.17,9.63,5.9,,,,9606.0,Homo sapiens,Monodnaviria,Shotokuvirae,Cressdnaviricota,Arfiviricetes,Lineavirales,Oomyviridae,Nicoomyvirus,Nicoomyvirus moldensis,
