name,taxid,ERR14789368,ERR14789369,ERR14789370,ERR14789371,ERR14789372,ERR14789373,ERR14789374,ERR14789375,ERR14789376,ERR14789377,ERR14789378,ERR14789379,ERR14789380,ERR14789381,ERR14789382,host tax id,host name,realm,kingdom,phylum,class,order,family,genus,species,baltimore_class
                  Dependoparvovirus,10803,,,,,0.27,,,,,,,,,,,8855.0,Cairina moschata,Monodnaviria,Shotokuvirae,Cossaviricota,Quintoviricetes,Piccovirales,Parvoviridae,Parvovirinae,Dependoparvovirus,
                Marafivirus,12051,0.22,0.6,0.34,0.48,1.03,0.26,,,,,,,0.3,,,3879.0,Medicago sativa,Riboviria,Orthornavirae,Kitrinoviricota,Alsuviricetes,Tymovirales,Tymoviridae,Marafivirus,Marafivirus medicagonis,+ssRNA
                Sobemovirus,12137,0.77,1.88,1.4,1.63,0.99,0.49,0.66,1.74,3.03,1.06,0.86,,1.3,1.77,0.41,35608.0,Artemisia annua,Riboviria,Orthornavirae,Pisuviricota,Pisoniviricetes,Sobelivirales,Solemoviridae,Sobemovirus,Sobemovirus ARTVA,
                  Tombusvirus,12141,10.75,16.22,19.7,17.46,21.6,23.79,14.78,19.75,27.83,5.86,5.27,4.95,18.52,21.62,18.55,,,,,,,,,,,
                Tymovirus,12148,0.62,0.38,0.56,,0.87,0.93,0.35,,0.45,,,,0.68,1.5,,3864.0,Lens culinaris,Riboviria,Orthornavirae,Kitrinoviricota,Alsuviricetes,Tymovirales,Tymoviridae,Tymovirus,Tymovirus anagyris,+ssRNA
                  Carlavirus,12163,0.25,,0.41,0.52,0.47,0.23,0.24,,,,,,0.37,,,85363.0,Aconitum carmichaelii,Riboviria,Orthornavirae,Kitrinoviricota,Alsuviricetes,Tymovirales,Betaflexiviridae,Quinvirinae,Carlavirus,+ssRNA
                Potexvirus,12176,0.68,0.64,1.2,0.86,1.79,0.81,1.08,0.64,0.62,,0.42,,1.05,1.72,2.84,4686.0,Asparagus officinalis,Riboviria,Orthornavirae,Kitrinoviricota,Alsuviricetes,Tymovirales,Alphaflexiviridae,Potexvirus,Potexvirus triasparagi,+ssRNA
                Tobamovirus,12234,30.08,26.23,35.23,18.71,19.62,29.93,30.15,30.65,22.22,24.35,18.64,6.29,39.01,16.52,26.34,4071.0,Capsicum,Riboviria,Orthornavirae,Kitrinoviricota,Alsuviricetes,Martellivirales,Virgaviridae,Tobamovirus,Tobamovirus maculacapsici,+ssRNA
                  Comovirus,12258,0.17,0.6,1.09,,0.64,0.28,0.28,,,,,,0.93,,,4113.0,Solanum tuberosum,Riboviria,Orthornavirae,Pisuviricota,Pisoniviricetes,Picornavirales,Secoviridae,Comovirinae,Comovirus,
                  Machlomovirus,39739,,,,,,,,,,,,,0.27,,,,,,,,,,,,,
                Alphanodavirus,143920,0.25,0.7,0.34,,,,,,0.85,,0.53,,,,,295550.0,Heteronychus arator,Riboviria,Orthornavirae,Kitrinoviricota,Magsaviricetes,Nodamuvirales,Nodaviridae,Alphanodavirus,Alphanodavirus heteronychi,+ssRNA
                Cripavirus,144051,19.31,,,,,,,,,,,,,,,7165.0,Anopheles gambiae,Riboviria,Orthornavirae,Pisuviricota,Pisoniviricetes,Picornavirales,Dicistroviridae,Cripavirus,unclassified Cripavirus,
              Punavirus,186789,,,,,,,0.38,,,3.74,0.89,,,,0.7,561.0,Escherichia,Duplodnaviria,Heunggongvirae,Uroviricota,Caudoviricetes,Caudoviricetes incertae sedis,Punavirus,Punavirus P1,,dsDNA
              Lederbergvirus,186794,,,,,,,,,,,,1.09,,,,439184.0,Escherichia coli RS218,Duplodnaviria,Heunggongvirae,Uroviricota,Caudoviricetes,Caudoviricetes incertae sedis,Lederbergvirus,unclassified Lederbergvirus,,dsDNA
                Mamastrovirus,249588,0.51,0.58,0.45,0.76,0.25,0.42,0.33,,,,,,1.05,,,9606.0,Homo sapiens,Riboviria,Orthornavirae,Pisuviricota,Stelpaviricetes,Stellavirales,Astroviridae,Mamastrovirus,Mamastrovirus melbournense,
                  Mimivirus,315393,0.39,0.86,0.97,1.11,0.82,0.86,0.45,1.21,,,,0.91,0.5,0.78,0.72,5755.0,Acanthamoeba castellanii,Varidnaviria,Bamfordvirae,Nucleocytoviricota,Megaviricetes,Imitervirales,Mimiviridae,Megamimivirinae,Mimivirus,
                  Enquatrovirus,371730,,,,,0.23,,,,,,,,,,,83333.0,Escherichia coli K-12,Duplodnaviria,Heunggongvirae,Uroviricota,Caudoviricetes,Caudoviricetes incertae sedis,Schitoviridae,Enquatrovirinae,Enquatrovirus,dsDNA
              Rauchvirus,542959,0.17,,,,,,,,,,,0.46,,0.28,,518.0,Bordetella bronchiseptica,Duplodnaviria,Heunggongvirae,Uroviricota,Caudoviricetes,Caudoviricetes incertae sedis,Rauchvirus,Rauchvirus BPP1,,dsDNA
              Uetakevirus,542960,,,,,,,,,,,,1.08,,,,550.0,Enterobacter cloacae,Duplodnaviria,Heunggongvirae,Uroviricota,Caudoviricetes,Caudoviricetes incertae sedis,Uetakevirus,unclassified Uetakevirus,,dsDNA
            Betabaculovirus,558017,,,,,,,,,,1.06,,,,0.28,,,,,,,,,,,,
                  Salivirus,688449,,0.24,,,,,,0.38,0.45,,1.03,,0.4,,,9598.0,Pan troglodytes,Riboviria,Orthornavirae,Pisuviricota,Pisoniviricetes,Picornavirales,Picornaviridae,Kodimesavirinae,Salivirus,
                Cyclovirus,742914,0.25,0.88,0.24,,0.25,0.56,0.75,,,,0.27,,0.38,,0.29,1.0,root,Monodnaviria,Shotokuvirae,Cressdnaviricota,Arfiviricetes,Cirlivirales,Circoviridae,Cyclovirus,Cyclovirus mchwa,
                  Felixounavirus,1198140,,,,,,,,,,,,1.66,,,,991919.0,Escherichia coli O145:NM,Duplodnaviria,Heunggongvirae,Uroviricota,Caudoviricetes,Caudoviricetes incertae sedis,Andersonviridae,Ounavirinae,Felixounavirus,dsDNA
                  Alphanecrovirus,1299309,,0.2,,,,,,,,,,,,,,,,,,,,,,,,
                  Protoparvovirus,1506574,,,,,,,,,,,0.78,,,,,9685.0,Felis catus,Monodnaviria,Shotokuvirae,Cossaviricota,Quintoviricetes,Piccovirales,Parvoviridae,Parvovirinae,Protoparvovirus,
                  Bocaparvovirus,1507401,,0.52,0.32,0.35,0.25,0.32,0.28,,0.62,,0.31,,0.28,,0.29,188568.0,Aselliscus stoliczkanus,Monodnaviria,Shotokuvirae,Cossaviricota,Quintoviricetes,Piccovirales,Parvoviridae,Parvovirinae,Bocaparvovirus,
                Gemycircularvirus,1542744,0.28,5.2,0.8,0.72,0.59,0.44,0.64,2.17,1.06,2.28,5.62,,1.51,0.53,2.25,9852.0,Alces alces,Monodnaviria,Shotokuvirae,Cressdnaviricota,Repensiviricetes,Geplafuvirales,Genomoviridae,Gemycircularvirus,Gemycircularvirus lepam1,
                Chivirus,1623283,,,,,0.23,,,,,,,,,,,28901.0,Salmonella enterica,Duplodnaviria,Heunggongvirae,Uroviricota,Caudoviricetes,Caudoviricetes incertae sedis,Casjensviridae,Chivirus,,dsDNA
              Detrevirus,1623287,,,,,,,,,,,,0.39,,,,287.0,Pseudomonas aeruginosa,Duplodnaviria,Heunggongvirae,Uroviricota,Caudoviricetes,Caudoviricetes incertae sedis,Detrevirus,Detrevirus D3,,dsDNA
                  Alphatrevirus,1910951,0.24,0.26,0.39,,0.49,0.3,,,,,,0.36,0.25,,,561.0,Escherichia,Monodnaviria,Sangervirae,Phixviricota,Malgrandaviricetes,Petitvirales,Microviridae,Bullavirinae,Alphatrevirus,
                  Jerseyvirus,1910991,,,,,,,,,,,,1.32,,,,511145.0,Escherichia coli str. K-12 substr. MG1655,Duplodnaviria,Heunggongvirae,Uroviricota,Caudoviricetes,Caudoviricetes incertae sedis,Sarkviridae,Guernseyvirinae,Jerseyvirus,dsDNA
                  Kagunavirus,1910992,0.84,0.84,1.1,1.11,1.01,1.0,0.71,0.76,0.58,1.48,0.38,2.53,0.81,0.89,0.67,562.0,Escherichia coli,Duplodnaviria,Heunggongvirae,Uroviricota,Caudoviricetes,Caudoviricetes incertae sedis,Sarkviridae,Guernseyvirinae,Kagunavirus,dsDNA
                  Alphacarmovirus,1911599,,,,,,,,,,,,,0.17,,,,,,,,,,,,,
                  Gammacarmovirus,1911601,2.84,2.6,2.06,2.84,2.14,1.18,3.3,3.9,7.21,,5.84,1.63,3.14,7.01,2.89,,,,,,,,,,,
              Vequintavirus,1914852,,,,,,,,,,,,0.39,0.25,,,197.0,Campylobacter jejuni,Duplodnaviria,Heunggongvirae,Uroviricota,Caudoviricetes,Caudoviricetes incertae sedis,Vequintavirus,Vequintavirus PDX,Vequintavirus FFH2,dsDNA
              Obolenskvirus,1915205,,,,,,,,,,,,0.33,,,,470.0,Acinetobacter baumannii,Duplodnaviria,Heunggongvirae,Uroviricota,Caudoviricetes,Caudoviricetes incertae sedis,Obolenskvirus,unclassified Obolenskvirus,,dsDNA
                  Gamaleyavirus,1920753,0.33,0.36,0.54,0.35,0.72,0.28,0.4,0.62,0.58,,,0.36,0.4,0.33,0.38,1884818.0,Escherichia sp.,Duplodnaviria,Heunggongvirae,Uroviricota,Caudoviricetes,Caudoviricetes incertae sedis,Schitoviridae,Enquatrovirinae,Gamaleyavirus,dsDNA
                Webervirus,1920860,0.19,,,,0.21,,,,,,,0.55,0.28,,,548.0,Klebsiella aerogenes,Duplodnaviria,Heunggongvirae,Uroviricota,Caudoviricetes,Caudoviricetes incertae sedis,Drexlerviridae,Webervirus,Webervirus F20,dsDNA
                Gemykibivirus,1941236,0.95,5.3,0.99,2.04,1.47,1.14,1.08,5.17,7.0,10.43,8.36,0.81,2.2,4.63,3.4,9662.0,Meles meles,Monodnaviria,Shotokuvirae,Cressdnaviricota,Repensiviricetes,Geplafuvirales,Genomoviridae,Gemykibivirus,Gemykibivirus badas1,
                Gemykolovirus,1941238,,,,,,,,,,,0.66,,,,0.35,9852.0,Alces alces,Monodnaviria,Shotokuvirae,Cressdnaviricota,Repensiviricetes,Geplafuvirales,Genomoviridae,Gemykolovirus,Gemykolovirus lepam1,
                  Orthonairovirus,1980517,0.17,,,,,,,,,,,,,,,44320.0,Argas hermanni,Riboviria,Orthornavirae,Negarnaviricota,Polyploviricotina,Bunyaviricetes,Hareavirales,Nairoviridae,Orthonairovirus,-ssRNA
              Mudcatvirus,1982088,0.16,,,0.41,,,,,0.45,,,,,0.28,,1771959.0,[Arthrobacter] sp. ATCC 21022,Duplodnaviria,Heunggongvirae,Uroviricota,Caudoviricetes,Caudoviricetes incertae sedis,Mudcatvirus,Mudcatvirus arcadia,,dsDNA
              Pepyhexavirus,1982367,,,,,,,,,,,,0.39,,,,1827.0,Rhodococcus,Duplodnaviria,Heunggongvirae,Uroviricota,Caudoviricetes,Caudoviricetes incertae sedis,Pepyhexavirus,Pepyhexavirus pepy6,,dsDNA
                  Johnsonvirus,1982576,,,,0.41,,,,,,,,,,,,552.0,Erwinia amylovora,Duplodnaviria,Heunggongvirae,Uroviricota,Caudoviricetes,Caudoviricetes incertae sedis,Schitoviridae,Erskinevirinae,Johnsonvirus,dsDNA
                Gemygorvirus,1985366,,0.44,,,,,,,,,1.24,,,,0.46,1.0,root,Monodnaviria,Shotokuvirae,Cressdnaviricota,Repensiviricetes,Geplafuvirales,Genomoviridae,Gemygorvirus,Gemygorvirus hydro1,
                Gemykrogvirus,1985367,0.27,3.98,0.47,0.69,1.91,0.23,0.31,,0.89,,0.63,,0.3,0.55,,7460.0,Apis mellifera,Monodnaviria,Shotokuvirae,Cressdnaviricota,Repensiviricetes,Geplafuvirales,Genomoviridae,Gemykrogvirus,Gemykrogvirus apime1,
                  Pradovirus,1985733,0.32,0.44,,0.97,0.27,0.67,0.45,,1.25,1.27,0.21,0.55,0.35,1.11,0.55,456327.0,Xanthomonas euvesicatoria,Duplodnaviria,Heunggongvirae,Uroviricota,Caudoviricetes,Autographivirales,Autonotataviridae,Gujervirinae,Pradovirus,dsDNA
          Pandoravirus,2060084,,0.64,,,,,,,,,2.19,,,,,,,,,,,,,,,
                Porprismacovirus,2169663,,,,,,,,0.42,,,0.21,,,,,1.0,root,Monodnaviria,Shotokuvirae,Cressdnaviricota,Arfiviricetes,Cremevirales,Smacoviridae,Porprismacovirus,Porprismacovirus alecas1,
                Husavirus,2219049,0.47,0.44,1.01,1.0,0.95,0.56,0.61,0.76,0.53,,0.53,0.91,0.75,0.42,0.41,9606.0,Homo sapiens,Riboviria,Orthornavirae,Pisuviricota,Pisoniviricetes,Picornavirales,unclassified Picornavirales,Husavirus,unclassified Husavirus,
                    Pregotovirus,2508244,0.17,,,,0.23,,,,,,,,,,,,,,,,,,,,,
              Bingvirus,2560103,,,,0.48,,,,,,,,,,,,1916.0,Streptomyces lividans,Duplodnaviria,Heunggongvirae,Uroviricota,Caudoviricetes,Caudoviricetes incertae sedis,Bingvirus,Bingvirus bing,,dsDNA
              Brunovirus,2560108,,,,,,,,,,,,0.33,,,,59204.0,Salmonella enterica subsp. diarizonae,Duplodnaviria,Heunggongvirae,Uroviricota,Caudoviricetes,Caudoviricetes incertae sedis,Brunovirus,Brunovirus SEN34,,dsDNA
                  Ceetrepovirus,2560111,,,,,2.16,,,,,,,0.36,,,,38305.0,Corynebacterium vitaeruminis,Duplodnaviria,Heunggongvirae,Uroviricota,Caudoviricetes,Caudoviricetes incertae sedis,Zierdtviridae,Toshachvirinae,Ceetrepovirus,dsDNA
              Dismasvirus,2560122,0.17,,,0.41,,,,,,,,0.36,0.18,0.28,,104336.0,Microbacterium foliorum,Duplodnaviria,Heunggongvirae,Uroviricota,Caudoviricetes,Caudoviricetes incertae sedis,Dismasvirus,unclassified Dismasvirus,,dsDNA
              Farahnazvirus,2560130,0.25,4.6,0.45,,0.19,,0.97,2.01,,2.4,2.19,0.55,0.48,0.28,0.72,82380.0,Microbacterium oxydans,Duplodnaviria,Heunggongvirae,Uroviricota,Caudoviricetes,Caudoviricetes incertae sedis,Farahnazvirus,Farahnazvirus ISF9,,dsDNA
              Fipvunavirus,2560132,0.28,,0.19,1.28,0.39,0.67,0.5,,0.76,,,0.98,,1.33,1.48,96345.0,Flavobacterium psychrophilum,Duplodnaviria,Heunggongvirae,Uroviricota,Caudoviricetes,Caudoviricetes incertae sedis,Fipvunavirus,unclassified Fipvunavirus,,dsDNA
              Ilzatvirus,2560150,,,,0.38,,,,,,,,,,,,104336.0,Microbacterium foliorum,Duplodnaviria,Heunggongvirae,Uroviricota,Caudoviricetes,Caudoviricetes incertae sedis,Ilzatvirus,unclassified Ilzatvirus,,dsDNA
                Noxifervirus,2560190,,,0.19,,0.31,0.28,,,,,,,,,,294.0,Pseudomonas fluorescens,Duplodnaviria,Heunggongvirae,Uroviricota,Caudoviricetes,Caudoviricetes incertae sedis,Chimalliviridae,Noxifervirus,Noxifervirus noxifer,dsDNA
              Scapunavirus,2560225,,,,,,,0.24,,,,,0.46,,0.33,,1930.0,Streptomyces scabiei,Duplodnaviria,Heunggongvirae,Uroviricota,Caudoviricetes,Caudoviricetes incertae sedis,Scapunavirus,unclassified Scapunavirus,,dsDNA
                Unahavirus,2560245,0.35,,,0.38,,0.28,,,,,,0.33,,0.39,0.61,96345.0,Flavobacterium psychrophilum,Duplodnaviria,Heunggongvirae,Uroviricota,Caudoviricetes,Caudoviricetes incertae sedis,Duneviridae,Unahavirus,Unahavirus uv23T,dsDNA
                Ampunavirus,2732929,,,,,,,,,,,0.44,,,,,28450.0,Burkholderia pseudomallei,Duplodnaviria,Heunggongvirae,Uroviricota,Caudoviricetes,Autographivirales,Autonotataviridae,Ampunavirus,Ampunavirus BpAMP1,dsDNA
              Phapecoctavirus,2733124,,,,,,,,,,,,,0.19,,,472.0,Acinetobacter sp.,Duplodnaviria,Heunggongvirae,Uroviricota,Caudoviricetes,Caudoviricetes incertae sedis,Phapecoctavirus,unclassified Phapecoctavirus,,dsDNA
              Saclayvirus,2733128,0.33,0.3,0.52,,0.78,0.39,0.26,,,,,1.47,0.27,0.67,0.41,470.0,Acinetobacter baumannii,Duplodnaviria,Heunggongvirae,Uroviricota,Caudoviricetes,Caudoviricetes incertae sedis,Saclayvirus,unclassified Saclayvirus,,dsDNA
              Armstrongvirus,2733167,0.3,0.64,0.34,0.83,0.27,,,,0.67,,0.56,0.42,0.6,0.55,0.41,104336.0,Microbacterium foliorum,Duplodnaviria,Heunggongvirae,Uroviricota,Caudoviricetes,Caudoviricetes incertae sedis,Armstrongvirus,Armstrongvirus armstrong,,dsDNA
              Feofaniavirus,2733174,,,,,,,,,,,,0.65,,,,551.0,Erwinia,Duplodnaviria,Heunggongvirae,Uroviricota,Caudoviricetes,Caudoviricetes incertae sedis,Feofaniavirus,Feofaniavirus Eho49,,dsDNA
              Squashvirus,2733215,,,,,,,,,,,0.23,,,,,104336.0,Microbacterium foliorum,Duplodnaviria,Heunggongvirae,Uroviricota,Caudoviricetes,Caudoviricetes incertae sedis,Squashvirus,unclassified Squashvirus,,dsDNA
                Apeevirus,2842379,,,,,,,,,,,,,,,0.38,70347.0,Acinetobacter higginsii,Riboviria,Orthornavirae,Lenarviricota,Leviviricetes,Norzivirales,Duinviridae,Apeevirus,Apeevirus quebecense,+ssRNA
              Akonivirus,2842540,0.33,0.58,0.43,0.62,0.21,0.46,0.59,,,,,0.46,0.32,0.67,0.46,104336.0,Microbacterium foliorum,Duplodnaviria,Heunggongvirae,Uroviricota,Caudoviricetes,Caudoviricetes incertae sedis,Akonivirus,Akonivirus akoni,,dsDNA
                Cbunavirus,2842586,0.47,0.3,0.54,0.69,0.37,,0.24,,1.16,,,1.14,0.3,0.69,,562.0,Escherichia coli,Duplodnaviria,Heunggongvirae,Uroviricota,Caudoviricetes,Caudoviricetes incertae sedis,Schitoviridae,Cbunavirus,unclassified Cbunavirus,dsDNA
                Cehakivirus,2842589,0.24,,,0.35,,,,,,,,0.33,,,,1.0,root,Riboviria,Orthornavirae,Lenarviricota,Leviviricetes,Norzivirales,Fiersviridae,Cehakivirus,Cehakivirus limihabitans,+ssRNA
                  Dongdastvirus,2842653,,,,0.52,,,,,,,,,,,,,,,,,,,,,,
                Gihfavirus,2842702,,,,,,,2.73,3.37,,20.25,32.76,,,,3.13,1.0,root,Riboviria,Orthornavirae,Lenarviricota,Leviviricetes,Timlovirales,Steitzviridae,Gihfavirus,Gihfavirus chorovivens,+ssRNA
                  Inbricusvirus,2842758,0.16,,,0.73,,,,,,,,,,,,663959.0,Pseudomonas syringae pv. avii,Duplodnaviria,Heunggongvirae,Uroviricota,Caudoviricetes,Caudoviricetes incertae sedis,Schitoviridae,Rothmandenesvirinae,Inbricusvirus,dsDNA
                Ishugivirus,2842767,0.73,,0.9,0.66,0.47,1.55,0.38,,0.71,,,,0.18,0.69,,1.0,root,Riboviria,Orthornavirae,Lenarviricota,Leviviricetes,Norzivirales,Fiersviridae,Ishugivirus,Ishugivirus pelohabitans,+ssRNA
                Kemicevirus,2842792,0.33,,0.47,0.48,0.54,0.81,0.59,0.64,0.49,,0.23,0.75,0.38,0.61,0.32,1.0,root,Riboviria,Orthornavirae,Lenarviricota,Leviviricetes,Norzivirales,Fiersviridae,Kemicevirus,Kemicevirus caenicola,+ssRNA
              Kenoshavirus,2842796,,,,0.35,,,,,,,,,,0.44,,36822.0,Gordonia rubripertincta,Duplodnaviria,Heunggongvirae,Uroviricota,Caudoviricetes,Caudoviricetes incertae sedis,Kenoshavirus,unclassified Kenoshavirus,,dsDNA
                Kinglevirus,2842802,,0.44,0.39,0.35,,,0.94,1.21,0.45,5.08,5.57,,0.23,0.3,0.93,1.0,root,Riboviria,Orthornavirae,Lenarviricota,Leviviricetes,Timlovirales,Steitzviridae,Kinglevirus,Kinglevirus lutadaptatum,+ssRNA
                Kohmavirus,2842807,,0.24,0.45,0.38,0.21,0.74,0.31,,0.45,,,,,0.78,0.41,1.0,root,Riboviria,Orthornavirae,Lenarviricota,Leviviricetes,Norzivirales,Duinviridae,Kohmavirus,Kohmavirus luticola,+ssRNA
              Mydovirus,2842888,,,,,,,,,,,,0.39,,,,562.0,Escherichia coli,Duplodnaviria,Heunggongvirae,Uroviricota,Caudoviricetes,Caudoviricetes incertae sedis,Mydovirus,unclassified Mydovirus,,dsDNA
              Nochtlivirus,2842908,,,,,,,,,,,,1.55,,,,562.0,Escherichia coli,Duplodnaviria,Heunggongvirae,Uroviricota,Caudoviricetes,Caudoviricetes incertae sedis,Nochtlivirus,Nochtlivirus mEp235,,dsDNA
                Pokkenvirus,2842972,,0.2,,0.45,,,,,,,,,,,,40324.0,Stenotrophomonas maltophilia,Duplodnaviria,Heunggongvirae,Uroviricota,Caudoviricetes,Caudoviricetes incertae sedis,Schitoviridae,Pokkenvirus,Pokkenvirus paxi,dsDNA
              Tinytimothyvirus,2843096,0.17,,,,0.21,,,,,,,0.42,,,,104336.0,Microbacterium foliorum,Duplodnaviria,Heunggongvirae,Uroviricota,Caudoviricetes,Caudoviricetes incertae sedis,Tinytimothyvirus,Tinytimothyvirus alex44,,dsDNA
              Wongtaivirus,2843141,,,,,,,,,,,,0.86,,,,511145.0,Escherichia coli str. K-12 substr. MG1655,Duplodnaviria,Heunggongvirae,Uroviricota,Caudoviricetes,Caudoviricetes incertae sedis,Wongtaivirus,Wongtaivirus ECP1,,dsDNA
                Zurivirus,2843162,,,,0.83,,,,,,,,,,,,303.0,Pseudomonas putida,Duplodnaviria,Heunggongvirae,Uroviricota,Caudoviricetes,Caudoviricetes incertae sedis,Schitoviridae,Zurivirus,Zurivirus zuri,dsDNA
              Audreyjarvisvirus,2843351,,,,0.35,0.48,,0.26,,,,,,,,,1358.0,Lactococcus lactis,Duplodnaviria,Heunggongvirae,Uroviricota,Caudoviricetes,Caudoviricetes incertae sedis,Audreyjarvisvirus,Audreyjarvisvirus av949,,dsDNA
                Bcepfunavirus,2843356,,,,,,,,,,,,0.36,,,,152480.0,Burkholderia ambifaria,Duplodnaviria,Heunggongvirae,Uroviricota,Caudoviricetes,Caudoviricetes incertae sedis,Lindbergviridae,Bcepfunavirus,Bcepfunavirus bcepF1,dsDNA
              Burrovirus,2843362,1.8,1.96,1.4,5.84,1.69,1.76,2.15,0.98,2.0,1.27,0.36,3.94,1.1,2.52,2.03,104336.0,Microbacterium foliorum,Duplodnaviria,Heunggongvirae,Uroviricota,Caudoviricetes,Caudoviricetes incertae sedis,Burrovirus,Burrovirus araxxi,,dsDNA
              Hattifnattvirus,2843390,0.44,,0.68,0.77,0.69,0.46,,,,,,,,1.16,0.48,2654245.0,Flavobacterium sp. LMO9,Duplodnaviria,Heunggongvirae,Uroviricota,Caudoviricetes,Caudoviricetes incertae sedis,Hattifnattvirus,Hattifnattvirus hattifnatt,,dsDNA
                Labanvirus,2843408,0.33,,,0.41,0.25,0.28,,,,,,,,0.58,0.35,2654243.0,Flavobacterium sp. LMO6,Duplodnaviria,Heunggongvirae,Uroviricota,Caudoviricetes,Caudoviricetes incertae sedis,Duneviridae,Labanvirus,Labanvirus laban,dsDNA
              Lillamyvirus,2843418,0.67,0.22,0.43,3.58,1.15,2.19,1.39,,2.8,,,2.27,1.21,1.61,2.41,2654243.0,Flavobacterium sp. LMO6,Duplodnaviria,Heunggongvirae,Uroviricota,Caudoviricetes,Caudoviricetes incertae sedis,Lillamyvirus,Lillamyvirus hemulen,,dsDNA
              Moturavirus,2843423,0.16,0.24,0.19,,0.23,,,,,,,,,,,1389935.0,Achromobacter animicus,Duplodnaviria,Heunggongvirae,Uroviricota,Caudoviricetes,Caudoviricetes incertae sedis,Moturavirus,Moturavirus motura,,dsDNA
              Muminvirus,2843426,0.99,1.42,1.69,1.48,2.28,1.19,1.12,,,,,3.01,,2.61,1.67,2654245.0,Flavobacterium sp. LMO9,Duplodnaviria,Heunggongvirae,Uroviricota,Caudoviricetes,Caudoviricetes incertae sedis,Muminvirus,Muminvirus filifjonk,,dsDNA
              Parlovirus,2843433,,,,,,,,,,,,0.33,,,,615.0,Serratia marcescens,Duplodnaviria,Heunggongvirae,Uroviricota,Caudoviricetes,Caudoviricetes incertae sedis,Parlovirus,Parlovirus parlo,,dsDNA
                Privateervirus,2843440,,,,,,,,,,,,0.85,,,,28141.0,Cronobacter sakazakii,Duplodnaviria,Heunggongvirae,Uroviricota,Caudoviricetes,Caudoviricetes incertae sedis,Grimontviridae,Privateervirus,Privateervirus pv009,dsDNA
                Yonseivirus,2843478,0.6,0.38,0.21,0.86,0.43,0.32,,,0.49,,,0.65,0.22,0.39,,573.0,Klebsiella pneumoniae,Duplodnaviria,Heunggongvirae,Uroviricota,Caudoviricetes,Caudoviricetes incertae sedis,Casjensviridae,Yonseivirus,Yonseivirus N137,dsDNA
                  Akihdevirus,2942978,,,,0.89,,,,,,,,,,0.83,,76594.0,Cellulophaga baltica,Duplodnaviria,Heunggongvirae,Uroviricota,Caudoviricetes,Crassvirales,Steigviridae,Asinivirinae,Akihdevirus,dsDNA
                  Kahnovirus,2942979,1.12,0.94,1.31,1.56,2.06,1.34,1.34,1.59,1.25,,,2.57,1.26,1.25,1.53,,,,,,,,,,,
                  Kehishuvirus,2942980,0.36,0.38,0.41,,0.44,0.44,0.29,,0.45,,,0.54,0.27,0.44,0.45,329854.0,Bacteroides intestinalis,Duplodnaviria,Heunggongvirae,Uroviricota,Caudoviricetes,Crassvirales,Steigviridae,Asinivirinae,Kehishuvirus,dsDNA
                  Paundivirus,2942981,,,,,0.22,,0.26,,,,,,,,0.37,1.0,root,Duplodnaviria,Heunggongvirae,Uroviricota,Caudoviricetes,Crassvirales,Steigviridae,Asinivirinae,Paundivirus,dsDNA
                  Afonbuvirus,2942989,0.47,0.32,0.62,0.52,0.7,0.72,0.75,0.91,0.45,0.78,,1.4,0.53,0.67,0.55,1.0,root,Duplodnaviria,Heunggongvirae,Uroviricota,Caudoviricetes,Crassvirales,Suoliviridae,Bearivirinae,Afonbuvirus,dsDNA
                  Canhaevirus,2942990,0.27,,0.31,0.54,0.32,0.38,0.45,0.49,,,,0.74,0.27,0.47,0.43,1.0,root,Duplodnaviria,Heunggongvirae,Uroviricota,Caudoviricetes,Crassvirales,Suoliviridae,Boorivirinae,Canhaevirus,dsDNA
                  Cohcovirus,2942991,0.36,0.32,0.46,0.57,0.26,0.5,0.59,0.61,0.49,0.85,0.19,0.73,0.38,0.42,0.61,,,,,,,,,,,
                  Culoivirus,2942992,,,,,0.2,,,,,,,,,,,818.0,Bacteroides thetaiotaomicron,Duplodnaviria,Heunggongvirae,Uroviricota,Caudoviricetes,Crassvirales,Suoliviridae,Boorivirinae,Culoivirus,dsDNA
                  Blohavirus,2942993,0.18,,0.21,,,,0.35,,,,,,0.19,,,,,,,,,,,,,
                  Buchavirus,2942994,0.29,0.34,0.19,,0.35,0.32,0.59,0.42,,,,0.33,0.35,0.3,,1.0,root,Duplodnaviria,Heunggongvirae,Uroviricota,Caudoviricetes,Crassvirales,Suoliviridae,Loutivirinae,Buchavirus,dsDNA
                Phobosvirus,2943014,,,,,,,,,,,,0.85,,,,321.0,Pseudomonas syringae pv. syringae,Duplodnaviria,Heunggongvirae,Uroviricota,Caudoviricetes,Caudoviricetes incertae sedis,Casjensviridae,Phobosvirus,Phobosvirus phobos,dsDNA
                Salvovirus,2943016,0.47,0.38,0.21,0.52,0.27,0.26,0.33,0.57,,1.06,,0.88,0.28,0.42,0.43,33013.0,Clavibacter michiganensis subsp. michiganensis,Duplodnaviria,Heunggongvirae,Uroviricota,Caudoviricetes,Caudoviricetes incertae sedis,Casjensviridae,Salvovirus,unclassified Salvovirus,dsDNA
                Sharonstreetvirus,2943019,0.66,0.64,0.6,1.35,0.93,,0.31,,0.45,,,1.69,0.65,0.94,0.58,644.0,Aeromonas hydrophila,Duplodnaviria,Heunggongvirae,Uroviricota,Caudoviricetes,Caudoviricetes incertae sedis,Casjensviridae,Sharonstreetvirus,unclassified Sharonstreetvirus,dsDNA
                  Aurodevirus,2946811,0.89,0.98,1.32,0.77,1.1,1.38,2.09,1.51,1.38,1.2,0.32,2.6,1.79,1.89,1.14,1.0,root,Duplodnaviria,Heunggongvirae,Uroviricota,Caudoviricetes,Crassvirales,Suoliviridae,Uncouvirinae,Aurodevirus,dsDNA
                  Birpovirus,2946830,,,0.25,,0.25,0.43,0.25,,,,,,,,,,,,,,,,,,,
                  Buorbuivirus,2948644,0.17,,0.23,,,,,,,,,0.36,,,,,,,,,,,,,,
                  Burzaovirus,2948645,5.87,5.04,7.54,12.07,14.77,8.23,14.29,10.75,7.08,5.93,1.03,17.39,7.54,6.27,11.49,1.0,root,Duplodnaviria,Heunggongvirae,Uroviricota,Caudoviricetes,Crassvirales,Suoliviridae,Oafivirinae,Burzaovirus,dsDNA
                  Carjivirus,2948652,1.25,0.74,0.92,1.31,0.97,1.53,2.17,1.63,0.98,,,3.22,1.33,1.66,1.77,1869227.0,bacterium,Duplodnaviria,Heunggongvirae,Uroviricota,Caudoviricetes,Crassvirales,Intestiviridae,Crudevirinae,Carjivirus,dsDNA
                  Chuhaivirus,2948663,0.19,,,,,,,,,,,,,,,,,,,,,,,,,
                  Dabirmavirus,2948671,0.17,,,,,,,,,,,,,,,,,,,,,,,,,
                  Drivevirus,2948684,0.17,,,,0.25,,0.31,,,,,,0.3,,,,,,,,,,,,,
                  Delmidovirus,2948688,0.25,,0.37,,0.27,,0.5,0.38,,,,0.72,,0.3,0.29,818.0,Bacteroides thetaiotaomicron,Duplodnaviria,Heunggongvirae,Uroviricota,Caudoviricetes,Crassvirales,Intestiviridae,Crudevirinae,Delmidovirus,dsDNA
                Efbeekayvirus,2948690,0.22,0.22,0.19,,,0.35,,,,,,,,0.3,,558.0,Erwinia sp.,Duplodnaviria,Heunggongvirae,Uroviricota,Caudoviricetes,Caudoviricetes incertae sedis,Schitoviridae,Efbeekayvirus,unclassified Efbeekayvirus,dsDNA
                  Endlipuvirus,2948697,,,,,,,,,,,,0.42,0.23,,,,,,,,,,,,,
                Exceevirus,2948704,,,,,0.66,,,,,,,,,,,470.0,Acinetobacter baumannii,Duplodnaviria,Heunggongvirae,Uroviricota,Caudoviricetes,Caudoviricetes incertae sedis,Schitoviridae,Exceevirus,Exceevirus Xc38,dsDNA
                  Fohxhuevirus,2948709,0.88,0.5,0.52,1.07,1.26,0.56,0.97,0.61,0.76,,,1.4,0.98,0.97,0.84,,,,,,,,,,,
                  Jahgtovirus,2948767,0.37,0.44,0.45,0.47,0.56,0.37,0.64,0.68,,,0.21,0.75,0.67,0.44,0.45,371601.0,Bacteroides xylanisolvens,Duplodnaviria,Heunggongvirae,Uroviricota,Caudoviricetes,Crassvirales,Intestiviridae,Churivirinae,Jahgtovirus,dsDNA
                  Junduvirus,2948774,3.07,4.05,3.91,,,4.41,,,,,,,,,,818.0,Bacteroides thetaiotaomicron,Duplodnaviria,Heunggongvirae,Uroviricota,Caudoviricetes,Crassvirales,Crevaviridae,Coarsevirinae,Junduvirus,dsDNA
                  Kingevirus,2948785,0.68,1.0,0.9,1.11,0.68,1.11,0.94,0.38,1.16,,,1.01,0.75,1.28,1.01,818.0,Bacteroides thetaiotaomicron,Duplodnaviria,Heunggongvirae,Uroviricota,Caudoviricetes,Crassvirales,Crevaviridae,Doltivirinae,Kingevirus,dsDNA
                  Kolpuevirus,2948787,0.34,,,,0.42,0.28,0.39,0.57,,,,0.6,0.29,,0.4,818.0,Bacteroides thetaiotaomicron,Duplodnaviria,Heunggongvirae,Uroviricota,Caudoviricetes,Crassvirales,Steigviridae,Asinivirinae,Kolpuevirus,dsDNA
                  Mahlunavirus,2948812,,,,,0.19,0.32,,,,,,,0.17,,,,,,,,,,,,,
                  Pamirivirus,2948854,,,,,0.2,,,,,,,,,,,,,,,,,,,,,
              Pharaohvirus,2948861,,,,,,,,,,,0.3,,,,,246196.0,Mycolicibacterium smegmatis MC2 155,Duplodnaviria,Heunggongvirae,Uroviricota,Caudoviricetes,Caudoviricetes incertae sedis,Pharaohvirus,Pharaohvirus pharaoh,,dsDNA
              Skatevirus,2948910,,,,,,,0.39,,,,,,,,,90371.0,Salmonella enterica subsp. enterica serovar Typhimurium,Duplodnaviria,Heunggongvirae,Uroviricota,Caudoviricetes,Caudoviricetes incertae sedis,Skatevirus,unclassified Skatevirus,,dsDNA
              Turbidovirus,2948936,,,,0.39,,0.43,,,,,,,,0.91,,246196.0,Mycolicibacterium smegmatis MC2 155,Duplodnaviria,Heunggongvirae,Uroviricota,Caudoviricetes,Caudoviricetes incertae sedis,Turbidovirus,Turbidovirus turbido,,dsDNA
                Valinorvirus,2948943,,,,,,,,,,,0.21,,,,,,,Monodnaviria,Shotokuvirae,Cressdnaviricota,Arfiviricetes,Rohanvirales,Nenyaviridae,Valinorvirus,,
                  Xooduovirus,2948956,,,,,,,,,,,,0.85,,,,64187.0,Xanthomonas oryzae pv. oryzae,Duplodnaviria,Heunggongvirae,Uroviricota,Caudoviricetes,Caudoviricetes incertae sedis,Mesyanzhinovviridae,Bradleyvirinae,Xooduovirus,dsDNA
              Axeltriavirus,3044667,,,,,,,,,,,,,0.18,,,40324.0,Stenotrophomonas maltophilia,Duplodnaviria,Heunggongvirae,Uroviricota,Caudoviricetes,Caudoviricetes incertae sedis,Axeltriavirus,Axeltriavirus AXL3,,dsDNA
              Cobrasixvirus,3044690,0.18,0.35,,,,,,,,1.14,,2.65,0.5,,,550.0,Enterobacter cloacae,Duplodnaviria,Heunggongvirae,Uroviricota,Caudoviricetes,Caudoviricetes incertae sedis,Cobrasixvirus,Cobrasixvirus cobrasix,,dsDNA
              Midgardsormrvirus,3044764,,,,,,,,,,,,0.33,,,,55211.0,Erwinia persicina,Duplodnaviria,Heunggongvirae,Uroviricota,Caudoviricetes,Caudoviricetes incertae sedis,Midgardsormrvirus,Midgardsormrvirus midgardsormr38,,dsDNA
                Phabiovirus,3044790,0.17,,,,,,,,,,,,,,,294.0,Pseudomonas fluorescens,Duplodnaviria,Heunggongvirae,Uroviricota,Caudoviricetes,Caudoviricetes incertae sedis,Chimalliviridae,Phabiovirus,Phabiovirus phabio,dsDNA
              Purivirus,3044798,,,,0.35,,0.3,0.24,0.42,,1.27,,0.65,,,,294.0,Pseudomonas fluorescens,Duplodnaviria,Heunggongvirae,Uroviricota,Caudoviricetes,Caudoviricetes incertae sedis,Purivirus,Purivirus UFJFPfDIW6,,dsDNA
              Quivirus,3044799,,0.2,,0.62,,,,,,,,0.46,,0.5,,1665.0,Arthrobacter globiformis,Duplodnaviria,Heunggongvirae,Uroviricota,Caudoviricetes,Caudoviricetes incertae sedis,Quivirus,Quivirus qui,,dsDNA
              Syrbvirus,3044838,0.16,0.62,,,,,0.28,,,1.55,,,,,,322686.0,Microbacterium sp. R1,Duplodnaviria,Heunggongvirae,Uroviricota,Caudoviricetes,Caudoviricetes incertae sedis,Syrbvirus,Syrbvirus R1,,dsDNA
              Medeavirus,3152510,,,,,,,,,,,,1.24,,,,323.0,Pseudomonas syringae pv. tomato,Duplodnaviria,Heunggongvirae,Uroviricota,Caudoviricetes,Caudoviricetes incertae sedis,Medeavirus,Medeavirus medea1,,dsDNA
              Hulijingvirus,3152622,,,,,,,,,,,,1.01,,,,652611.0,Pseudomonas aeruginosa PA14,Duplodnaviria,Heunggongvirae,Uroviricota,Caudoviricetes,Caudoviricetes incertae sedis,Hulijingvirus,Hulijingvirus LC313,,dsDNA
              Readingvirus,3152626,,,,,,,0.59,1.07,,1.26,,0.91,,,,286.0,Pseudomonas,Duplodnaviria,Heunggongvirae,Uroviricota,Caudoviricetes,Caudoviricetes incertae sedis,Readingvirus,Readingvirus MR15,,dsDNA
                Ninurtavirus,3152926,,,,,,,,,,,,,,2.63,,1.0,root,Monodnaviria,Shotokuvirae,Cressdnaviricota,Arfiviricetes,Saturnivirales,Kanorauviridae,Ninurtavirus,Ninurtavirus oceanis,
              Hafyongvirus,3152967,,,,,,,,,,,,0.36,,,,546367.0,Hafnia paralvei,Duplodnaviria,Heunggongvirae,Uroviricota,Caudoviricetes,Caudoviricetes incertae sedis,Hafyongvirus,Hafyongvirus yong1,,dsDNA
              Miecznikowavirus,3152971,,,,,,0.28,0.83,1.06,,4.45,0.52,2.48,,,,2597349.0,Pseudomonas sp. ANT_H14,Duplodnaviria,Heunggongvirae,Uroviricota,Caudoviricetes,Caudoviricetes incertae sedis,Miecznikowavirus,Miecznikowavirus AH14a,,dsDNA
                Otakuvirus,3152972,,,,,,,,,,,,0.39,,,,615.0,Serratia marcescens,Duplodnaviria,Heunggongvirae,Uroviricota,Caudoviricetes,Caudoviricetes incertae sedis,Sarkviridae,Otakuvirus,Otakuvirus Tsm2,dsDNA
              Shockervirus,3153082,,,,,,,,,,,,0.33,,,,199592.0,Microbacterium paraoxydans,Duplodnaviria,Heunggongvirae,Uroviricota,Caudoviricetes,Caudoviricetes incertae sedis,Shockervirus,Shockervirus shocker,,dsDNA
