name,taxid,ERR14789334,ERR14789335,ERR14789336,ERR14789337,ERR14789338,ERR14789339,ERR14789340,ERR14789341,ERR14789342,ERR14789343,ERR14789344,ERR14789345,ERR14789346,ERR14789347,ERR14789348,host tax id,host name,realm,kingdom,phylum,class,order,family,genus,species,baltimore_class
                  Mastadenovirus,10509,0.11,,,,,,0.48,,,,0.3,,,,,9555.0,Papio anubis,Varidnaviria,Bamfordvirae,Preplasmiviricota,Polisuviricotina,Pharingeaviricetes,Rowavirales,Adenoviridae,Mastadenovirus,
                Sobemovirus,12137,,1.01,,,,,,1.2,0.93,,0.25,7.41,,,,35608.0,Artemisia annua,Riboviria,Orthornavirae,Pisuviricota,Pisoniviricetes,Sobelivirales,Solemoviridae,Sobemovirus,Sobemovirus ARTVA,
                  Tombusvirus,12141,,,,,,,,,,,,0.3,,,,,,,,,,,,,,
                  Carlavirus,12163,0.13,,,,,,,,,,,,,,,85363.0,Aconitum carmichaelii,Riboviria,Orthornavirae,Kitrinoviricota,Alsuviricetes,Tymovirales,Betaflexiviridae,Quinvirinae,Carlavirus,+ssRNA
                Potexvirus,12176,0.14,0.71,,0.03,,,0.26,0.38,,0.24,,2.53,,,0.21,4686.0,Asparagus officinalis,Riboviria,Orthornavirae,Kitrinoviricota,Alsuviricetes,Tymovirales,Alphaflexiviridae,Potexvirus,Potexvirus triasparagi,+ssRNA
                Tobamovirus,12234,22.69,18.71,25.64,0.31,44.43,38.04,11.0,20.06,8.26,22.65,23.73,25.2,0.28,2.08,48.73,4071.0,Capsicum,Riboviria,Orthornavirae,Kitrinoviricota,Alsuviricetes,Martellivirales,Virgaviridae,Tobamovirus,Tobamovirus maculacapsici,+ssRNA
              Ceduovirus,186532,0.09,,,,,,,,,0.24,,,,,0.15,1359.0,Lactococcus cremoris,Duplodnaviria,Heunggongvirae,Uroviricota,Caudoviricetes,Caudoviricetes incertae sedis,Ceduovirus,unclassified Ceduovirus,,dsDNA
              Fromanvirus,186764,,,,,,,,,,,,0.76,,,,1763.0,Mycobacterium,Duplodnaviria,Heunggongvirae,Uroviricota,Caudoviricetes,Caudoviricetes incertae sedis,Fromanvirus,,,dsDNA
              Punavirus,186789,,,,,,,,,,,,0.59,,,,561.0,Escherichia,Duplodnaviria,Heunggongvirae,Uroviricota,Caudoviricetes,Caudoviricetes incertae sedis,Punavirus,Punavirus P1,,dsDNA
                Mamastrovirus,249588,0.14,,,,,,0.4,,,0.24,,,,,,9606.0,Homo sapiens,Riboviria,Orthornavirae,Pisuviricota,Stelpaviricetes,Stellavirales,Astroviridae,Mamastrovirus,Mamastrovirus melbournense,
                  Mimivirus,315393,,,,,,,,,,,0.25,,,,,5755.0,Acanthamoeba castellanii,Varidnaviria,Bamfordvirae,Nucleocytoviricota,Megaviricetes,Imitervirales,Mimiviridae,Megamimivirinae,Mimivirus,
                  Phikmvvirus,477967,,,,0.02,,,,,,,,,,2.59,,287.0,Pseudomonas aeruginosa,Duplodnaviria,Heunggongvirae,Uroviricota,Caudoviricetes,Autographivirales,Autoscriptoviridae,Krylovirinae,Phikmvvirus,dsDNA
              Rauchvirus,542959,,,,,,,0.29,,,,,,,,,518.0,Bordetella bronchiseptica,Duplodnaviria,Heunggongvirae,Uroviricota,Caudoviricetes,Caudoviricetes incertae sedis,Rauchvirus,Rauchvirus BPP1,,dsDNA
              Uetakevirus,542960,0.11,,0.39,,,,0.54,,,,,,,,0.1,550.0,Enterobacter cloacae,Duplodnaviria,Heunggongvirae,Uroviricota,Caudoviricetes,Caudoviricetes incertae sedis,Uetakevirus,unclassified Uetakevirus,,dsDNA
              Bixzunavirus,680114,0.09,,,,,,,,,,,,,,,246196.0,Mycolicibacterium smegmatis MC2 155,Duplodnaviria,Heunggongvirae,Uroviricota,Caudoviricetes,Caudoviricetes incertae sedis,Bixzunavirus,unclassified Bixzunavirus,,dsDNA
                Phikzvirus,680115,,,,0.01,,,,,,,,,,,,287.0,Pseudomonas aeruginosa,Duplodnaviria,Heunggongvirae,Uroviricota,Caudoviricetes,Caudoviricetes incertae sedis,Chimalliviridae,Phikzvirus,Phikzvirus phiKZ,dsDNA
                  Alphanecrovirus,1299309,,,,,,,,0.33,,,,0.3,,,,,,,,,,,,,,
                  Betanecrovirus,1299311,,,,,,,,,,,,0.3,,,,,,,,,,,,,,
                  Nyavirus,1513295,,,,,,,,,,,,,,0.23,,76058.0,Somateria mollissima,Riboviria,Orthornavirae,Negarnaviricota,Haploviricotina,Monjiviricetes,Mononegavirales,Nyamiviridae,Nyavirus,-ssRNA
                Gemycircularvirus,1542744,,3.29,,,,,,1.56,0.86,,,6.1,,,,9852.0,Alces alces,Monodnaviria,Shotokuvirae,Cressdnaviricota,Repensiviricetes,Geplafuvirales,Genomoviridae,Gemycircularvirus,Gemycircularvirus lepam1,
              Cheoctovirus,1623281,0.89,,,,,,1.11,,,,,1.35,,,0.4,1763.0,Mycobacterium,Duplodnaviria,Heunggongvirae,Uroviricota,Caudoviricetes,Caudoviricetes incertae sedis,Cheoctovirus,unclassified Cheoctovirus,,dsDNA
              Liefievirus,1623288,0.13,,,,,,,,,,,,,,,246196.0,Mycolicibacterium smegmatis MC2 155,Duplodnaviria,Heunggongvirae,Uroviricota,Caudoviricetes,Caudoviricetes incertae sedis,Liefievirus,Liefievirus halo,Mycobacterium virus Halo,dsDNA
              Skunavirus,1623305,0.22,,,0.01,0.37,,0.45,1.44,,0.37,0.99,,,,0.18,1358.0,Lactococcus lactis,Duplodnaviria,Heunggongvirae,Uroviricota,Caudoviricetes,Caudoviricetes incertae sedis,Skunavirus,unclassified Skunavirus,,dsDNA
              Hollowayvirus,1720324,0.1,,0.44,,,,0.31,,,,,,,,0.09,287.0,Pseudomonas aeruginosa,Duplodnaviria,Heunggongvirae,Uroviricota,Caudoviricetes,Caudoviricetes incertae sedis,Hollowayvirus,unclassified Hollowayvirus,,dsDNA
                  Alphatrevirus,1910951,0.12,,,,,,0.24,,,0.22,0.25,,,,,561.0,Escherichia,Monodnaviria,Sangervirae,Phixviricota,Malgrandaviricetes,Petitvirales,Microviridae,Bullavirinae,Alphatrevirus,
                  Kagunavirus,1910992,0.67,1.55,0.67,,0.78,,0.73,0.49,,0.64,0.5,0.64,,0.04,0.24,562.0,Escherichia coli,Duplodnaviria,Heunggongvirae,Uroviricota,Caudoviricetes,Caudoviricetes incertae sedis,Sarkviridae,Guernseyvirinae,Kagunavirus,dsDNA
                  Cornellvirus,1910993,,0.88,,,,,0.96,,,,,,,,0.23,340188.0,Salmonella enterica subsp. enterica serovar Cerro,Duplodnaviria,Heunggongvirae,Uroviricota,Caudoviricetes,Caudoviricetes incertae sedis,Sarkviridae,Guernseyvirinae,Cornellvirus,dsDNA
                  Alphacarmovirus,1911599,0.1,,,,,,,,,0.22,,,,,,,,,,,,,,,,
                  Gammacarmovirus,1911601,1.64,,,,0.92,,,,0.4,0.29,0.4,0.37,0.01,,0.24,,,,,,,,,,,
                  Mosigvirus,1913652,,,,,,,,,,,,,0.01,,,244319.0,Escherichia coli O26:H11,Duplodnaviria,Heunggongvirae,Uroviricota,Caudoviricetes,Pantevenvirales,Straboviridae,Tevenvirinae,Mosigvirus,dsDNA
              Vequintavirus,1914852,0.15,,,,,,0.26,,,0.19,0.36,,,,0.25,197.0,Campylobacter jejuni,Duplodnaviria,Heunggongvirae,Uroviricota,Caudoviricetes,Caudoviricetes incertae sedis,Vequintavirus,Vequintavirus PDX,Vequintavirus FFH2,dsDNA
              Obolenskvirus,1915205,,,,,,,0.39,,,,,,,,,470.0,Acinetobacter baumannii,Duplodnaviria,Heunggongvirae,Uroviricota,Caudoviricetes,Caudoviricetes incertae sedis,Obolenskvirus,unclassified Obolenskvirus,,dsDNA
              Mapvirus,1920750,0.13,,,,,,,,,,,,,,,1770.0,Mycobacterium avium subsp. paratuberculosis,Duplodnaviria,Heunggongvirae,Uroviricota,Caudoviricetes,Caudoviricetes incertae sedis,Mapvirus,Mapvirus Ff47,,dsDNA
                  Gamaleyavirus,1920753,0.19,,,0.02,,,,,,0.21,,,,,0.15,1884818.0,Escherichia sp.,Duplodnaviria,Heunggongvirae,Uroviricota,Caudoviricetes,Caudoviricetes incertae sedis,Schitoviridae,Enquatrovirinae,Gamaleyavirus,dsDNA
                  Litunavirus,1920762,0.24,,,,,,,,,,,,0.01,,,208964.0,Pseudomonas aeruginosa PAO1,Duplodnaviria,Heunggongvirae,Uroviricota,Caudoviricetes,Caudoviricetes incertae sedis,Schitoviridae,Migulavirinae,Litunavirus,dsDNA
                  Drulisvirus,1920774,0.2,,0.42,0.02,,,0.26,,,,,,,0.09,0.19,470.0,Acinetobacter baumannii,Duplodnaviria,Heunggongvirae,Uroviricota,Caudoviricetes,Autographivirales,Autoscriptoviridae,Slopekvirinae,Drulisvirus,dsDNA
                Webervirus,1920860,0.17,0.41,,0.02,0.41,,1.85,,,0.26,0.4,0.34,,,0.35,548.0,Klebsiella aerogenes,Duplodnaviria,Heunggongvirae,Uroviricota,Caudoviricetes,Caudoviricetes incertae sedis,Drexlerviridae,Webervirus,Webervirus F20,dsDNA
                  Tlsvirus,1920865,,,0.39,,,,,,,,,,,,,184912.0,Citrobacter sp. TSA-1,Duplodnaviria,Heunggongvirae,Uroviricota,Caudoviricetes,Caudoviricetes incertae sedis,Drexlerviridae,Tempevirinae,Tlsvirus,dsDNA
                  Pakpunavirus,1921407,0.11,,,,,,,,,,,,,,,3374103.0,Limnohabitans sp. DCL3,Duplodnaviria,Heunggongvirae,Uroviricota,Caudoviricetes,Caudoviricetes incertae sedis,Vandenendeviridae,Skurskavirinae,Pakpunavirus,dsDNA
              Septimatrevirus,1921544,0.1,,,,,,0.81,,,,,,,,0.1,287.0,Pseudomonas aeruginosa,Duplodnaviria,Heunggongvirae,Uroviricota,Caudoviricetes,Caudoviricetes incertae sedis,Septimatrevirus,Septimatrevirus C1,Septimatrevirus sv73,dsDNA
                Gemykibivirus,1941236,0.37,2.24,,,0.75,,0.57,5.26,2.39,0.19,0.35,3.97,,,0.37,9662.0,Meles meles,Monodnaviria,Shotokuvirae,Cressdnaviricota,Repensiviricetes,Geplafuvirales,Genomoviridae,Gemykibivirus,Gemykibivirus badas1,
              Mudcatvirus,1982088,,,,,,,,0.28,1.7,,,,,,,1771959.0,[Arthrobacter] sp. ATCC 21022,Duplodnaviria,Heunggongvirae,Uroviricota,Caudoviricetes,Caudoviricetes incertae sedis,Mudcatvirus,Mudcatvirus arcadia,,dsDNA
              Gordonvirus,1982152,0.12,,,,,,,0.26,6.65,,,,,,0.1,1667.0,Arthrobacter sp.,Duplodnaviria,Heunggongvirae,Uroviricota,Caudoviricetes,Caudoviricetes incertae sedis,Gordonvirus,Gordonvirus breylor17,,dsDNA
              Nipunavirus,1982239,,,,,0.78,,0.24,,,,,,,,,287.0,Pseudomonas aeruginosa,Duplodnaviria,Heunggongvirae,Uroviricota,Caudoviricetes,Caudoviricetes incertae sedis,Nipunavirus,Nipunavirus quinobequin,Nipunavirus NP1,dsDNA
              Pepyhexavirus,1982367,1.57,1.98,0.45,,,,,2.7,0.53,,1.78,,,0.04,0.82,1827.0,Rhodococcus,Duplodnaviria,Heunggongvirae,Uroviricota,Caudoviricetes,Caudoviricetes incertae sedis,Pepyhexavirus,Pepyhexavirus pepy6,,dsDNA
                  Johnsonvirus,1982576,0.1,,,,,,,,,,,,0.02,,,552.0,Erwinia amylovora,Duplodnaviria,Heunggongvirae,Uroviricota,Caudoviricetes,Caudoviricetes incertae sedis,Schitoviridae,Erskinevirinae,Johnsonvirus,dsDNA
                  Luzseptimavirus,1982594,,,,,,,,,,,,,0.23,,,,,,,,,,,,,
                Slopekvirus,1985328,,,,,,,,,,,,,0.04,,,548.0,Klebsiella aerogenes,Duplodnaviria,Heunggongvirae,Uroviricota,Caudoviricetes,Pantevenvirales,Straboviridae,Slopekvirus,Slopekvirus eap3,dsDNA
                Gemygorvirus,1985366,,,,,,,,0.47,,,,0.32,,,,1.0,root,Monodnaviria,Shotokuvirae,Cressdnaviricota,Repensiviricetes,Geplafuvirales,Genomoviridae,Gemygorvirus,Gemygorvirus hydro1,
                Gemykrogvirus,1985367,,,,,,,,0.42,,0.29,,0.34,,,,7460.0,Apis mellifera,Monodnaviria,Shotokuvirae,Cressdnaviricota,Repensiviricetes,Geplafuvirales,Genomoviridae,Gemykrogvirus,Gemykrogvirus apime1,
                  Friunavirus,1985711,,,,,,,,,,,0.28,,,,,470.0,Acinetobacter baumannii,Duplodnaviria,Heunggongvirae,Uroviricota,Caudoviricetes,Autographivirales,Autoscriptoviridae,Beijerinckvirinae,Friunavirus,dsDNA
                  Przondovirus,1985720,,,,,,,,,,,,,0.04,0.39,,573.0,Klebsiella pneumoniae,Duplodnaviria,Heunggongvirae,Uroviricota,Caudoviricetes,Autographivirales,Autotranscriptaviridae,Studiervirinae,Przondovirus,dsDNA
                  Pradovirus,1985733,,,,0.16,,,0.24,,,,,,,,,456327.0,Xanthomonas euvesicatoria,Duplodnaviria,Heunggongvirae,Uroviricota,Caudoviricetes,Autographivirales,Autonotataviridae,Gujervirinae,Pradovirus,dsDNA
                Wildcatvirus,1993858,,,,,,,,0.26,,,,,,,,1763.0,Mycobacterium,Duplodnaviria,Heunggongvirae,Uroviricota,Caudoviricetes,Caudoviricetes incertae sedis,Vilmaviridae,Wildcatvirus,unclassified Wildcatvirus,dsDNA
          Pandoravirus,2060084,,,,,,,1.38,,,,,1.21,0.03,,0.27,,,,,,,,,,,
                  Ithacavirus,2169643,,,,,,,,,,0.41,,,,,,98360.0,Salmonella enterica subsp. enterica serovar Dublin,Duplodnaviria,Heunggongvirae,Uroviricota,Caudoviricetes,Caudoviricetes incertae sedis,Schitoviridae,Humphriesvirinae,Ithacavirus,dsDNA
              Bingvirus,2560103,,,,,,,,,,,,,0.02,,0.08,1916.0,Streptomyces lividans,Duplodnaviria,Heunggongvirae,Uroviricota,Caudoviricetes,Caudoviricetes incertae sedis,Bingvirus,Bingvirus bing,,dsDNA
              Chakrabartyvirus,2560113,,,,,,,,,,,,,0.1,,,303.0,Pseudomonas putida,Duplodnaviria,Heunggongvirae,Uroviricota,Caudoviricetes,Caudoviricetes incertae sedis,Chakrabartyvirus,Chakrabartyvirus pf16,,dsDNA
                  Coguvirus,2560118,0.51,,,,,,,,,,,,,,,93385.0,Brassica rapa subsp. chinensis,Riboviria,Orthornavirae,Negarnaviricota,Polyploviricotina,Bunyaviricetes,Hareavirales,Phenuiviridae,Coguvirus,-ssRNA
              Dismasvirus,2560122,0.13,16.92,,,,,2.04,1.06,1.33,0.19,,,,,0.18,104336.0,Microbacterium foliorum,Duplodnaviria,Heunggongvirae,Uroviricota,Caudoviricetes,Caudoviricetes incertae sedis,Dismasvirus,unclassified Dismasvirus,,dsDNA
              Farahnazvirus,2560130,0.09,,,,,,0.33,0.85,0.87,,,,,,,82380.0,Microbacterium oxydans,Duplodnaviria,Heunggongvirae,Uroviricota,Caudoviricetes,Caudoviricetes incertae sedis,Farahnazvirus,Farahnazvirus ISF9,,dsDNA
              Fipvunavirus,2560132,0.09,,,,,,,,,0.17,,,,,,96345.0,Flavobacterium psychrophilum,Duplodnaviria,Heunggongvirae,Uroviricota,Caudoviricetes,Caudoviricetes incertae sedis,Fipvunavirus,unclassified Fipvunavirus,,dsDNA
                  Flaumdravirus,2560133,1.0,,,,,,,,,,,,1.5,,,83964.0,Pseudomonas coronafaciens pv. porri,Duplodnaviria,Heunggongvirae,Uroviricota,Caudoviricetes,Caudoviricetes incertae sedis,Vandenendeviridae,Gorskivirinae,Flaumdravirus,dsDNA
              Gustavvirus,2560144,,,,,,0.75,,,,,,,,,,2055.0,Gordonia terrae,Duplodnaviria,Heunggongvirae,Uroviricota,Caudoviricetes,Caudoviricetes incertae sedis,Gustavvirus,Gustavvirus gustav,,dsDNA
                Locarnavirus,2560169,,,,,,,,,,0.4,,,,,,1.0,root,Riboviria,Orthornavirae,Pisuviricota,Pisoniviricetes,Picornavirales,Marnaviridae,Locarnavirus,Locarnavirus jerichoensis,
                Napahaivirus,2560184,,,,,,,,,,,,,,0.14,,286.0,Pseudomonas,Duplodnaviria,Heunggongvirae,Uroviricota,Caudoviricetes,Autographivirales,Autonotataviridae,Napahaivirus,Napahaivirus VSW3,dsDNA
                  Otagovirus,2560197,0.29,,,,,,0.48,,,,,,3.96,,,204039.0,Dickeya dianthicola,Duplodnaviria,Heunggongvirae,Uroviricota,Caudoviricetes,Caudoviricetes incertae sedis,Vandenendeviridae,Gorskivirinae,Otagovirus,dsDNA
              Peatvirus,2560201,,,,,,,,,,,,,,,3.33,29471.0,Pectobacterium atrosepticum,Duplodnaviria,Heunggongvirae,Uroviricota,Caudoviricetes,Caudoviricetes incertae sedis,Peatvirus,Peatvirus peat2,,dsDNA
                  Phimunavirus,2560202,0.26,,0.66,0.46,,0.78,0.36,,,0.37,0.28,,,,,29471.0,Pectobacterium atrosepticum,Duplodnaviria,Heunggongvirae,Uroviricota,Caudoviricetes,Autographivirales,Autoscriptoviridae,Corkvirinae,Phimunavirus,dsDNA
              Plaisancevirus,2560204,0.66,,,,,,,,,,,,,,0.09,303.0,Pseudomonas putida,Duplodnaviria,Heunggongvirae,Uroviricota,Caudoviricetes,Caudoviricetes incertae sedis,Plaisancevirus,Plaisancevirus PMW,,dsDNA
              Popoffvirus,2560208,0.16,,,0.01,,,1.08,,,0.38,0.45,,,,0.1,645.0,Aeromonas salmonicida,Duplodnaviria,Heunggongvirae,Uroviricota,Caudoviricetes,Caudoviricetes incertae sedis,Popoffvirus,Popoffvirus pv56,,dsDNA
              Scapunavirus,2560225,,,,,,,,,,,,,,,0.08,1930.0,Streptomyces scabiei,Duplodnaviria,Heunggongvirae,Uroviricota,Caudoviricetes,Caudoviricetes incertae sedis,Scapunavirus,unclassified Scapunavirus,,dsDNA
                Sugarlandvirus,2560233,,,,0.01,,,,,,,,,,0.03,,573.0,Klebsiella pneumoniae,Duplodnaviria,Heunggongvirae,Uroviricota,Caudoviricetes,Caudoviricetes incertae sedis,Demerecviridae,Sugarlandvirus,Sugarlandvirus AmPhEK80,dsDNA
                Tulanevirus,2560244,0.12,,,,,,,,,0.24,,,,,0.09,645.0,Aeromonas salmonicida,Duplodnaviria,Heunggongvirae,Uroviricota,Caudoviricetes,Pantevenvirales,Straboviridae,Tulanevirus,Tulanevirus bteighttwo,dsDNA
              Vicosavirus,2560248,,,,0.07,,,,,,,,,,,,564423.0,Pseudomonas tolaasii NCPPB 2192,Duplodnaviria,Heunggongvirae,Uroviricota,Caudoviricetes,Caudoviricetes incertae sedis,Vicosavirus,Vicosavirus NV1,,dsDNA
                  Epseptimavirus,2732017,,,,0.01,,,,,,,,,,,,83333.0,Escherichia coli K-12,Duplodnaviria,Heunggongvirae,Uroviricota,Caudoviricetes,Caudoviricetes incertae sedis,Demerecviridae,Markadamsvirinae,Epseptimavirus,dsDNA
                  Apdecimavirus,2732676,0.15,,,,,,,,,,,,,,,,,,,,,,,,,
                  Berlinvirus,2732677,,,,,,,,,,,,,0.01,0.15,,546.0,Citrobacter freundii,Duplodnaviria,Heunggongvirae,Uroviricota,Caudoviricetes,Autographivirales,Autotranscriptaviridae,Studiervirinae,Berlinvirus,dsDNA
                  Caroctavirus,2732678,,,,,,,,,,,,,0.01,,,,,,,,,,,,,
                  Ghunavirus,2732683,,,,,,,,,,,,,4.64,0.81,,317.0,Pseudomonas syringae,Duplodnaviria,Heunggongvirae,Uroviricota,Caudoviricetes,Autographivirales,Autotranscriptaviridae,Studiervirinae,Ghunavirus,dsDNA
                  Jarilovirus,2732685,,,,,,,,,,,,,,0.06,,555.0,Pectobacterium carotovorum subsp. carotovorum,Duplodnaviria,Heunggongvirae,Uroviricota,Caudoviricetes,Autographivirales,Autotranscriptaviridae,Studiervirinae,Jarilovirus,dsDNA
                  Kayfunavirus,2732686,,,,,,,,,,,,,0.02,0.54,,1.0,root,Duplodnaviria,Heunggongvirae,Uroviricota,Caudoviricetes,Autographivirales,Autotranscriptaviridae,Studiervirinae,Kayfunavirus,dsDNA
                  Pektosvirus,2732689,,,,,,,,,,,,,,0.12,,29471.0,Pectobacterium atrosepticum,Duplodnaviria,Heunggongvirae,Uroviricota,Caudoviricetes,Autographivirales,Autotranscriptaviridae,Studiervirinae,Pektosvirus,dsDNA
                  Phutvirus,2732690,,,,,1.9,,,,,,,,,0.03,,70775.0,Pseudomonas plecoglossicida,Duplodnaviria,Heunggongvirae,Uroviricota,Caudoviricetes,Autographivirales,Autotranscriptaviridae,Studiervirinae,Phutvirus,dsDNA
                  Pifdecavirus,2732691,,,,,,,,,,,,,4.86,,,1211579.0,Pseudomonas putida NBRC 14164,Duplodnaviria,Heunggongvirae,Uroviricota,Caudoviricetes,Autographivirales,Autotranscriptaviridae,Studiervirinae,Pifdecavirus,dsDNA
                  Pijolavirus,2732692,,,,1.38,,,0.78,,,,,,0.35,8.68,,,,,,,,,,,,
                  Teetrevirus,2732693,,,,,,,,,,,,,0.01,0.36,,543.0,Enterobacteriaceae,Duplodnaviria,Heunggongvirae,Uroviricota,Caudoviricetes,Autographivirales,Autotranscriptaviridae,Studiervirinae,Teetrevirus,dsDNA
                  Troedvirus,2732694,,,,,,,,,,,,,0.01,0.14,,,,,,,,,,,,
                Tunggulvirus,2732909,1.14,,,94.62,,,,,0.83,,,,,0.55,0.51,287.0,Pseudomonas aeruginosa,Duplodnaviria,Heunggongvirae,Uroviricota,Caudoviricetes,Autographivirales,Autoscriptoviridae,Tunggulvirus,Tunggulvirus f2,dsDNA
                  Kantovirus,2732920,,,,,,,,,,,,,,1.12,,303.0,Pseudomonas putida,Duplodnaviria,Heunggongvirae,Uroviricota,Caudoviricetes,Autographivirales,Autoscriptoviridae,Corkvirinae,Kantovirus,dsDNA
                  Kotilavirus,2732921,,,,,,,,,,,,,,0.56,,554.0,Pectobacterium carotovorum,Duplodnaviria,Heunggongvirae,Uroviricota,Caudoviricetes,Autographivirales,Autoscriptoviridae,Corkvirinae,Kotilavirus,dsDNA
                  Stompvirus,2732922,,,,,,,,,,0.17,,,,,,1778540.0,Dickeya fangzhongdai,Duplodnaviria,Heunggongvirae,Uroviricota,Caudoviricetes,Autographivirales,Autoscriptoviridae,Corkvirinae,Stompvirus,dsDNA
                  Kirikabuvirus,2732923,,,,0.29,,,,,,,,,,73.12,,46677.0,Pseudomonas agarici,Duplodnaviria,Heunggongvirae,Uroviricota,Caudoviricetes,Autographivirales,Autoscriptoviridae,Krylovirinae,Kirikabuvirus,dsDNA
                Stubburvirus,2732924,,,,,,,,,,0.98,,,,,,208964.0,Pseudomonas aeruginosa PAO1,Duplodnaviria,Heunggongvirae,Uroviricota,Caudoviricetes,Autographivirales,Autoscriptoviridae,Stubburvirus,Stubburvirus LKA1,dsDNA
                  Carltongylesvirus,2732960,0.11,,,,,,,,,,,,,,,511145.0,Escherichia coli str. K-12 substr. MG1655,Duplodnaviria,Heunggongvirae,Uroviricota,Caudoviricetes,Caudoviricetes incertae sedis,Chaseviridae,Cleopatravirinae,Carltongylesvirus,dsDNA
                  Pahsextavirus,2732963,0.14,,,,,0.64,,,,,,,,,0.29,196024.0,Aeromonas dhakensis,Duplodnaviria,Heunggongvirae,Uroviricota,Caudoviricetes,Caudoviricetes incertae sedis,Chaseviridae,Nefertitivirinae,Pahsextavirus,dsDNA
              Saclayvirus,2733128,,,,,,,0.33,,,,,,,,,470.0,Acinetobacter baumannii,Duplodnaviria,Heunggongvirae,Uroviricota,Caudoviricetes,Caudoviricetes incertae sedis,Saclayvirus,unclassified Saclayvirus,,dsDNA
                Shizishanvirus,2733148,,,,,,,,,,,,,10.37,,,294.0,Pseudomonas fluorescens,Duplodnaviria,Heunggongvirae,Uroviricota,Caudoviricetes,Caudoviricetes incertae sedis,Schitoviridae,Shizishanvirus,Shizishanvirus phCDa,dsDNA
              Apricotvirus,2733166,0.31,,,,,,,,,,,,,,,2055.0,Gordonia terrae,Duplodnaviria,Heunggongvirae,Uroviricota,Caudoviricetes,Caudoviricetes incertae sedis,Apricotvirus,Apricotvirus apricot,,dsDNA
              Feofaniavirus,2733174,,7.02,,,,,,0.89,,,,,,,0.36,551.0,Erwinia,Duplodnaviria,Heunggongvirae,Uroviricota,Caudoviricetes,Caudoviricetes incertae sedis,Feofaniavirus,Feofaniavirus Eho49,,dsDNA
              Krampusvirus,2733184,,,,,,,0.48,1.2,,,,,,,,104336.0,Microbacterium foliorum,Duplodnaviria,Heunggongvirae,Uroviricota,Caudoviricetes,Caudoviricetes incertae sedis,Krampusvirus,unclassified Krampusvirus,,dsDNA
              Maxrubnervirus,2733193,,,,,,,0.24,0.28,,,,,,,,129847.0,Pseudomonas grimontii,Duplodnaviria,Heunggongvirae,Uroviricota,Caudoviricetes,Caudoviricetes incertae sedis,Maxrubnervirus,Maxrubnervirus PMBT3,,dsDNA
              Rogerhendrixvirus,2733204,,,,,,,,,,,,,,,0.12,199592.0,Microbacterium paraoxydans,Duplodnaviria,Heunggongvirae,Uroviricota,Caudoviricetes,Caudoviricetes incertae sedis,Rogerhendrixvirus,unclassified Rogerhendrixvirus,,dsDNA
              Squashvirus,2733215,,,,,,,,,,,0.33,,,,,104336.0,Microbacterium foliorum,Duplodnaviria,Heunggongvirae,Uroviricota,Caudoviricetes,Caudoviricetes incertae sedis,Squashvirus,unclassified Squashvirus,,dsDNA
                    Betanucleorhabdovirus,2733248,,,,0.06,,,,,,,,,,,,,,,,,,,,,,
                  Fadolivirus,2763561,,,,0.04,,,,,,,,,,,,5778.0,Vermamoeba vermiformis,Varidnaviria,Bamfordvirae,Nucleocytoviricota,Megaviricetes,Imitervirales,Mimiviridae,Klosneuvirinae,Fadolivirus,
                Alehxovirus,2842364,0.11,,1.8,,0.64,,,,,,0.45,,,0.04,,1.0,root,Riboviria,Orthornavirae,Lenarviricota,Leviviricetes,Timlovirales,Steitzviridae,Alehxovirus,Alehxovirus humivicinum,+ssRNA
                Andihavirus,2842377,0.96,,,,,,,,,,,,,,,1.0,root,Riboviria,Orthornavirae,Lenarviricota,Leviviricetes,Norzivirales,Solspiviridae,Andihavirus,Andihavirus borborohabitans,+ssRNA
                Apeevirus,2842379,,,,,0.37,,,,,,,,,,0.08,70347.0,Acinetobacter higginsii,Riboviria,Orthornavirae,Lenarviricota,Leviviricetes,Norzivirales,Duinviridae,Apeevirus,Apeevirus quebecense,+ssRNA
                Ashucavirus,2842389,,,,,,,,,,,,,,,0.18,1.0,root,Riboviria,Orthornavirae,Lenarviricota,Leviviricetes,Norzivirales,Fiersviridae,Ashucavirus,Ashucavirus caenicola,+ssRNA
              Akonivirus,2842540,0.11,,,,,,0.86,,,0.24,,,,,0.11,104336.0,Microbacterium foliorum,Duplodnaviria,Heunggongvirae,Uroviricota,Caudoviricetes,Caudoviricetes incertae sedis,Akonivirus,Akonivirus akoni,,dsDNA
                  Aoqinvirus,2842544,,,,,,,,,,,,,0.01,,,375451.0,Roseobacter denitrificans OCh 114,Duplodnaviria,Heunggongvirae,Uroviricota,Caudoviricetes,Caudoviricetes incertae sedis,Schitoviridae,Rhodovirinae,Aoqinvirus,dsDNA
                Cbunavirus,2842586,0.7,0.41,0.45,0.03,1.01,1.17,0.4,0.59,,1.04,0.35,,0.01,0.04,0.37,562.0,Escherichia coli,Duplodnaviria,Heunggongvirae,Uroviricota,Caudoviricetes,Caudoviricetes incertae sedis,Schitoviridae,Cbunavirus,unclassified Cbunavirus,dsDNA
                Cehakivirus,2842589,0.09,,,,,,,,,,,,,,,1.0,root,Riboviria,Orthornavirae,Lenarviricota,Leviviricetes,Norzivirales,Fiersviridae,Cehakivirus,Cehakivirus limihabitans,+ssRNA
                  Dongdastvirus,2842653,0.12,,,,,,,,,,,,,,,,,,,,,,,,,
                Gihfavirus,2842702,3.34,5.79,18.51,0.07,1.93,,1.26,3.69,21.1,7.41,9.61,3.3,0.44,1.24,1.45,1.0,root,Riboviria,Orthornavirae,Lenarviricota,Leviviricetes,Timlovirales,Steitzviridae,Gihfavirus,Gihfavirus chorovivens,+ssRNA
                Hohrdovirus,2842736,0.42,,,,,,,,,,0.33,,,,0.08,1.0,root,Riboviria,Orthornavirae,Lenarviricota,Leviviricetes,Timlovirales,Steitzviridae,Hohrdovirus,Hohrdovirus edaphohabitans,+ssRNA
                  Inbricusvirus,2842758,0.12,,,,,,,,,,,,,,0.08,663959.0,Pseudomonas syringae pv. avii,Duplodnaviria,Heunggongvirae,Uroviricota,Caudoviricetes,Caudoviricetes incertae sedis,Schitoviridae,Rothmandenesvirinae,Inbricusvirus,dsDNA
                Ineyimevirus,2842759,0.12,,,,,,,,,,,,,,,1.0,root,Riboviria,Orthornavirae,Lenarviricota,Leviviricetes,Norzivirales,Fiersviridae,Ineyimevirus,Ineyimevirus lutihabitans,+ssRNA
                Ishugivirus,2842767,0.4,0.86,0.32,,,,,,,,,,,0.06,0.14,1.0,root,Riboviria,Orthornavirae,Lenarviricota,Leviviricetes,Norzivirales,Fiersviridae,Ishugivirus,Ishugivirus pelohabitans,+ssRNA
                Kehmevirus,2842790,,,,,,,,,1.24,,,,,,,1.0,root,Riboviria,Orthornavirae,Lenarviricota,Leviviricetes,Norzivirales,Fiersviridae,Kehmevirus,Kehmevirus defluviicola,+ssRNA
                Kemicevirus,2842792,0.92,,0.71,,0.61,,,0.49,,0.28,,0.25,,,0.2,1.0,root,Riboviria,Orthornavirae,Lenarviricota,Leviviricetes,Norzivirales,Fiersviridae,Kemicevirus,Kemicevirus caenicola,+ssRNA
              Kenoshavirus,2842796,1.58,1.7,0.51,,,,,3.41,,0.17,1.52,,,0.07,1.13,36822.0,Gordonia rubripertincta,Duplodnaviria,Heunggongvirae,Uroviricota,Caudoviricetes,Caudoviricetes incertae sedis,Kenoshavirus,unclassified Kenoshavirus,,dsDNA
                Kinglevirus,2842802,1.48,7.17,2.19,0.01,4.89,3.77,,3.53,9.34,1.64,0.83,1.57,0.51,0.73,0.57,1.0,root,Riboviria,Orthornavirae,Lenarviricota,Leviviricetes,Timlovirales,Steitzviridae,Kinglevirus,Kinglevirus lutadaptatum,+ssRNA
                Kohmavirus,2842807,,,,,,,,,,,0.35,,,,,1.0,root,Riboviria,Orthornavirae,Lenarviricota,Leviviricetes,Norzivirales,Duinviridae,Kohmavirus,Kohmavirus luticola,+ssRNA
                Littlefixvirus,2842828,,,,,,,,,,,,,0.07,,,294.0,Pseudomonas fluorescens,Duplodnaviria,Heunggongvirae,Uroviricota,Caudoviricetes,Caudoviricetes incertae sedis,Schitoviridae,Littlefixvirus,Littlefixvirus 98Pflur60pp,dsDNA
                Mekintivirus,2842861,0.53,,,,,,,,,,,,,,,1.0,root,Riboviria,Orthornavirae,Lenarviricota,Leviviricetes,Norzivirales,Fiersviridae,Mekintivirus,Mekintivirus lutihabitans,+ssRNA
                Mooreparkvirus,2842881,0.29,,,,,,1.07,,,0.24,,,,,0.09,1578.0,Lactobacillus,Duplodnaviria,Heunggongvirae,Uroviricota,Caudoviricetes,Caudoviricetes incertae sedis,Herelleviridae,Mooreparkvirus,Mooreparkvirus Lb3381,dsDNA
              Mydovirus,2842888,,,,,,,,,0.74,,,,,,,562.0,Escherichia coli,Duplodnaviria,Heunggongvirae,Uroviricota,Caudoviricetes,Caudoviricetes incertae sedis,Mydovirus,unclassified Mydovirus,,dsDNA
                  Nahantvirus,2842892,,,,,,,,,,,,,0.04,,,29497.0,Vibrio splendidus,Duplodnaviria,Heunggongvirae,Uroviricota,Caudoviricetes,Caudoviricetes incertae sedis,Schitoviridae,Pontosvirinae,Nahantvirus,dsDNA
                Nehpavirus,2842897,,,,,,,,,,,,,,,0.14,1.0,root,Riboviria,Orthornavirae,Lenarviricota,Leviviricetes,Timlovirales,Blumeviridae,Nehpavirus,Nehpavirus caenenecus,+ssRNA
                Paysduvirus,2842943,0.2,,0.84,,,,,,,,,,,0.07,0.2,1.0,root,Riboviria,Orthornavirae,Lenarviricota,Leviviricetes,Norzivirales,Fiersviridae,Paysduvirus,Paysduvirus asiocola,+ssRNA
                Riverridervirus,2843008,,,,,,,,,,,,,0.07,,,48664.0,Xanthomonas fragariae,Duplodnaviria,Heunggongvirae,Uroviricota,Caudoviricetes,Caudoviricetes incertae sedis,Schitoviridae,Riverridervirus,Riverridervirus riverrider,dsDNA
                  Sabourvirus,2843014,,,,,,,,,,0.26,,,,,0.09,,,,,,,,,,,
              Secretariatvirus,2843027,0.9,0.86,0.35,,,,,1.34,,,1.25,,,0.04,0.58,36822.0,Gordonia rubripertincta,Duplodnaviria,Heunggongvirae,Uroviricota,Caudoviricetes,Caudoviricetes incertae sedis,Secretariatvirus,Secretariatvirus secretariat,,dsDNA
                Shebanavirus,2843035,0.1,,,,,,,,,,,,,,,1.0,root,Riboviria,Orthornavirae,Lenarviricota,Leviviricetes,Norzivirales,Fiersviridae,Shebanavirus,Shebanavirus borborovicinum,+ssRNA
                Suhnsivirus,2843062,,,,,,,,,,,,0.27,,,,1.0,root,Riboviria,Orthornavirae,Lenarviricota,Leviviricetes,Timlovirales,Steitzviridae,Suhnsivirus,Suhnsivirus arvicola,+ssRNA
              Tanisvirus,2843069,3.15,0.65,,,,,,1.46,1.36,,0.64,,,0.19,0.36,36822.0,Gordonia rubripertincta,Duplodnaviria,Heunggongvirae,Uroviricota,Caudoviricetes,Caudoviricetes incertae sedis,Tanisvirus,unclassified Tanisvirus,,dsDNA
              Tinytimothyvirus,2843096,0.13,,,,,,0.52,,,,,,,,,104336.0,Microbacterium foliorum,Duplodnaviria,Heunggongvirae,Uroviricota,Caudoviricetes,Caudoviricetes incertae sedis,Tinytimothyvirus,Tinytimothyvirus alex44,,dsDNA
                  Warsawvirus,2843128,,,,,,,,,,,,,0.03,0.39,,53407.0,Pseudomonas asplenii,Duplodnaviria,Heunggongvirae,Uroviricota,Caudoviricetes,Autographivirales,Autotranscriptaviridae,Studiervirinae,Warsawvirus,dsDNA
                  Yonginvirus,2843155,,,,,,,,,,0.19,,,0.03,,,79967.0,Erwinia pyrifoliae,Duplodnaviria,Heunggongvirae,Uroviricota,Caudoviricetes,Caudoviricetes incertae sedis,Schitoviridae,Erskinevirinae,Yonginvirus,dsDNA
              Astrithrvirus,2843350,0.22,,0.39,0.01,0.44,,0.29,,,0.24,0.45,,,0.03,0.13,469.0,Acinetobacter,Duplodnaviria,Heunggongvirae,Uroviricota,Caudoviricetes,Caudoviricetes incertae sedis,Astrithrvirus,unclassified Astrithrvirus,,dsDNA
              Audreyjarvisvirus,2843351,0.18,,,0.02,1.63,,0.59,,,0.48,0.55,0.43,,,0.35,1358.0,Lactococcus lactis,Duplodnaviria,Heunggongvirae,Uroviricota,Caudoviricetes,Caudoviricetes incertae sedis,Audreyjarvisvirus,Audreyjarvisvirus av949,,dsDNA
              Avanivirus,2843352,0.31,,,,,,,,,,,0.48,,,,246196.0,Mycolicibacterium smegmatis MC2 155,Duplodnaviria,Heunggongvirae,Uroviricota,Caudoviricetes,Caudoviricetes incertae sedis,Avanivirus,Avanivirus avani,,dsDNA
              Burrovirus,2843362,0.47,1.16,1.32,0.03,0.78,,4.97,4.37,0.31,0.67,0.78,0.52,0.01,0.08,0.38,104336.0,Microbacterium foliorum,Duplodnaviria,Heunggongvirae,Uroviricota,Caudoviricetes,Caudoviricetes incertae sedis,Burrovirus,Burrovirus araxxi,,dsDNA
              Fremauxvirus,2843383,0.13,,,0.02,,,0.36,,,0.33,0.33,,,,0.09,1358.0,Lactococcus lactis,Duplodnaviria,Heunggongvirae,Uroviricota,Caudoviricetes,Caudoviricetes incertae sedis,Fremauxvirus,Fremauxvirus fv1706,,dsDNA
              Hattifnattvirus,2843390,,,,,,,,,,0.3,,,,,,2654245.0,Flavobacterium sp. LMO9,Duplodnaviria,Heunggongvirae,Uroviricota,Caudoviricetes,Caudoviricetes incertae sedis,Hattifnattvirus,Hattifnattvirus hattifnatt,,dsDNA
              Klausavirus,2843401,,,,,,,,,0.8,,,,,,,1667.0,Arthrobacter sp.,Duplodnaviria,Heunggongvirae,Uroviricota,Caudoviricetes,Caudoviricetes incertae sedis,Klausavirus,Klausavirus princesstrina,,dsDNA
              Lillamyvirus,2843418,0.43,0.55,1.03,,,,0.48,,,1.17,0.76,,,,0.14,2654243.0,Flavobacterium sp. LMO6,Duplodnaviria,Heunggongvirae,Uroviricota,Caudoviricetes,Caudoviricetes incertae sedis,Lillamyvirus,Lillamyvirus hemulen,,dsDNA
              Muldoonvirus,2843425,0.12,,,,0.51,,,,,,,,,,,413497.0,Cronobacter dublinensis,Duplodnaviria,Heunggongvirae,Uroviricota,Caudoviricetes,Caudoviricetes incertae sedis,Muldoonvirus,unclassified Muldoonvirus,,dsDNA
              Muminvirus,2843426,0.88,1.13,1.5,,,,2.0,,,1.65,0.94,,,,0.45,2654245.0,Flavobacterium sp. LMO9,Duplodnaviria,Heunggongvirae,Uroviricota,Caudoviricetes,Caudoviricetes incertae sedis,Muminvirus,Muminvirus filifjonk,,dsDNA
              Parlovirus,2843433,,,,,0.48,,,,,,,,,,,615.0,Serratia marcescens,Duplodnaviria,Heunggongvirae,Uroviricota,Caudoviricetes,Caudoviricetes incertae sedis,Parlovirus,Parlovirus parlo,,dsDNA
              Plateaulakevirus,2843436,,,,0.01,,,,,,,,,,,,196023.0,Aeromonas hydrophila subsp. hydrophila,Duplodnaviria,Heunggongvirae,Uroviricota,Caudoviricetes,Caudoviricetes incertae sedis,Plateaulakevirus,Plateaulakevirus pv2L372D,,dsDNA
              Predatorvirus,2843439,0.23,,,,,,,,,,,0.25,,,0.13,1763.0,Mycobacterium,Duplodnaviria,Heunggongvirae,Uroviricota,Caudoviricetes,Caudoviricetes incertae sedis,Predatorvirus,Predatorvirus predator,,dsDNA
              Sandinevirus,2843449,,,,,,,,,,0.41,,,,,,1357.0,Lactococcus,Duplodnaviria,Heunggongvirae,Uroviricota,Caudoviricetes,Caudoviricetes incertae sedis,Sandinevirus,unclassified Sandinevirus,,dsDNA
              Whackvirus,2843473,0.12,,,,,,,,,,,,,,,1833.0,Rhodococcus erythropolis,Duplodnaviria,Heunggongvirae,Uroviricota,Caudoviricetes,Caudoviricetes incertae sedis,Whackvirus,Whackvirus whack,,dsDNA
                Yonseivirus,2843478,1.68,0.78,6.46,0.01,,,0.83,0.61,0.8,0.6,0.35,,,0.13,0.31,573.0,Klebsiella pneumoniae,Duplodnaviria,Heunggongvirae,Uroviricota,Caudoviricetes,Caudoviricetes incertae sedis,Casjensviridae,Yonseivirus,Yonseivirus N137,dsDNA
                  Kahnovirus,2942979,0.21,,,0.01,,0.59,0.48,0.24,,0.45,0.55,,,,0.32,,,,,,,,,,,
                  Kehishuvirus,2942980,0.25,,,0.01,0.54,,0.24,,,0.46,,0.3,,,0.25,329854.0,Bacteroides intestinalis,Duplodnaviria,Heunggongvirae,Uroviricota,Caudoviricetes,Crassvirales,Steigviridae,Asinivirinae,Kehishuvirus,dsDNA
                  Afonbuvirus,2942989,1.59,2.13,2.44,0.09,2.68,5.18,3.66,2.42,1.27,3.76,3.16,1.18,0.02,0.16,1.37,1.0,root,Duplodnaviria,Heunggongvirae,Uroviricota,Caudoviricetes,Crassvirales,Suoliviridae,Bearivirinae,Afonbuvirus,dsDNA
                  Canhaevirus,2942990,0.31,,0.42,0.02,0.39,0.71,0.48,0.46,,0.69,0.65,0.35,,0.04,0.34,1.0,root,Duplodnaviria,Heunggongvirae,Uroviricota,Caudoviricetes,Crassvirales,Suoliviridae,Boorivirinae,Canhaevirus,dsDNA
                  Cohcovirus,2942991,0.64,0.75,0.48,0.02,0.63,1.25,0.72,0.93,0.74,1.33,0.75,0.65,,0.04,0.58,,,,,,,,,,,
                  Culoivirus,2942992,0.24,,,,,,0.58,,,0.33,0.4,,,,0.16,818.0,Bacteroides thetaiotaomicron,Duplodnaviria,Heunggongvirae,Uroviricota,Caudoviricetes,Crassvirales,Suoliviridae,Boorivirinae,Culoivirus,dsDNA
                  Blohavirus,2942993,1.32,0.97,1.87,0.08,1.87,3.81,3.02,1.2,0.77,2.53,2.19,1.31,0.01,0.08,1.06,,,,,,,,,,,
                  Buchavirus,2942994,0.57,,0.71,0.02,0.88,1.23,1.52,0.88,0.53,1.42,1.03,0.57,0.01,0.03,0.56,1.0,root,Duplodnaviria,Heunggongvirae,Uroviricota,Caudoviricetes,Crassvirales,Suoliviridae,Loutivirinae,Buchavirus,dsDNA
                Gwanakrovirus,2943008,0.12,,0.35,,,,0.57,0.28,,,0.33,0.3,,,0.12,79967.0,Erwinia pyrifoliae,Duplodnaviria,Heunggongvirae,Uroviricota,Caudoviricetes,Caudoviricetes incertae sedis,Casjensviridae,Gwanakrovirus,Gwanakrovirus SNUABM08,dsDNA
                Salvovirus,2943016,0.11,,,,,,0.48,,,,,,,,0.17,33013.0,Clavibacter michiganensis subsp. michiganensis,Duplodnaviria,Heunggongvirae,Uroviricota,Caudoviricetes,Caudoviricetes incertae sedis,Casjensviridae,Salvovirus,unclassified Salvovirus,dsDNA
                Sharonstreetvirus,2943019,,,,0.01,,,0.93,,,,0.25,,,,0.18,644.0,Aeromonas hydrophila,Duplodnaviria,Heunggongvirae,Uroviricota,Caudoviricetes,Caudoviricetes incertae sedis,Casjensviridae,Sharonstreetvirus,unclassified Sharonstreetvirus,dsDNA
                  Aurodevirus,2946811,1.21,1.19,1.29,0.05,2.14,2.72,2.67,1.46,0.84,2.67,2.42,0.62,0.01,0.08,1.2,1.0,root,Duplodnaviria,Heunggongvirae,Uroviricota,Caudoviricetes,Crassvirales,Suoliviridae,Uncouvirinae,Aurodevirus,dsDNA
              Beograduvirus,2946820,,,,,,,,,,,,,0.01,,,456327.0,Xanthomonas euvesicatoria,Duplodnaviria,Heunggongvirae,Uroviricota,Caudoviricetes,Caudoviricetes incertae sedis,Beograduvirus,unclassified Beograduvirus,,dsDNA
                  Birpovirus,2946830,0.45,0.37,0.64,0.03,0.9,1.55,1.32,0.36,,1.0,0.91,0.46,,,0.36,,,,,,,,,,,
                Bluvavirus,2946831,,,,,,,,,,,,,,0.13,,69266.0,Vaccinium corymbosum,Riboviria,Orthornavirae,Kitrinoviricota,Alsuviricetes,Martellivirales,Closteroviridae,Bluvavirus,Bluvavirus vaccinii,+ssRNA
                  Buorbuivirus,2948644,0.23,0.52,0.34,,0.49,,0.4,,,0.54,0.39,,,,0.28,,,,,,,,,,,
                  Burzaovirus,2948645,5.3,8.14,5.98,0.33,6.79,16.19,17.3,9.88,9.19,17.61,17.34,14.74,0.08,0.36,9.09,1.0,root,Duplodnaviria,Heunggongvirae,Uroviricota,Caudoviricetes,Crassvirales,Suoliviridae,Oafivirinae,Burzaovirus,dsDNA
                  Carjivirus,2948652,4.93,3.88,7.33,0.41,9.37,14.33,11.14,4.99,3.62,10.22,9.81,4.33,0.05,0.37,4.9,1869227.0,bacterium,Duplodnaviria,Heunggongvirae,Uroviricota,Caudoviricetes,Crassvirales,Intestiviridae,Crudevirinae,Carjivirus,dsDNA
                Chrysonvirus,2948662,,,,,,,,,,,,,0.04,,1.64,644.0,Aeromonas hydrophila,Duplodnaviria,Heunggongvirae,Uroviricota,Caudoviricetes,Pantevenvirales,Straboviridae,Chrysonvirus,unclassified Chrysonvirus,dsDNA
                  Diorhovirus,2948680,0.12,,,,,,0.33,,,0.35,,,,,0.15,,,,,,,,,,,
                  Delmidovirus,2948688,,,,,,,0.36,,,0.35,,,,,0.19,818.0,Bacteroides thetaiotaomicron,Duplodnaviria,Heunggongvirae,Uroviricota,Caudoviricetes,Crassvirales,Intestiviridae,Crudevirinae,Delmidovirus,dsDNA
                Efbeekayvirus,2948690,0.29,,,,0.37,,0.36,,,0.71,,,,0.1,0.15,558.0,Erwinia sp.,Duplodnaviria,Heunggongvirae,Uroviricota,Caudoviricetes,Caudoviricetes incertae sedis,Schitoviridae,Efbeekayvirus,unclassified Efbeekayvirus,dsDNA
                  Endlipuvirus,2948697,0.18,,,,,0.68,,,,0.31,0.28,,,,0.14,,,,,,,,,,,
                Exceevirus,2948704,,,,,,,,,,,,,,,0.1,470.0,Acinetobacter baumannii,Duplodnaviria,Heunggongvirae,Uroviricota,Caudoviricetes,Caudoviricetes incertae sedis,Schitoviridae,Exceevirus,Exceevirus Xc38,dsDNA
              Finchvirus,2948706,,,,,,,,0.28,,,,,,,0.13,1833.0,Rhodococcus erythropolis,Duplodnaviria,Heunggongvirae,Uroviricota,Caudoviricetes,Caudoviricetes incertae sedis,Finchvirus,Finchvirus finch,,dsDNA
                  Fohxhuevirus,2948709,0.24,,,0.01,,,0.36,,,0.43,0.65,0.49,,,0.2,,,,,,,,,,,
                  Gruunavirus,2948731,,,,0.01,,,,,,,,,,,,36822.0,Gordonia rubripertincta,Duplodnaviria,Heunggongvirae,Uroviricota,Caudoviricetes,Caudoviricetes incertae sedis,Zierdtviridae,Emilbogenvirinae,Gruunavirus,dsDNA
              Hungariovirus,2948761,,,,,,,,,,,,,0.05,,,543.0,Enterobacteriaceae,Duplodnaviria,Heunggongvirae,Uroviricota,Caudoviricetes,Caudoviricetes incertae sedis,Hungariovirus,Hungariovirus C1302,,dsDNA
                  Jahgtovirus,2948767,1.01,1.23,1.03,0.04,1.49,1.89,3.06,1.92,0.93,2.37,2.11,1.5,0.01,0.1,1.16,371601.0,Bacteroides xylanisolvens,Duplodnaviria,Heunggongvirae,Uroviricota,Caudoviricetes,Crassvirales,Intestiviridae,Churivirinae,Jahgtovirus,dsDNA
                  Junduvirus,2948774,0.1,,,,,,0.24,,,0.26,,,,,0.19,818.0,Bacteroides thetaiotaomicron,Duplodnaviria,Heunggongvirae,Uroviricota,Caudoviricetes,Crassvirales,Crevaviridae,Coarsevirinae,Junduvirus,dsDNA
                  Kablunavirus,2948776,,,,0.02,,,,,,,,,,,,,,,,,,,,,,
                  Kingevirus,2948785,0.58,0.41,1.32,0.02,1.39,3.33,1.26,0.56,0.4,1.28,1.25,0.37,,0.06,0.59,818.0,Bacteroides thetaiotaomicron,Duplodnaviria,Heunggongvirae,Uroviricota,Caudoviricetes,Crassvirales,Crevaviridae,Doltivirinae,Kingevirus,dsDNA
                  Kolpuevirus,2948787,0.11,,,,,,,,,0.2,,,,,0.14,818.0,Bacteroides thetaiotaomicron,Duplodnaviria,Heunggongvirae,Uroviricota,Caudoviricetes,Crassvirales,Steigviridae,Asinivirinae,Kolpuevirus,dsDNA
              Kunmingvirus,2948791,0.11,,,0.01,,,0.88,,,0.31,0.43,,,0.06,,948519.0,Aeromonas rivipollensis,Duplodnaviria,Heunggongvirae,Uroviricota,Caudoviricetes,Caudoviricetes incertae sedis,Kunmingvirus,Kunmingvirus kv2D05,,dsDNA
                  Lebriduvirus,2948797,,,,,,,,,,,,,,,0.12,,,,,,,,,,,
                  Mahlunavirus,2948812,,,,,,,,,,,,,,,0.09,,,,,,,,,,,
              Myrnavirus,2948833,0.77,,,,,,,,,,,0.39,,,,1763.0,Mycobacterium,Duplodnaviria,Heunggongvirae,Uroviricota,Caudoviricetes,Caudoviricetes incertae sedis,Myrnavirus,Myrnavirus myrna,,dsDNA
                  Pleakleyvirus,2948869,,,,0.01,,,,,,,,,,,,,,,,,,,,,,
              Saltrevirus,2948889,,,,0.03,,,,,,,,,,,,28901.0,Salmonella enterica,Duplodnaviria,Heunggongvirae,Uroviricota,Caudoviricetes,Caudoviricetes incertae sedis,Saltrevirus,Saltrevirus sv64795sal3,,dsDNA
                  Skysandvirus,2948912,,,,0.02,,,,,,,,,,,,,,,,,,,,,,
                  Sukkupivirus,2948917,,,,0.02,,,,,,,,,,,,,,,,,,,,,,
                Triduovirus,2948933,,,,,0.51,,,,,0.33,,,,,0.13,211968.0,Salmonella enterica subsp. enterica serovar Albany,Duplodnaviria,Heunggongvirae,Uroviricota,Caudoviricetes,Caudoviricetes incertae sedis,Schitoviridae,Triduovirus,Triduovirus Tr2,dsDNA
                  Acanvirus,3044653,,,,,0.44,,,,,,,,,,,29449.0,Rhizobium etli,Duplodnaviria,Heunggongvirae,Uroviricota,Caudoviricetes,Caudoviricetes incertae sedis,Schitoviridae,Demetervirinae,Acanvirus,dsDNA
                  Citricivirus,3044688,,,,,,,,,,,0.6,,,0.04,,223852.0,Aphis citricidus,Riboviria,Orthornavirae,Negarnaviricota,Polyploviricotina,Bunyaviricetes,Hareavirales,Phenuiviridae,Citricivirus,-ssRNA
              Cobrasixvirus,3044690,0.17,,0.83,,,,,,,,,,,,0.17,550.0,Enterobacter cloacae,Duplodnaviria,Heunggongvirae,Uroviricota,Caudoviricetes,Caudoviricetes incertae sedis,Cobrasixvirus,Cobrasixvirus cobrasix,,dsDNA
              Haetaevirus,3044726,,,,,0.76,,,,,,,,,,,1396.0,Bacillus cereus,Duplodnaviria,Heunggongvirae,Uroviricota,Caudoviricetes,Caudoviricetes incertae sedis,Haetaevirus,Haetaevirus PBC2,,dsDNA
              Mcgonagallvirus,3044757,,,,0.01,,,0.26,,,,,,,,,945692.0,Gordonia neofelifaecis,Duplodnaviria,Heunggongvirae,Uroviricota,Caudoviricetes,Caudoviricetes incertae sedis,Mcgonagallvirus,unclassified Mcgonagallvirus,,dsDNA
              Midgardsormrvirus,3044764,,,,,,,,,,,,,,,0.7,55211.0,Erwinia persicina,Duplodnaviria,Heunggongvirae,Uroviricota,Caudoviricetes,Caudoviricetes incertae sedis,Midgardsormrvirus,Midgardsormrvirus midgardsormr38,,dsDNA
                Miltoncavirus,3044765,,,,0.02,,,,,,,,,,,,287.0,Pseudomonas aeruginosa,Duplodnaviria,Heunggongvirae,Uroviricota,Caudoviricetes,Caudoviricetes incertae sedis,Chimalliviridae,Miltoncavirus,Miltoncavirus PhiPA3,dsDNA
                Moazamivirus,3044766,,,,,,,0.26,,,,,,,,0.14,108619.0,Salmonella enterica subsp. enterica serovar Newport,Duplodnaviria,Heunggongvirae,Uroviricota,Caudoviricetes,Caudoviricetes incertae sedis,Grimontviridae,Moazamivirus,Moazamivirus 711,dsDNA
              Pavtokvirus,3044786,0.19,,,,,,,,,,,,,,,552.0,Erwinia amylovora,Duplodnaviria,Heunggongvirae,Uroviricota,Caudoviricetes,Caudoviricetes incertae sedis,Pavtokvirus,Pavtokvirus pavtok,,dsDNA
                Pawinskivirus,3044787,,,,0.05,,,,,,,,,,,,287.0,Pseudomonas aeruginosa,Duplodnaviria,Heunggongvirae,Uroviricota,Caudoviricetes,Caudoviricetes incertae sedis,Chimalliviridae,Pawinskivirus,unclassified Pawinskivirus,dsDNA
                Phabiovirus,3044790,,,,0.09,,,,,,,,,,,,294.0,Pseudomonas fluorescens,Duplodnaviria,Heunggongvirae,Uroviricota,Caudoviricetes,Caudoviricetes incertae sedis,Chimalliviridae,Phabiovirus,Phabiovirus phabio,dsDNA
              Purivirus,3044798,6.19,0.97,0.93,,0.44,,0.9,2.38,11.94,0.48,0.33,1.53,,0.1,0.37,294.0,Pseudomonas fluorescens,Duplodnaviria,Heunggongvirae,Uroviricota,Caudoviricetes,Caudoviricetes incertae sedis,Purivirus,Purivirus UFJFPfDIW6,,dsDNA
              Quivirus,3044799,,,,,,,,0.28,1.67,,,,,,,1665.0,Arthrobacter globiformis,Duplodnaviria,Heunggongvirae,Uroviricota,Caudoviricetes,Caudoviricetes incertae sedis,Quivirus,Quivirus qui,,dsDNA
                Serwervirus,3044821,,,,0.02,,,,,,,,,,,,587753.0,Pseudomonas chlororaphis,Duplodnaviria,Heunggongvirae,Uroviricota,Caudoviricetes,Caudoviricetes incertae sedis,Chimalliviridae,Serwervirus,Serwervirus 201phi21,dsDNA
              Syrbvirus,3044838,0.81,0.52,,,,,,1.27,,,0.43,,,,,322686.0,Microbacterium sp. R1,Duplodnaviria,Heunggongvirae,Uroviricota,Caudoviricetes,Caudoviricetes incertae sedis,Syrbvirus,Syrbvirus R1,,dsDNA
                Tepukevirus,3044840,,,,0.56,,,,,,,,,,0.08,,287.0,Pseudomonas aeruginosa,Duplodnaviria,Heunggongvirae,Uroviricota,Caudoviricetes,Caudoviricetes incertae sedis,Chimalliviridae,Tepukevirus,Tepukevirus Psa21,dsDNA
                  Theiavirus,3044842,0.09,,,,,,,,,,,,,,,75058.0,Bodo saltans,Varidnaviria,Bamfordvirae,Nucleocytoviricota,Megaviricetes,Imitervirales,Mimiviridae,Klosneuvirinae,Theiavirus,
                Xoxocotlavirus,3044858,,,,,,,,,,,0.4,,,,,194963.0,Sinorhizobium americanum,Duplodnaviria,Heunggongvirae,Uroviricota,Caudoviricetes,Caudoviricetes incertae sedis,Schitoviridae,Xoxocotlavirus,Xoxocotlavirus X228B,dsDNA
              Medeavirus,3152510,0.17,,,,,,0.24,,0.47,,,0.33,,,,323.0,Pseudomonas syringae pv. tomato,Duplodnaviria,Heunggongvirae,Uroviricota,Caudoviricetes,Caudoviricetes incertae sedis,Medeavirus,Medeavirus medea1,,dsDNA
                  Cinvestavvirus,3152598,,,,,,,,,,,,,,,0.12,,,,,,,,,,,
              Bugaksanvirus,3152615,0.44,,,,,,,,,,,,,,,287.0,Pseudomonas aeruginosa,Duplodnaviria,Heunggongvirae,Uroviricota,Caudoviricetes,Caudoviricetes incertae sedis,Bugaksanvirus,Bugaksanvirus R656,,dsDNA
              Lilspottyvirus,3152623,0.47,,,,,,,,,,,,,,,246196.0,Mycolicibacterium smegmatis MC2 155,Duplodnaviria,Heunggongvirae,Uroviricota,Caudoviricetes,Caudoviricetes incertae sedis,Lilspottyvirus,Lilspottyvirus lilspotty,,dsDNA
              Pumpernickelvirus,3152625,0.12,,,,,,,0.8,,0.19,,,,,,199592.0,Microbacterium paraoxydans,Duplodnaviria,Heunggongvirae,Uroviricota,Caudoviricetes,Caudoviricetes incertae sedis,Pumpernickelvirus,Pumpernickelvirus pumpernickel,,dsDNA
              Readingvirus,3152626,6.95,0.71,0.35,,0.54,,1.24,1.05,0.68,0.29,0.3,1.68,,0.16,0.29,286.0,Pseudomonas,Duplodnaviria,Heunggongvirae,Uroviricota,Caudoviricetes,Caudoviricetes incertae sedis,Readingvirus,Readingvirus MR15,,dsDNA
                Ulinhavirus,3152864,0.1,0.49,,,,,,,,,,,,,,1.0,root,Riboviria,Orthornavirae,Lenarviricota,Leviviricetes,Norzivirales,Fiersviridae,Ulinhavirus,Ulinhavirus borborohabitans,+ssRNA
                  Dilongvirus,3152896,,,,0.04,,,,,,,,,1.31,,,,,,,,,,,,,
                  Kremarvirus,3152897,0.58,,,,,,,,,,,,13.14,,,323.0,Pseudomonas syringae pv. tomato,Duplodnaviria,Heunggongvirae,Uroviricota,Caudoviricetes,Caudoviricetes incertae sedis,Vandenendeviridae,Gorskivirinae,Kremarvirus,dsDNA
                  Shenlongvirus,3152898,0.14,,,0.02,,,,,,,,,3.57,,,294.0,Pseudomonas fluorescens,Duplodnaviria,Heunggongvirae,Uroviricota,Caudoviricetes,Caudoviricetes incertae sedis,Vandenendeviridae,Gorskivirinae,Shenlongvirus,dsDNA
              Eidolonvirus,3152915,0.63,,,,,,,,,,0.28,0.25,,,,28214.0,Sphingomonas sp.,Duplodnaviria,Heunggongvirae,Uroviricota,Caudoviricetes,Caudoviricetes incertae sedis,Eidolonvirus,Eidolonvirus eidolon,,dsDNA
              Kharnvirus,3152916,,,,,1.29,,,,,,,,,,,28214.0,Sphingomonas sp.,Duplodnaviria,Heunggongvirae,Uroviricota,Caudoviricetes,Caudoviricetes incertae sedis,Kharnvirus,Kharnvirus kharn,,dsDNA
              Footloosevirus,3152965,,,,,,,,0.28,,,,,,,,199592.0,Microbacterium paraoxydans,Duplodnaviria,Heunggongvirae,Uroviricota,Caudoviricetes,Caudoviricetes incertae sedis,Footloosevirus,Footloosevirus footloose,,dsDNA
              Miecznikowavirus,3152971,5.01,1.46,7.81,0.01,1.19,,1.76,1.83,5.01,1.05,0.9,3.08,,0.98,5.73,2597349.0,Pseudomonas sp. ANT_H14,Duplodnaviria,Heunggongvirae,Uroviricota,Caudoviricetes,Caudoviricetes incertae sedis,Miecznikowavirus,Miecznikowavirus AH14a,,dsDNA
                Acamarivirus,3152979,,,,,,,,,,,,1.01,,,,27462.0,Austrosimulium,Monodnaviria,Shotokuvirae,Cressdnaviricota,Arfiviricetes,Saturnivirales,Mahapunaviridae,Acamarivirus,Acamarivirus perigeeis,
                Anthevirus,3152981,,,,,,,,2.07,1.18,,,5.49,,,,1.0,root,Monodnaviria,Shotokuvirae,Cressdnaviricota,Arfiviricetes,Saturnivirales,Mahapunaviridae,Anthevirus,,
              Chewyvirus,3152994,,,,,,,,5.29,,0.43,0.5,,,,,1833.0,Rhodococcus erythropolis,Duplodnaviria,Heunggongvirae,Uroviricota,Caudoviricetes,Caudoviricetes incertae sedis,Chewyvirus,Chewyvirus chewyVIII,,dsDNA
                Seretavirus,3152998,,0.49,,,,,,,,,,,,,,615.0,Serratia marcescens,Duplodnaviria,Heunggongvirae,Uroviricota,Caudoviricetes,Caudoviricetes incertae sedis,Sarkviridae,Seretavirus,Seretavirus eta,dsDNA
                  Longwangvirus,3153014,0.28,,0.45,0.03,,1.41,0.5,,,0.76,0.95,,0.02,,0.09,654.0,Aeromonas veronii,Duplodnaviria,Heunggongvirae,Uroviricota,Caudoviricetes,Caudoviricetes incertae sedis,Chaseviridae,Nefertitivirinae,Longwangvirus,dsDNA
              Torvergatavirus,3153079,,,,,1.26,,,,,,,,,,0.11,1888892.0,Sphingomonas turrisvirgatae,Duplodnaviria,Heunggongvirae,Uroviricota,Caudoviricetes,Caudoviricetes incertae sedis,Torvergatavirus,Torvergatavirus MMDA13,,dsDNA
              Shockervirus,3153082,0.16,,,,,,,,0.31,,,,,,,199592.0,Microbacterium paraoxydans,Duplodnaviria,Heunggongvirae,Uroviricota,Caudoviricetes,Caudoviricetes incertae sedis,Shockervirus,Shockervirus shocker,,dsDNA
                  Ebriosvirus,3424957,,,,,,,,,,,,,0.05,0.05,,498388.0,Escherichia coli C,Duplodnaviria,Heunggongvirae,Uroviricota,Caudoviricetes,Autographivirales,Autotranscriptaviridae,Studiervirinae,Ebriosvirus,dsDNA
                  Hennigervirus,3424959,,,,,,,,,,,,,52.81,0.9,,,,,,,,,,,,
                  Pfluvirus,3424962,,,,0.12,,,,,,,,,1.06,0.73,,294.0,Pseudomonas fluorescens,Duplodnaviria,Heunggongvirae,Uroviricota,Caudoviricetes,Autographivirales,Autotranscriptaviridae,Studiervirinae,Pfluvirus,dsDNA
                  Unosvirus,3424968,,,,,,,,,,,,,0.03,0.37,,,,,,,,,,,,
