name,taxid,ERR14789282,ERR14789283,ERR14789284,ERR14789285,ERR14789286,ERR14789287,ERR14789288,ERR14789289,ERR14789290,ERR14789291,ERR14789292,ERR14789293,ERR14789294,ERR14789295,ERR14789296,ERR14789297,host tax id,host name,realm,kingdom,phylum,class,order,family,genus,species,baltimore_class
                  Varicellovirus,10319,,,,,,,,,,,0.02,,,,,,9749.0,Delphinapterus leucas,Duplodnaviria,Heunggongvirae,Peploviricota,Herviviricetes,Herpesvirales,Orthoherpesviridae,Alphaherpesvirinae,Varicellovirus,dsDNA
                  Cytomegalovirus,10358,,,,,,,,,,,0.02,,,,,,9505.0,Aotus trivirgatus,Duplodnaviria,Heunggongvirae,Peploviricota,Herviviricetes,Herpesvirales,Orthoherpesviridae,Betaherpesvirinae,Cytomegalovirus,dsDNA
                  Mastadenovirus,10509,,0.34,,0.28,0.9,18.36,,0.29,0.12,0.44,9.99,,0.93,0.28,,,9555.0,Papio anubis,Varidnaviria,Bamfordvirae,Preplasmiviricota,Polisuviricotina,Pharingeaviricetes,Rowavirales,Adenoviridae,Mastadenovirus,
                  Tequatrovirus,10663,,,,,,,,,,,0.02,,,,,,67825.0,Citrobacter rodentium,Duplodnaviria,Heunggongvirae,Uroviricota,Caudoviricetes,Pantevenvirales,Straboviridae,Tevenvirinae,Tequatrovirus,dsDNA
                  Dependoparvovirus,10803,,,0.12,,,,,,,,,,,,0.13,,8855.0,Cairina moschata,Monodnaviria,Shotokuvirae,Cossaviricota,Quintoviricetes,Piccovirales,Parvoviridae,Parvovirinae,Dependoparvovirus,
                    Morbillivirus,11229,,,,,,,,,,,0.04,,,,,,,,,,,,,,,,
                  Orthobunyavirus,11572,,,,,,,,,,,0.02,,,,,,53527.0,Culex,Riboviria,Orthornavirae,Negarnaviricota,Polyploviricotina,Bunyaviricetes,Elliovirales,Peribunyaviridae,Orthobunyavirus,-ssRNA
                  Enterovirus,12059,,,,0.58,0.45,,,,,,0.02,,,,,0.08,,,,,,,,,,,
                Sobemovirus,12137,,,,,0.19,,,,0.68,,,0.32,,,,0.47,35608.0,Artemisia annua,Riboviria,Orthornavirae,Pisuviricota,Pisoniviricetes,Sobelivirales,Solemoviridae,Sobemovirus,Sobemovirus ARTVA,
                  Carlavirus,12163,,,,,,,,,,,,,,0.08,,,85363.0,Aconitum carmichaelii,Riboviria,Orthornavirae,Kitrinoviricota,Alsuviricetes,Tymovirales,Betaflexiviridae,Quinvirinae,Carlavirus,+ssRNA
                Tobamovirus,12234,5.86,0.81,0.96,1.17,2.74,0.21,6.17,3.95,4.38,35.07,0.19,4.03,27.52,3.21,0.7,3.82,4071.0,Capsicum,Riboviria,Orthornavirae,Kitrinoviricota,Alsuviricetes,Martellivirales,Virgaviridae,Tobamovirus,Tobamovirus maculacapsici,+ssRNA
                  Comovirus,12258,,,0.37,,0.29,,,,,,,,,,0.35,,4113.0,Solanum tuberosum,Riboviria,Orthornavirae,Pisuviricota,Pisoniviricetes,Picornavirales,Secoviridae,Comovirinae,Comovirus,
                  Teseptimavirus,110456,,,,,0.36,0.58,,,,0.21,0.65,,,,,,644.0,Aeromonas hydrophila,Duplodnaviria,Heunggongvirae,Uroviricota,Caudoviricetes,Autographivirales,Autotranscriptaviridae,Studiervirinae,Teseptimavirus,dsDNA
                Allexivirus,140568,,,,,,,,,,,,,,,,0.1,3879.0,Medicago sativa,Riboviria,Orthornavirae,Kitrinoviricota,Alsuviricetes,Tymovirales,Alphaflexiviridae,Allexivirus,,+ssRNA
                Norovirus,142786,,0.39,0.42,,1.65,,,,,,0.02,,,,0.31,,9606.0,Homo sapiens,Riboviria,Orthornavirae,Pisuviricota,Pisoniviricetes,Picornavirales,Caliciviridae,Norovirus,Norovirus norwalkense,
                Cripavirus,144051,,,,,0.27,,,,,,0.03,,,,,,7165.0,Anopheles gambiae,Riboviria,Orthornavirae,Pisuviricota,Pisoniviricetes,Picornavirales,Dicistroviridae,Cripavirus,unclassified Cripavirus,
                Chlorovirus,181083,,,,,,,,,,,0.03,,,,,,554066.0,Chlorella heliozoae,Varidnaviria,Bamfordvirae,Nucleocytoviricota,Megaviricetes,Algavirales,Phycodnaviridae,Chlorovirus,Chlorovirus heliozoae,
              Ceduovirus,186532,,0.15,,,,,,,,0.12,0.09,,,,,,1359.0,Lactococcus cremoris,Duplodnaviria,Heunggongvirae,Uroviricota,Caudoviricetes,Caudoviricetes incertae sedis,Ceduovirus,unclassified Ceduovirus,,dsDNA
              Fromanvirus,186764,,,,,,,,,,,0.04,0.23,,0.09,,,1763.0,Mycobacterium,Duplodnaviria,Heunggongvirae,Uroviricota,Caudoviricetes,Caudoviricetes incertae sedis,Fromanvirus,,,dsDNA
              Punavirus,186789,,,,,,,,,,,0.04,,,,,,561.0,Escherichia,Duplodnaviria,Heunggongvirae,Uroviricota,Caudoviricetes,Caudoviricetes incertae sedis,Punavirus,Punavirus P1,,dsDNA
              Lederbergvirus,186794,,,,,,,,,,0.22,,,,,,,439184.0,Escherichia coli RS218,Duplodnaviria,Heunggongvirae,Uroviricota,Caudoviricetes,Caudoviricetes incertae sedis,Lederbergvirus,unclassified Lederbergvirus,,dsDNA
                  Tunavirus,187217,,,,0.28,,,,,,0.32,,,,,,,469008.0,Escherichia coli BL21(DE3),Duplodnaviria,Heunggongvirae,Uroviricota,Caudoviricetes,Caudoviricetes incertae sedis,Drexlerviridae,Tunavirinae,Tunavirus,dsDNA
                  Tequintavirus,187218,,,,,,,,,,,0.04,,,,,,562.0,Escherichia coli,Duplodnaviria,Heunggongvirae,Uroviricota,Caudoviricetes,Caudoviricetes incertae sedis,Demerecviridae,Markadamsvirinae,Tequintavirus,dsDNA
                  Kobuvirus,194960,2.12,,,,,,,,,,,,,,,,9534.0,Chlorocebus aethiops,Riboviria,Orthornavirae,Pisuviricota,Pisoniviricetes,Picornavirales,Picornaviridae,Kodimesavirinae,Kobuvirus,
                Mamastrovirus,249588,,0.63,0.48,0.5,2.51,0.24,,0.16,0.61,,0.24,,2.41,,0.35,0.54,9606.0,Homo sapiens,Riboviria,Orthornavirae,Pisuviricota,Stelpaviricetes,Stellavirales,Astroviridae,Mamastrovirus,Mamastrovirus melbournense,
                  Mimivirus,315393,,,,,,,,,,0.09,0.04,,,,,,5755.0,Acanthamoeba castellanii,Varidnaviria,Bamfordvirae,Nucleocytoviricota,Megaviricetes,Imitervirales,Mimiviridae,Megamimivirinae,Mimivirus,
              Rauchvirus,542959,,,0.14,,,,,,,0.08,0.07,,,,0.06,0.12,518.0,Bordetella bronchiseptica,Duplodnaviria,Heunggongvirae,Uroviricota,Caudoviricetes,Caudoviricetes incertae sedis,Rauchvirus,Rauchvirus BPP1,,dsDNA
              Uetakevirus,542960,,,,,,,,,,,0.07,,,,,,550.0,Enterobacter cloacae,Duplodnaviria,Heunggongvirae,Uroviricota,Caudoviricetes,Caudoviricetes incertae sedis,Uetakevirus,unclassified Uetakevirus,,dsDNA
                  Percavirus,548688,,,0.12,,,,,,,,,,,,,,9796.0,Equus caballus,Duplodnaviria,Heunggongvirae,Peploviricota,Herviviricetes,Herpesvirales,Orthoherpesviridae,Gammaherpesvirinae,Percavirus,dsDNA
            Alphabaculovirus,558016,,,,,,0.22,,,0.15,0.07,0.13,,,,0.08,0.15,,,,,,,,,,,
            Betabaculovirus,558017,,,,,,,,,,,0.02,,,,,,,,,,,,,,,,
              Bixzunavirus,680114,,,,,,,,,,,0.02,,,,,,246196.0,Mycolicibacterium smegmatis MC2 155,Duplodnaviria,Heunggongvirae,Uroviricota,Caudoviricetes,Caudoviricetes incertae sedis,Bixzunavirus,unclassified Bixzunavirus,,dsDNA
                Kuravirus,680277,0.56,,0.18,,0.18,,,0.19,0.44,0.23,0.05,,0.32,0.08,0.24,0.43,562.0,Escherichia coli,Duplodnaviria,Heunggongvirae,Uroviricota,Caudoviricetes,Caudoviricetes incertae sedis,Mktvariviridae,Gordonclarkvirinae,Kuravirus,dsDNA
                  Salivirus,688449,8.43,,,,,,,,,,,,,0.07,,0.1,9598.0,Pan troglodytes,Riboviria,Orthornavirae,Pisuviricota,Pisoniviricetes,Picornavirales,Picornaviridae,Kodimesavirinae,Salivirus,
                    Betacoronavirus,694002,0.56,,,,,,,,,,,,,,,,,,,,,,,,,,
                Cyclovirus,742914,5.47,31.23,18.74,21.95,19.54,2.79,9.73,30.71,15.32,18.38,3.84,41.75,28.89,25.74,12.0,22.21,1.0,root,Monodnaviria,Shotokuvirae,Cressdnaviricota,Arfiviricetes,Cirlivirales,Circoviridae,Cyclovirus,Cyclovirus mchwa,
                  Felixounavirus,1198140,,,,,,1.08,,,,,1.44,0.47,,,,0.08,991919.0,Escherichia coli O145:NM,Duplodnaviria,Heunggongvirae,Uroviricota,Caudoviricetes,Caudoviricetes incertae sedis,Andersonviridae,Ounavirinae,Felixounavirus,dsDNA
                  Yuavirus,1299429,,,,,,,,,,,0.04,,,,,,208964.0,Pseudomonas aeruginosa PAO1,Duplodnaviria,Heunggongvirae,Uroviricota,Caudoviricetes,Caudoviricetes incertae sedis,Mesyanzhinovviridae,Rabinowitzvirinae,Yuavirus,dsDNA
                  Hunnivirus,1431456,,,,,,,,0.1,,,,,,0.09,,,,,,,,,,,,,
                  Bocaparvovirus,1507401,,,,,0.72,,,3.48,,0.08,,,,2.86,,,188568.0,Aselliscus stoliczkanus,Monodnaviria,Shotokuvirae,Cossaviricota,Quintoviricetes,Piccovirales,Parvoviridae,Parvovirinae,Bocaparvovirus,
                Gemycircularvirus,1542744,1.34,,0.1,,,,0.69,,,,,,,0.06,0.08,,9852.0,Alces alces,Monodnaviria,Shotokuvirae,Cressdnaviricota,Repensiviricetes,Geplafuvirales,Genomoviridae,Gemycircularvirus,Gemycircularvirus lepam1,
              Bignuzvirus,1623277,,,,,,,,,,,0.01,,,,,,246196.0,Mycolicibacterium smegmatis MC2 155,Duplodnaviria,Heunggongvirae,Uroviricota,Caudoviricetes,Caudoviricetes incertae sedis,Bignuzvirus,Bignuzvirus bignuz,,dsDNA
                  Bronvirus,1623278,,,,,,,,,,,0.04,,,,,,246196.0,Mycolicibacterium smegmatis MC2 155,Duplodnaviria,Heunggongvirae,Uroviricota,Caudoviricetes,Caudoviricetes incertae sedis,Vilmaviridae,Lclasvirinae,Bronvirus,dsDNA
              Charlievirus,1623280,,,,,,,,,,,0.02,,,,,,246196.0,Mycolicibacterium smegmatis MC2 155,Duplodnaviria,Heunggongvirae,Uroviricota,Caudoviricetes,Caudoviricetes incertae sedis,Charlievirus,Charlievirus Aggie,,dsDNA
              Cheoctovirus,1623281,,,,,,0.41,,,0.48,0.24,0.15,,,,,0.3,1763.0,Mycobacterium,Duplodnaviria,Heunggongvirae,Uroviricota,Caudoviricetes,Caudoviricetes incertae sedis,Cheoctovirus,unclassified Cheoctovirus,,dsDNA
                Chivirus,1623283,,,0.08,,,,,,0.52,,,,,,,0.26,28901.0,Salmonella enterica,Duplodnaviria,Heunggongvirae,Uroviricota,Caudoviricetes,Caudoviricetes incertae sedis,Casjensviridae,Chivirus,,dsDNA
              Corndogvirus,1623285,,,,,,,,,,,0.02,,,,,,1763.0,Mycobacterium,Duplodnaviria,Heunggongvirae,Uroviricota,Caudoviricetes,Caudoviricetes incertae sedis,Corndogvirus,unclassified Corndogvirus,,dsDNA
              Liefievirus,1623288,,,,,,,,,,,0.02,,,,,,246196.0,Mycolicibacterium smegmatis MC2 155,Duplodnaviria,Heunggongvirae,Uroviricota,Caudoviricetes,Caudoviricetes incertae sedis,Liefievirus,Liefievirus halo,Mycobacterium virus Halo,dsDNA
              Dhillonvirus,1623289,,,,,,0.17,,,0.16,,0.12,,,,,0.08,470.0,Acinetobacter baumannii,Duplodnaviria,Heunggongvirae,Uroviricota,Caudoviricetes,Caudoviricetes incertae sedis,Dhillonvirus,unclassified Dhillonvirus,,dsDNA
                Brussowvirus,1623303,,,0.35,0.34,,,,,,,0.08,,,0.11,0.19,,1308.0,Streptococcus thermophilus,Duplodnaviria,Heunggongvirae,Uroviricota,Caudoviricetes,Caudoviricetes incertae sedis,Aliceevansviridae,Brussowvirus,Brussowvirus bvO1205,dsDNA
                Moineauvirus,1623304,,,,,,,,,,,0.06,,,,,,1308.0,Streptococcus thermophilus,Duplodnaviria,Heunggongvirae,Uroviricota,Caudoviricetes,Caudoviricetes incertae sedis,Aliceevansviridae,Moineauvirus,unclassified Moineauvirus,dsDNA
              Skunavirus,1623305,,0.36,0.33,0.36,0.29,0.22,0.7,0.14,0.13,0.15,0.21,0.38,0.12,0.08,0.28,0.17,1358.0,Lactococcus lactis,Duplodnaviria,Heunggongvirae,Uroviricota,Caudoviricetes,Caudoviricetes incertae sedis,Skunavirus,unclassified Skunavirus,,dsDNA
                  Mammarenavirus,1653394,,,,,,,,,,,,,,,0.08,,1.0,root,Riboviria,Orthornavirae,Negarnaviricota,Polyploviricotina,Bunyaviricetes,Hareavirales,Arenaviridae,Mammarenavirus,-ssRNA
              Lessievirus,1720323,,,,,,,,,,,0.03,,,,,,32008.0,Burkholderia,Duplodnaviria,Heunggongvirae,Uroviricota,Caudoviricetes,Caudoviricetes incertae sedis,Lessievirus,Lessievirus bcep22,,dsDNA
              Hollowayvirus,1720324,,,,,,,,,0.17,0.11,0.06,,,,,,287.0,Pseudomonas aeruginosa,Duplodnaviria,Heunggongvirae,Uroviricota,Caudoviricetes,Caudoviricetes incertae sedis,Hollowayvirus,unclassified Hollowayvirus,,dsDNA
                  Kayvirus,1857843,,,,,,,,,,,0.02,,,,,,1279.0,Staphylococcus,Duplodnaviria,Heunggongvirae,Uroviricota,Caudoviricetes,Caudoviricetes incertae sedis,Herelleviridae,Twortvirinae,Kayvirus,dsDNA
                  Sinsheimervirus,1910954,,,,,,,,,,,0.03,,,,,,99287.0,Salmonella enterica subsp. enterica serovar Typhimurium str. LT2,Monodnaviria,Sangervirae,Phixviricota,Malgrandaviricetes,Petitvirales,Microviridae,Bullavirinae,Sinsheimervirus,
                  Jerseyvirus,1910991,,0.59,0.19,,,,,0.56,0.83,0.13,0.03,0.25,,0.3,0.21,0.71,511145.0,Escherichia coli str. K-12 substr. MG1655,Duplodnaviria,Heunggongvirae,Uroviricota,Caudoviricetes,Caudoviricetes incertae sedis,Sarkviridae,Guernseyvirinae,Jerseyvirus,dsDNA
                  Kagunavirus,1910992,2.01,5.82,0.58,0.56,0.31,0.28,,1.28,8.04,0.45,0.39,1.29,0.96,0.88,1.43,7.84,562.0,Escherichia coli,Duplodnaviria,Heunggongvirae,Uroviricota,Caudoviricetes,Caudoviricetes incertae sedis,Sarkviridae,Guernseyvirinae,Kagunavirus,dsDNA
                  Cornellvirus,1910993,,0.98,0.56,,0.31,,,1.96,1.0,0.38,0.08,1.03,0.26,1.33,0.57,0.55,340188.0,Salmonella enterica subsp. enterica serovar Cerro,Duplodnaviria,Heunggongvirae,Uroviricota,Caudoviricetes,Caudoviricetes incertae sedis,Sarkviridae,Guernseyvirinae,Cornellvirus,dsDNA
                  Gammacarmovirus,1911601,,,,,0.43,,,,,,,0.26,0.18,,,,,,,,,,,,,,
                  Mosigvirus,1913652,,,,,,,,,,,0.02,,,,,,244319.0,Escherichia coli O26:H11,Duplodnaviria,Heunggongvirae,Uroviricota,Caudoviricetes,Pantevenvirales,Straboviridae,Tevenvirinae,Mosigvirus,dsDNA
                  Gelderlandvirus,1913653,,,0.12,,,,,0.14,,,0.13,,,,0.1,,584.0,Proteus mirabilis,Duplodnaviria,Heunggongvirae,Uroviricota,Caudoviricetes,Pantevenvirales,Straboviridae,Tevenvirinae,Gelderlandvirus,dsDNA
                  Gaprivervirus,1913654,,,,,,,,,,,0.02,,,,,,,,,,,,,,,,
                  Dhakavirus,1914165,,,,,,,,,,,0.03,,,,,,511693.0,Escherichia coli BL21,Duplodnaviria,Heunggongvirae,Uroviricota,Caudoviricetes,Pantevenvirales,Straboviridae,Tevenvirinae,Dhakavirus,dsDNA
              Certrevirus,1914850,,,,,0.23,,,,,,0.03,,,0.05,,,28141.0,Cronobacter sakazakii,Duplodnaviria,Heunggongvirae,Uroviricota,Caudoviricetes,Caudoviricetes incertae sedis,Certrevirus,Certrevirus CR3,,dsDNA
              Vequintavirus,1914852,,,,,,0.51,,,,,0.36,,,,,,197.0,Campylobacter jejuni,Duplodnaviria,Heunggongvirae,Uroviricota,Caudoviricetes,Caudoviricetes incertae sedis,Vequintavirus,Vequintavirus PDX,Vequintavirus FFH2,dsDNA
              Obolenskvirus,1915205,,,0.22,,,,,0.31,0.52,0.08,0.03,,0.26,1.13,0.21,0.35,470.0,Acinetobacter baumannii,Duplodnaviria,Heunggongvirae,Uroviricota,Caudoviricetes,Caudoviricetes incertae sedis,Obolenskvirus,unclassified Obolenskvirus,,dsDNA
                  Gamaleyavirus,1920753,,1.1,0.19,6.65,0.45,,,0.54,0.26,0.28,0.12,0.14,0.17,0.51,0.16,0.17,1884818.0,Escherichia sp.,Duplodnaviria,Heunggongvirae,Uroviricota,Caudoviricetes,Caudoviricetes incertae sedis,Schitoviridae,Enquatrovirinae,Gamaleyavirus,dsDNA
                  Drulisvirus,1920774,1.06,1.64,0.95,0.37,0.26,0.95,0.21,1.13,0.88,0.41,1.51,0.47,0.36,1.07,0.58,0.51,470.0,Acinetobacter baumannii,Duplodnaviria,Heunggongvirae,Uroviricota,Caudoviricetes,Autographivirales,Autoscriptoviridae,Slopekvirinae,Drulisvirus,dsDNA
                Webervirus,1920860,1.34,2.17,0.47,10.43,1.48,1.48,3.4,1.27,1.37,2.01,1.24,1.0,0.79,1.28,0.21,1.34,548.0,Klebsiella aerogenes,Duplodnaviria,Heunggongvirae,Uroviricota,Caudoviricetes,Caudoviricetes incertae sedis,Drexlerviridae,Webervirus,Webervirus F20,dsDNA
                  Tlsvirus,1920865,,,,,0.16,,,,,,0.07,,,,,,184912.0,Citrobacter sp. TSA-1,Duplodnaviria,Heunggongvirae,Uroviricota,Caudoviricetes,Caudoviricetes incertae sedis,Drexlerviridae,Tempevirinae,Tlsvirus,dsDNA
              Nonanavirus,1921122,,,0.37,,,,,,,,,,,,0.32,,2072463.0,Escherichia coli O78,Duplodnaviria,Heunggongvirae,Uroviricota,Caudoviricetes,Caudoviricetes incertae sedis,Nonanavirus,unclassified Nonanavirus,,dsDNA
              Septimatrevirus,1921544,,,,,,0.17,,,0.12,0.07,0.1,,,,,,287.0,Pseudomonas aeruginosa,Duplodnaviria,Heunggongvirae,Uroviricota,Caudoviricetes,Caudoviricetes incertae sedis,Septimatrevirus,Septimatrevirus C1,Septimatrevirus sv73,dsDNA
                Gemykibivirus,1941236,,0.56,0.16,0.58,13.66,,,0.29,0.15,0.06,0.1,0.44,0.18,0.22,0.15,0.26,9662.0,Meles meles,Monodnaviria,Shotokuvirae,Cressdnaviricota,Repensiviricetes,Geplafuvirales,Genomoviridae,Gemykibivirus,Gemykibivirus badas1,
                  Sepunavirus,1980928,,,,,,,,,,,0.03,,,,,,1282.0,Staphylococcus epidermidis,Duplodnaviria,Heunggongvirae,Uroviricota,Caudoviricetes,Caudoviricetes incertae sedis,Herelleviridae,Twortvirinae,Sepunavirus,dsDNA
              Korravirus,1982076,,,,,,,,,,,0.01,,,,,,1667.0,Arthrobacter sp.,Duplodnaviria,Heunggongvirae,Uroviricota,Caudoviricetes,Caudoviricetes incertae sedis,Korravirus,unclassified Korravirus,,dsDNA
              Mudcatvirus,1982088,,,,,,,,,0.12,0.08,0.14,,,,,0.11,1771959.0,[Arthrobacter] sp. ATCC 21022,Duplodnaviria,Heunggongvirae,Uroviricota,Caudoviricetes,Caudoviricetes incertae sedis,Mudcatvirus,Mudcatvirus arcadia,,dsDNA
                  Abidjanvirus,1982095,,,,,,,,,,,0.02,,,,,,47886.0,Pseudomonas luteola,Duplodnaviria,Heunggongvirae,Uroviricota,Caudoviricetes,Caudoviricetes incertae sedis,Mesyanzhinovviridae,Bradleyvirinae,Abidjanvirus,dsDNA
              Gordonvirus,1982152,,,,,,0.15,,,0.12,0.07,0.13,,,,,0.12,1667.0,Arthrobacter sp.,Duplodnaviria,Heunggongvirae,Uroviricota,Caudoviricetes,Caudoviricetes incertae sedis,Gordonvirus,Gordonvirus breylor17,,dsDNA
              Gordtnkvirus,1982218,,,,,,,,,,,0.01,,,,,,410332.0,Gordonia malaquae,Duplodnaviria,Heunggongvirae,Uroviricota,Caudoviricetes,Caudoviricetes incertae sedis,Gordtnkvirus,Gordtnkvirus gordtnk2,,dsDNA
              Nipunavirus,1982239,,0.2,,,,,,,,0.06,0.05,,,,,,287.0,Pseudomonas aeruginosa,Duplodnaviria,Heunggongvirae,Uroviricota,Caudoviricetes,Caudoviricetes incertae sedis,Nipunavirus,Nipunavirus quinobequin,Nipunavirus NP1,dsDNA
              Pahexavirus,1982251,,,,,,,,,,,0.02,,,,,,1747.0,Cutibacterium acnes,Duplodnaviria,Heunggongvirae,Uroviricota,Caudoviricetes,Caudoviricetes incertae sedis,Pahexavirus,unclassified Pahexavirus,,dsDNA
              Pepyhexavirus,1982367,,,0.09,,,0.17,,,0.14,0.13,0.17,,,0.08,,0.11,1827.0,Rhodococcus,Duplodnaviria,Heunggongvirae,Uroviricota,Caudoviricetes,Caudoviricetes incertae sedis,Pepyhexavirus,Pepyhexavirus pepy6,,dsDNA
              Roufvirus,1982370,,,,,,,,0.13,,,,,,,,,728059.0,Aeromonas sp. IS4,Duplodnaviria,Heunggongvirae,Uroviricota,Caudoviricetes,Caudoviricetes incertae sedis,Roufvirus,Roufvirus pIS4A,,dsDNA
                  Johnsonvirus,1982576,,,,,,,,,,,0.02,,,,,,552.0,Erwinia amylovora,Duplodnaviria,Heunggongvirae,Uroviricota,Caudoviricetes,Caudoviricetes incertae sedis,Schitoviridae,Erskinevirinae,Johnsonvirus,dsDNA
              Likavirus,1982880,,,,,,,,,,,0.03,,,,,,1911.0,Streptomyces griseus,Duplodnaviria,Heunggongvirae,Uroviricota,Caudoviricetes,Caudoviricetes incertae sedis,Likavirus,Likavirus aaronocolus,,dsDNA
              Fishburnevirus,1983734,,,,,,,,,,,0.12,,,,,,246196.0,Mycolicibacterium smegmatis MC2 155,Duplodnaviria,Heunggongvirae,Uroviricota,Caudoviricetes,Caudoviricetes incertae sedis,Fishburnevirus,Fishburnevirus arib1,,dsDNA
                  Mooglevirus,1985303,,,,,,,,,0.17,,0.03,,,0.1,,0.08,546.0,Citrobacter freundii,Duplodnaviria,Heunggongvirae,Uroviricota,Caudoviricetes,Caudoviricetes incertae sedis,Andersonviridae,Ounavirinae,Mooglevirus,dsDNA
                  Jiaodavirus,1985325,,,,,,,,,0.17,,0.07,,,0.05,,,573.0,Klebsiella pneumoniae,Duplodnaviria,Heunggongvirae,Uroviricota,Caudoviricetes,Pantevenvirales,Straboviridae,Tevenvirinae,Jiaodavirus,dsDNA
                Slopekvirus,1985328,,,,,,2.86,,,,0.08,2.47,,0.16,0.07,,,548.0,Klebsiella aerogenes,Duplodnaviria,Heunggongvirae,Uroviricota,Caudoviricetes,Pantevenvirales,Straboviridae,Slopekvirus,Slopekvirus eap3,dsDNA
                  Moonvirus,1985329,,,,,,,,,,,0.02,,,,,,546.0,Citrobacter freundii,Duplodnaviria,Heunggongvirae,Uroviricota,Caudoviricetes,Pantevenvirales,Straboviridae,Tevenvirinae,Moonvirus,dsDNA
                Gemykrogvirus,1985367,2.68,0.16,,,0.51,,,0.19,,,0.02,0.16,0.17,0.19,,0.08,7460.0,Apis mellifera,Monodnaviria,Shotokuvirae,Cressdnaviricota,Repensiviricetes,Geplafuvirales,Genomoviridae,Gemykrogvirus,Gemykrogvirus apime1,
                  Friunavirus,1985711,,,,,,,,0.11,,,0.04,,,0.77,,,470.0,Acinetobacter baumannii,Duplodnaviria,Heunggongvirae,Uroviricota,Caudoviricetes,Autographivirales,Autoscriptoviridae,Beijerinckvirinae,Friunavirus,dsDNA
                  Przondovirus,1985720,,2.0,0.18,0.52,0.7,7.64,23.76,0.33,0.8,0.17,10.39,0.79,0.2,0.27,0.1,0.4,573.0,Klebsiella pneumoniae,Duplodnaviria,Heunggongvirae,Uroviricota,Caudoviricetes,Autographivirales,Autotranscriptaviridae,Studiervirinae,Przondovirus,dsDNA
                  Pradovirus,1985733,,0.17,,,0.16,,,0.12,0.16,0.23,0.14,,,0.11,0.06,0.09,456327.0,Xanthomonas euvesicatoria,Duplodnaviria,Heunggongvirae,Uroviricota,Caudoviricetes,Autographivirales,Autonotataviridae,Gujervirinae,Pradovirus,dsDNA
          Pandoravirus,2060084,,,,,,,,,,,0.13,,,,0.15,,,,,,,,,,,,
                  Tupanvirus,2094720,,,0.25,,,0.21,,,,0.16,0.14,,,0.06,0.19,0.11,5756.0,Acanthamoeba sp.,Varidnaviria,Bamfordvirae,Nucleocytoviricota,Megaviricetes,Imitervirales,Mimiviridae,Megamimivirinae,Tupanvirus,
                  Agtrevirus,2169532,,,,,,,,0.13,0.21,,0.04,,,0.19,,0.1,61645.0,Enterobacter asburiae,Duplodnaviria,Heunggongvirae,Uroviricota,Caudoviricetes,Pantevenvirales,Ackermannviridae,Aglimvirinae,Agtrevirus,dsDNA
                  Kuttervirus,2169536,,,,,,,,,,,0.05,,,0.07,,0.1,550.0,Enterobacter cloacae,Duplodnaviria,Heunggongvirae,Uroviricota,Caudoviricetes,Pantevenvirales,Ackermannviridae,Cvivirinae,Kuttervirus,dsDNA
              Limdunavirus,2169621,,,0.08,,,,,0.13,,0.18,0.03,,,0.07,0.06,,1243.0,Leuconostoc,Duplodnaviria,Heunggongvirae,Uroviricota,Caudoviricetes,Caudoviricetes incertae sedis,Limdunavirus,unclassified Limdunavirus,,dsDNA
                Machinavirus,2169624,,,,,,,,,,,0.02,,,,,,552.0,Erwinia amylovora,Duplodnaviria,Heunggongvirae,Uroviricota,Caudoviricetes,Caudoviricetes incertae sedis,Chimalliviridae,Machinavirus,Machinavirus machina,dsDNA
                  Jwalphavirus,2169642,,,,,,,,,,0.07,,,,,,,85698.0,Achromobacter xylosoxidans,Duplodnaviria,Heunggongvirae,Uroviricota,Caudoviricetes,Caudoviricetes incertae sedis,Schitoviridae,Rothmandenesvirinae,Jwalphavirus,dsDNA
                  Ithacavirus,2169643,,,,,,,,,0.45,,0.02,,,0.06,,0.38,98360.0,Salmonella enterica subsp. enterica serovar Dublin,Duplodnaviria,Heunggongvirae,Uroviricota,Caudoviricetes,Caudoviricetes incertae sedis,Schitoviridae,Humphriesvirinae,Ithacavirus,dsDNA
                  Wizardvirus,2169658,,,,,,,,,,,0.03,,,,,,2055.0,Gordonia terrae,Duplodnaviria,Heunggongvirae,Uroviricota,Caudoviricetes,Caudoviricetes incertae sedis,Stackebrandtviridae,Frickvirinae,Wizardvirus,dsDNA
                Porprismacovirus,2169663,,,,,,,0.19,,,,0.03,,,,,,1.0,root,Monodnaviria,Shotokuvirae,Cressdnaviricota,Arfiviricetes,Cremevirales,Smacoviridae,Porprismacovirus,Porprismacovirus alecas1,
                Husavirus,2219049,,,,,0.29,,,,,,,,,,,,9606.0,Homo sapiens,Riboviria,Orthornavirae,Pisuviricota,Pisoniviricetes,Picornavirales,unclassified Picornavirales,Husavirus,unclassified Husavirus,
              Asteriusvirus,2560094,,,,,,,,,,0.06,0.07,,,,,0.08,562.0,Escherichia coli,Duplodnaviria,Heunggongvirae,Uroviricota,Caudoviricetes,Caudoviricetes incertae sedis,Asteriusvirus,Asteriusvirus av121Q,,dsDNA
              Bantamvirus,2560096,,,,,,,,,,,0.02,,,,,,2055.0,Gordonia terrae,Duplodnaviria,Heunggongvirae,Uroviricota,Caudoviricetes,Caudoviricetes incertae sedis,Bantamvirus,Bantamvirus bantam,,dsDNA
              Bingvirus,2560103,,,,,,,,,,,0.04,,,,,,1916.0,Streptomyces lividans,Duplodnaviria,Heunggongvirae,Uroviricota,Caudoviricetes,Caudoviricetes incertae sedis,Bingvirus,Bingvirus bing,,dsDNA
              Brunovirus,2560108,,,,,,,,,,,,,,0.05,,,59204.0,Salmonella enterica subsp. diarizonae,Duplodnaviria,Heunggongvirae,Uroviricota,Caudoviricetes,Caudoviricetes incertae sedis,Brunovirus,Brunovirus SEN34,,dsDNA
              Dismasvirus,2560122,,,,,,,,,,,0.02,,,,,,104336.0,Microbacterium foliorum,Duplodnaviria,Heunggongvirae,Uroviricota,Caudoviricetes,Caudoviricetes incertae sedis,Dismasvirus,unclassified Dismasvirus,,dsDNA
              Efquatrovirus,2560124,,,,,,,,,,,,,,,,0.12,1351.0,Enterococcus faecalis,Duplodnaviria,Heunggongvirae,Uroviricota,Caudoviricetes,Caudoviricetes incertae sedis,Efquatrovirus,unclassified Efquatrovirus,,dsDNA
              Elerivirus,2560126,,,,,,,,,,,0.02,,,,,,104336.0,Microbacterium foliorum,Duplodnaviria,Heunggongvirae,Uroviricota,Caudoviricetes,Caudoviricetes incertae sedis,Elerivirus,Elerivirus eleri,,dsDNA
              Eneladusvirus,2560128,,,,,,,,,,,0.02,,,,,,552.0,Erwinia amylovora,Duplodnaviria,Heunggongvirae,Uroviricota,Caudoviricetes,Caudoviricetes incertae sedis,Eneladusvirus,Eneladusvirus BF,,dsDNA
              Metrivirus,2560175,,,,,,,,,,,0.01,,,,,,470.0,Acinetobacter baumannii,Duplodnaviria,Heunggongvirae,Uroviricota,Caudoviricetes,Caudoviricetes incertae sedis,Metrivirus,Metrivirus ME3,,dsDNA
              Mimasvirus,2560176,,,,,,,,,,,0.02,,,,,,28141.0,Cronobacter sakazakii,Duplodnaviria,Heunggongvirae,Uroviricota,Caudoviricetes,Caudoviricetes incertae sedis,Mimasvirus,Mimasvirus GAP32,,dsDNA
                  Phimunavirus,2560202,,,,,,,,0.11,,,0.04,0.19,,0.15,,,29471.0,Pectobacterium atrosepticum,Duplodnaviria,Heunggongvirae,Uroviricota,Caudoviricetes,Autographivirales,Autoscriptoviridae,Corkvirinae,Phimunavirus,dsDNA
              Pikminvirus,2560203,,,,,,,,,,,0.02,,,,,,104336.0,Microbacterium foliorum,Duplodnaviria,Heunggongvirae,Uroviricota,Caudoviricetes,Caudoviricetes incertae sedis,Pikminvirus,Pikminvirus pikmin,,dsDNA
              Popoffvirus,2560208,,0.18,,,,,,0.1,,,0.02,,,0.09,,,645.0,Aeromonas salmonicida,Duplodnaviria,Heunggongvirae,Uroviricota,Caudoviricetes,Caudoviricetes incertae sedis,Popoffvirus,Popoffvirus pv56,,dsDNA
              Rimavirus,2560214,,,,,,0.14,,,,,0.09,,,0.05,,,1911.0,Streptomyces griseus,Duplodnaviria,Heunggongvirae,Uroviricota,Caudoviricetes,Caudoviricetes incertae sedis,Rimavirus,Rimavirus rima,,dsDNA
                Sanovirus,2560222,,0.14,0.12,,,0.19,,,,,0.11,,,0.05,,,40324.0,Stenotrophomonas maltophilia,Duplodnaviria,Heunggongvirae,Uroviricota,Caudoviricetes,Caudoviricetes incertae sedis,Casjensviridae,Sanovirus,unclassified Sanovirus,dsDNA
              Scapunavirus,2560225,,,,,,,,,,,0.03,,,,,,1930.0,Streptomyces scabiei,Duplodnaviria,Heunggongvirae,Uroviricota,Caudoviricetes,Caudoviricetes incertae sedis,Scapunavirus,unclassified Scapunavirus,,dsDNA
                Sugarlandvirus,2560233,,,1.0,,,,,,0.5,0.15,0.09,1.59,,0.09,0.28,0.33,573.0,Klebsiella pneumoniae,Duplodnaviria,Heunggongvirae,Uroviricota,Caudoviricetes,Caudoviricetes incertae sedis,Demerecviridae,Sugarlandvirus,Sugarlandvirus AmPhEK80,dsDNA
              Trinavirus,2560242,,,,,,,,,,,0.02,,,,,,1833.0,Rhodococcus erythropolis,Duplodnaviria,Heunggongvirae,Uroviricota,Caudoviricetes,Caudoviricetes incertae sedis,Trinavirus,unclassified Trinavirus,,dsDNA
                Tulanevirus,2560244,,,,,,,,,,,0.03,,,,,,645.0,Aeromonas salmonicida,Duplodnaviria,Heunggongvirae,Uroviricota,Caudoviricetes,Pantevenvirales,Straboviridae,Tulanevirus,Tulanevirus bteighttwo,dsDNA
                  Vividuovirus,2560251,,,,,,,,,,,0.03,,,,,,2055.0,Gordonia terrae,Duplodnaviria,Heunggongvirae,Uroviricota,Caudoviricetes,Caudoviricetes incertae sedis,Stackebrandtviridae,Schenleyvirinae,Vividuovirus,dsDNA
                Taipeivirus,2731621,,,,0.54,,,,,,,0.02,,,0.1,,,562.0,Escherichia coli,Duplodnaviria,Heunggongvirae,Uroviricota,Caudoviricetes,Pantevenvirales,Ackermannviridae,Taipeivirus,Taipeivirus KWBSE436,dsDNA
                  Pettyvirus,2731671,,,,,,,,,,,0.03,,,,,0.08,,,,,,,,,,,
                  Daemvirus,2731672,,,,,,,,,,,0.02,,,,,,40214.0,Acinetobacter johnsonii,Duplodnaviria,Heunggongvirae,Uroviricota,Caudoviricetes,Autographivirales,Autoscriptoviridae,Beijerinckvirinae,Daemvirus,dsDNA
                Gajwadongvirus,2731941,,,,,,,,0.28,,,,,,0.28,,,562.0,Escherichia coli,Duplodnaviria,Heunggongvirae,Uroviricota,Caudoviricetes,Autographivirales,Autographivirales incertae sedis,Gajwadongvirus,Gajwadongvirus ECBP5,dsDNA
                Jiaoyazivirus,2731945,,,,,,,,,,,0.04,,,,,,305.0,Ralstonia solanacearum,Duplodnaviria,Heunggongvirae,Uroviricota,Caudoviricetes,Autographivirales,Autoscriptoviridae,Jiaoyazivirus,Jiaoyazivirus RSB3,dsDNA
                Scottvirus,2731973,,,,,,,,,,,,,,,,0.09,13689.0,Sphingomonas paucimobilis,Duplodnaviria,Heunggongvirae,Uroviricota,Caudoviricetes,Autographivirales,Autonotataviridae,Scottvirus,Scottvirus scott,dsDNA
                  Epseptimavirus,2732017,,,,,,,,,,0.1,0.04,,,,,0.1,83333.0,Escherichia coli K-12,Duplodnaviria,Heunggongvirae,Uroviricota,Caudoviricetes,Caudoviricetes incertae sedis,Demerecviridae,Markadamsvirinae,Epseptimavirus,dsDNA
                Shenzhenvirus,2732038,,,,,0.18,0.17,,,,,0.09,,,,,,196023.0,Aeromonas hydrophila subsp. hydrophila,Duplodnaviria,Heunggongvirae,Uroviricota,Caudoviricetes,Caudoviricetes incertae sedis,Demerecviridae,Shenzhenvirus,unclassified Shenzhenvirus,dsDNA
                  Apdecimavirus,2732676,,0.15,0.1,0.45,,0.23,,0.13,,0.09,0.16,,,0.16,,,,,,,,,,,,,
                  Berlinvirus,2732677,,,,,1.15,0.28,,0.21,,0.07,0.42,,,0.25,,,546.0,Citrobacter freundii,Duplodnaviria,Heunggongvirae,Uroviricota,Caudoviricetes,Autographivirales,Autotranscriptaviridae,Studiervirinae,Berlinvirus,dsDNA
                  Foetvirus,2732682,,,,,0.24,,,,,0.07,0.13,,,0.09,,0.09,,,,,,,,,,,
                  Ghunavirus,2732683,,,,,,,,,,,,,,,52.37,,317.0,Pseudomonas syringae,Duplodnaviria,Heunggongvirae,Uroviricota,Caudoviricetes,Autographivirales,Autotranscriptaviridae,Studiervirinae,Ghunavirus,dsDNA
                  Kayfunavirus,2732686,,3.69,0.69,0.78,0.62,0.63,0.44,0.49,1.59,0.81,0.68,1.55,0.24,0.47,0.37,1.24,1.0,root,Duplodnaviria,Heunggongvirae,Uroviricota,Caudoviricetes,Autographivirales,Autotranscriptaviridae,Studiervirinae,Kayfunavirus,dsDNA
                  Minipunavirus,2732687,,,,,,,,,,0.08,0.04,,,,,,582.0,Morganella morganii,Duplodnaviria,Heunggongvirae,Uroviricota,Caudoviricetes,Autographivirales,Autotranscriptaviridae,Studiervirinae,Minipunavirus,dsDNA
                  Pifdecavirus,2732691,,,,,,,,,,,,,,,0.08,,1211579.0,Pseudomonas putida NBRC 14164,Duplodnaviria,Heunggongvirae,Uroviricota,Caudoviricetes,Autographivirales,Autotranscriptaviridae,Studiervirinae,Pifdecavirus,dsDNA
                  Pijolavirus,2732692,,,,,,,,,,,,,,,1.11,,,,,,,,,,,,
                  Teetrevirus,2732693,,,,,,,,,,,0.09,,,,,,543.0,Enterobacteriaceae,Duplodnaviria,Heunggongvirae,Uroviricota,Caudoviricetes,Autographivirales,Autotranscriptaviridae,Studiervirinae,Teetrevirus,dsDNA
                  Cronosvirus,2732913,,,0.21,,,,,,,,0.06,0.12,0.1,0.05,,,413502.0,Cronobacter turicensis,Duplodnaviria,Heunggongvirae,Uroviricota,Caudoviricetes,Autographivirales,Autonotataviridae,Melnykvirinae,Cronosvirus,dsDNA
                  Pienvirus,2732915,,,,,,,,,,,0.01,,,,,,34051.0,Yersinia enterocolitica (type O:3),Duplodnaviria,Heunggongvirae,Uroviricota,Caudoviricetes,Autographivirales,Autonotataviridae,Melnykvirinae,Pienvirus,dsDNA
                  Kotilavirus,2732921,,,,,,,,0.11,,,0.03,0.21,,0.1,,,554.0,Pectobacterium carotovorum,Duplodnaviria,Heunggongvirae,Uroviricota,Caudoviricetes,Autographivirales,Autoscriptoviridae,Corkvirinae,Kotilavirus,dsDNA
                  Stompvirus,2732922,,0.17,0.13,,0.22,,,0.32,0.25,0.09,0.08,1.03,,0.54,0.08,0.17,1778540.0,Dickeya fangzhongdai,Duplodnaviria,Heunggongvirae,Uroviricota,Caudoviricetes,Autographivirales,Autoscriptoviridae,Corkvirinae,Stompvirus,dsDNA
                Stubburvirus,2732924,,,0.28,0.32,,,,,,0.11,0.03,,,,,,208964.0,Pseudomonas aeruginosa PAO1,Duplodnaviria,Heunggongvirae,Uroviricota,Caudoviricetes,Autographivirales,Autoscriptoviridae,Stubburvirus,Stubburvirus LKA1,dsDNA
                Risjevirus,2732932,,,,,,,,,,,0.02,,,,,,305.0,Ralstonia solanacearum,Duplodnaviria,Heunggongvirae,Uroviricota,Caudoviricetes,Autographivirales,Autonotataviridae,Risjevirus,Risjevirus RSJ2,dsDNA
                  Koutsourovirus,2732938,,,0.22,,,,0.23,0.89,,0.16,0.05,3.84,,0.93,0.12,,550.0,Enterobacter cloacae,Duplodnaviria,Heunggongvirae,Uroviricota,Caudoviricetes,Autographivirales,Autoscriptoviridae,Slopekvirinae,Koutsourovirus,dsDNA
                  Carltongylesvirus,2732960,,,,,,,,0.12,,0.07,0.03,,,0.09,,0.09,511145.0,Escherichia coli str. K-12 substr. MG1655,Duplodnaviria,Heunggongvirae,Uroviricota,Caudoviricetes,Caudoviricetes incertae sedis,Chaseviridae,Cleopatravirinae,Carltongylesvirus,dsDNA
                  Pahsextavirus,2732963,,,,,,,,0.56,0.19,,0.06,,,0.42,,0.19,196024.0,Aeromonas dhakensis,Duplodnaviria,Heunggongvirae,Uroviricota,Caudoviricetes,Caudoviricetes incertae sedis,Chaseviridae,Nefertitivirinae,Pahsextavirus,dsDNA
                  Yushanvirus,2732965,,,,,,,,,,,,,,0.05,,,24.0,Shewanella putrefaciens,Duplodnaviria,Heunggongvirae,Uroviricota,Caudoviricetes,Caudoviricetes incertae sedis,Chaseviridae,Nefertitivirinae,Yushanvirus,dsDNA
                  Schiekvirus,2732968,,,0.13,,,,,,,0.13,0.02,,,,0.12,0.5,1352.0,Enterococcus faecium,Duplodnaviria,Heunggongvirae,Uroviricota,Caudoviricetes,Caudoviricetes incertae sedis,Herelleviridae,Brockvirinae,Schiekvirus,dsDNA
              Alexandravirus,2733088,,,,,,0.13,,,,,0.19,0.19,,,,0.08,1224151.0,Dickeya solani MK10,Duplodnaviria,Heunggongvirae,Uroviricota,Caudoviricetes,Caudoviricetes incertae sedis,Alexandravirus,Alexandravirus AD1,,dsDNA
              Aurunvirus,2733093,,,,,,,,,,,0.04,,,,,,84588.0,Parasynechococcus marenigrum WH 8102,Duplodnaviria,Heunggongvirae,Uroviricota,Caudoviricetes,Caudoviricetes incertae sedis,Aurunvirus,Aurunvirus STIM5,,dsDNA
              Baikalvirus,2733094,,,,,,,,,,,0.02,,,,,,208964.0,Pseudomonas aeruginosa PAO1,Duplodnaviria,Heunggongvirae,Uroviricota,Caudoviricetes,Caudoviricetes incertae sedis,Baikalvirus,Baikalvirus PaBG,,dsDNA
                Derbicusvirus,2733102,,,,,,0.13,,,,,0.12,,,,,,28141.0,Cronobacter sakazakii,Duplodnaviria,Heunggongvirae,Uroviricota,Caudoviricetes,Caudoviricetes incertae sedis,Chimalliviridae,Derbicusvirus,unclassified Derbicusvirus,dsDNA
              Eponavirus,2733103,,,0.08,,,,,,,,0.03,,,,0.06,,853.0,Faecalibacterium prausnitzii,Duplodnaviria,Heunggongvirae,Uroviricota,Caudoviricetes,Caudoviricetes incertae sedis,Eponavirus,Eponavirus epona,,dsDNA
              Phabquatrovirus,2733123,,,,,,,,,,,0.02,,,,,,518.0,Bordetella bronchiseptica,Duplodnaviria,Heunggongvirae,Uroviricota,Caudoviricetes,Caudoviricetes incertae sedis,Phabquatrovirus,Phabquatrovirus PHB04,,dsDNA
              Phapecoctavirus,2733124,,,,,,,,,,,0.02,,,0.09,,0.13,472.0,Acinetobacter sp.,Duplodnaviria,Heunggongvirae,Uroviricota,Caudoviricetes,Caudoviricetes incertae sedis,Phapecoctavirus,unclassified Phapecoctavirus,,dsDNA
              Saclayvirus,2733128,,,0.27,,,,,,0.12,,0.05,,,0.16,,0.08,470.0,Acinetobacter baumannii,Duplodnaviria,Heunggongvirae,Uroviricota,Caudoviricetes,Caudoviricetes incertae sedis,Saclayvirus,unclassified Saclayvirus,,dsDNA
              Schmittlotzvirus,2733132,,,,,,,,,,,0.01,,,,,,358.0,Agrobacterium tumefaciens,Duplodnaviria,Heunggongvirae,Uroviricota,Caudoviricetes,Caudoviricetes incertae sedis,Schmittlotzvirus,Schmittlotzvirus sv771,,dsDNA
              Taranisvirus,2733134,,,,,,,,,,,0.05,,,,,,853.0,Faecalibacterium prausnitzii,Duplodnaviria,Heunggongvirae,Uroviricota,Caudoviricetes,Caudoviricetes incertae sedis,Taranisvirus,Taranisvirus taranis,,dsDNA
              Toutatisvirus,2733138,,,,,0.16,,,,,0.1,0.06,,,,,0.08,853.0,Faecalibacterium prausnitzii,Duplodnaviria,Heunggongvirae,Uroviricota,Caudoviricetes,Caudoviricetes incertae sedis,Toutatisvirus,Toutatisvirus toutatis,,dsDNA
                Wifcevirus,2733141,,,,,,,,0.1,,,,,,0.17,,,562.0,Escherichia coli,Duplodnaviria,Heunggongvirae,Uroviricota,Caudoviricetes,Caudoviricetes incertae sedis,Lindbergviridae,Wifcevirus,Wifcevirus AV128,dsDNA
              Sortsnevirus,2733150,,,,,,,,,,,0.05,,,,,,511145.0,Escherichia coli str. K-12 substr. MG1655,Duplodnaviria,Heunggongvirae,Uroviricota,Caudoviricetes,Caudoviricetes incertae sedis,Sortsnevirus,Sortsnevirus IME279,,dsDNA
              Xuquatrovirus,2733151,4.13,,,,0.18,,0.23,0.22,,,0.02,,0.11,0.15,,,562.0,Escherichia coli,Duplodnaviria,Heunggongvirae,Uroviricota,Caudoviricetes,Caudoviricetes incertae sedis,Xuquatrovirus,unclassified Xuquatrovirus,,dsDNA
                Bertelyvirus,2733152,,,,,,,,,,,0.03,,,,,,190650.0,Caulobacter vibrioides CB15,Duplodnaviria,Heunggongvirae,Uroviricota,Caudoviricetes,Caudoviricetes incertae sedis,Jeanschmidtviridae,Bertelyvirus,unclassified Bertelyvirus,dsDNA
                Poindextervirus,2733154,,,,,,,,,,,0.02,,,,,,190650.0,Caulobacter vibrioides CB15,Duplodnaviria,Heunggongvirae,Uroviricota,Caudoviricetes,Caudoviricetes incertae sedis,Jeanschmidtviridae,Poindextervirus,Poindextervirus rogue,dsDNA
              Lughvirus,2733190,,,,,,,,,,,0.03,,,,,,853.0,Faecalibacterium prausnitzii,Duplodnaviria,Heunggongvirae,Uroviricota,Caudoviricetes,Caudoviricetes incertae sedis,Lughvirus,Lughvirus lugh,,dsDNA
                  Mementomorivirus,2733194,,,,,,,,,,,0.01,,,,,,104336.0,Microbacterium foliorum,Duplodnaviria,Heunggongvirae,Uroviricota,Caudoviricetes,Caudoviricetes incertae sedis,Mementomorivirus,Mementomorivirus cinna,,dsDNA
                Metamorphoovirus,2733195,0.78,,,,,,,,,,0.02,,,0.08,,0.19,199592.0,Microbacterium paraoxydans,Duplodnaviria,Heunggongvirae,Uroviricota,Caudoviricetes,Caudoviricetes incertae sedis,Hodgkinviridae,Metamorphoovirus,Metamorphoovirus ariadne,dsDNA
              Oengusvirus,2733199,0.67,,0.09,,,0.13,,,,,0.14,,,,,,853.0,Faecalibacterium prausnitzii,Duplodnaviria,Heunggongvirae,Uroviricota,Caudoviricetes,Caudoviricetes incertae sedis,Oengusvirus,Oengusvirus oengus,,dsDNA
                Quhwahvirus,2733202,,,,,,,,,,,0.02,,,,,,104336.0,Microbacterium foliorum,Duplodnaviria,Heunggongvirae,Uroviricota,Caudoviricetes,Caudoviricetes incertae sedis,Hodgkinviridae,Quhwahvirus,Quhwahvirus paschalis,dsDNA
                  Pefuambidensovirus,2733227,21.21,1.1,0.42,0.43,0.46,,0.25,0.52,0.22,0.19,0.1,3.05,0.4,0.35,0.24,0.29,301905.0,Ortmanniana pectorosa,Monodnaviria,Shotokuvirae,Cossaviricota,Quintoviricetes,Piccovirales,Parvoviridae,Densovirinae,Pefuambidensovirus,
                  Fadolivirus,2763561,,,,,,,,,,,0.02,,,,,,5778.0,Vermamoeba vermiformis,Varidnaviria,Bamfordvirae,Nucleocytoviricota,Megaviricetes,Imitervirales,Mimiviridae,Klosneuvirinae,Fadolivirus,
              Akonivirus,2842540,,0.29,0.12,,0.21,0.22,,0.1,,0.11,0.14,,,0.1,,0.09,104336.0,Microbacterium foliorum,Duplodnaviria,Heunggongvirae,Uroviricota,Caudoviricetes,Caudoviricetes incertae sedis,Akonivirus,Akonivirus akoni,,dsDNA
                Cbunavirus,2842586,,1.46,0.22,0.52,,,,3.49,0.2,0.36,0.1,0.17,0.17,2.88,0.18,0.15,562.0,Escherichia coli,Duplodnaviria,Heunggongvirae,Uroviricota,Caudoviricetes,Caudoviricetes incertae sedis,Schitoviridae,Cbunavirus,unclassified Cbunavirus,dsDNA
                Cehakivirus,2842589,,,,,,,,,,,,,,0.08,,,1.0,root,Riboviria,Orthornavirae,Lenarviricota,Leviviricetes,Norzivirales,Fiersviridae,Cehakivirus,Cehakivirus limihabitans,+ssRNA
                Citrovirus,2842608,,,,,,,,0.12,,,0.01,,1.32,0.21,,,1676276.0,Citrobacter sp. TM1552,Duplodnaviria,Heunggongvirae,Uroviricota,Caudoviricetes,Caudoviricetes incertae sedis,Zobellviridae,Citrovirus,Citrovirus coptotermitis,dsDNA
                  Dongdastvirus,2842653,,,,,,,,,,0.1,0.04,,,0.06,,,,,,,,,,,,,
                  Goettingenvirus,2842707,,,,,,,,,,,,,,,0.07,,592022.0,Priestia megaterium DSM 319,Duplodnaviria,Heunggongvirae,Uroviricota,Caudoviricetes,Caudoviricetes incertae sedis,Herelleviridae,Bastillevirinae,Goettingenvirus,dsDNA
                  Henuseptimavirus,2842728,,,,,,,,,0.16,,0.06,,0.32,,,0.11,550.0,Enterobacter cloacae,Duplodnaviria,Heunggongvirae,Uroviricota,Caudoviricetes,Caudoviricetes incertae sedis,Drexlerviridae,Tempevirinae,Henuseptimavirus,dsDNA
                Huelvavirus,2842739,,,,,,,,,,,0.02,,,,,,382.0,Sinorhizobium meliloti,Duplodnaviria,Heunggongvirae,Uroviricota,Caudoviricetes,Caudoviricetes incertae sedis,Schitoviridae,Huelvavirus,Huelvavirus ort11,dsDNA
                  Inbricusvirus,2842758,,0.61,0.18,,0.62,,,0.22,,0.22,0.08,,,0.26,,,663959.0,Pseudomonas syringae pv. avii,Duplodnaviria,Heunggongvirae,Uroviricota,Caudoviricetes,Caudoviricetes incertae sedis,Schitoviridae,Rothmandenesvirinae,Inbricusvirus,dsDNA
                  Kaypoctavirus,2842786,,,,0.22,,,,0.11,0.15,,0.11,0.2,,0.28,,,573.0,Klebsiella pneumoniae,Duplodnaviria,Heunggongvirae,Uroviricota,Caudoviricetes,Caudoviricetes incertae sedis,Schitoviridae,Enquatrovirinae,Kaypoctavirus,dsDNA
                Kemicevirus,2842792,,,0.09,,0.43,,,,,,,0.2,0.42,,0.08,,1.0,root,Riboviria,Orthornavirae,Lenarviricota,Leviviricetes,Norzivirales,Fiersviridae,Kemicevirus,Kemicevirus caenicola,+ssRNA
              Kenoshavirus,2842796,,0.29,0.18,,,0.41,0.27,0.13,0.3,0.33,0.32,,,0.11,0.11,0.27,36822.0,Gordonia rubripertincta,Duplodnaviria,Heunggongvirae,Uroviricota,Caudoviricetes,Caudoviricetes incertae sedis,Kenoshavirus,unclassified Kenoshavirus,,dsDNA
                Littlefixvirus,2842828,,,,,,,,,,,0.02,,,,,,294.0,Pseudomonas fluorescens,Duplodnaviria,Heunggongvirae,Uroviricota,Caudoviricetes,Caudoviricetes incertae sedis,Schitoviridae,Littlefixvirus,Littlefixvirus 98Pflur60pp,dsDNA
              Mydovirus,2842888,0.73,,0.13,,,0.14,,1.25,0.22,0.2,0.09,,,0.89,,0.13,562.0,Escherichia coli,Duplodnaviria,Heunggongvirae,Uroviricota,Caudoviricetes,Caudoviricetes incertae sedis,Mydovirus,unclassified Mydovirus,,dsDNA
              Nochtlivirus,2842908,,,,,,,,0.22,,,,,,0.12,,,562.0,Escherichia coli,Duplodnaviria,Heunggongvirae,Uroviricota,Caudoviricetes,Caudoviricetes incertae sedis,Nochtlivirus,Nochtlivirus mEp235,,dsDNA
                Pokkenvirus,2842972,,,,,,,,,,0.08,0.04,,,,,,40324.0,Stenotrophomonas maltophilia,Duplodnaviria,Heunggongvirae,Uroviricota,Caudoviricetes,Caudoviricetes incertae sedis,Schitoviridae,Pokkenvirus,Pokkenvirus paxi,dsDNA
                  Pourcelvirus,2842976,,,,,,,,,,0.06,0.03,,,0.06,,,,,,,,,,,,,
                Pseudotevenvirus,2842979,,,0.11,,,,,,,,0.06,,,,,,1972222.0,Buttiauxella sp.,Duplodnaviria,Heunggongvirae,Uroviricota,Caudoviricetes,Pantevenvirales,Straboviridae,Pseudotevenvirus,unclassified Pseudotevenvirus,dsDNA
                  Pylasvirus,2842993,,,,,,,,0.14,,,0.03,,,0.19,,,573.0,Klebsiella pneumoniae,Duplodnaviria,Heunggongvirae,Uroviricota,Caudoviricetes,Caudoviricetes incertae sedis,Schitoviridae,Humphriesvirinae,Pylasvirus,dsDNA
                  Raunefjordenvirus,2843000,,,,,,,,,,,0.02,,,,,,1525218.0,Sulfitobacter sp. CB2047,Duplodnaviria,Heunggongvirae,Uroviricota,Caudoviricetes,Caudoviricetes incertae sedis,Schitoviridae,Rhodovirinae,Raunefjordenvirus,dsDNA
              Secretariatvirus,2843027,,,,,,,,,,,0.06,,,,,,36822.0,Gordonia rubripertincta,Duplodnaviria,Heunggongvirae,Uroviricota,Caudoviricetes,Caudoviricetes incertae sedis,Secretariatvirus,Secretariatvirus secretariat,,dsDNA
              Tanisvirus,2843069,,,0.21,,,0.29,,,,,0.23,,,0.05,0.13,,36822.0,Gordonia rubripertincta,Duplodnaviria,Heunggongvirae,Uroviricota,Caudoviricetes,Caudoviricetes incertae sedis,Tanisvirus,unclassified Tanisvirus,,dsDNA
              Tinytimothyvirus,2843096,,,,,,,,,,0.07,0.07,,,0.05,0.06,,104336.0,Microbacterium foliorum,Duplodnaviria,Heunggongvirae,Uroviricota,Caudoviricetes,Caudoviricetes incertae sedis,Tinytimothyvirus,Tinytimothyvirus alex44,,dsDNA
                Waedenswilvirus,2843122,,,,,,,,,,,0.01,,,,,,552.0,Erwinia amylovora,Duplodnaviria,Heunggongvirae,Uroviricota,Caudoviricetes,Caudoviricetes incertae sedis,Schitoviridae,Waedenswilvirus,unclassified Waedenswilvirus,dsDNA
                Wahdswovirus,2843124,,,,,,,,,,,,,,,,0.11,1.0,root,Riboviria,Orthornavirae,Lenarviricota,Leviviricetes,Timlovirales,Blumeviridae,Wahdswovirus,Wahdswovirus lutenecus,+ssRNA
                  Zedzedvirus,2843159,,,,,,,,,,,0.03,,,,,,,,,,,,,,,,
                Zicotriavirus,2843161,,,,,,,,,,,0.03,,,,,,287.0,Pseudomonas aeruginosa,Duplodnaviria,Heunggongvirae,Uroviricota,Caudoviricetes,Caudoviricetes incertae sedis,Schitoviridae,Zicotriavirus,Zicotriavirus ZC03,dsDNA
                Zurivirus,2843162,,,,,,,,,,,0.03,,,,,,303.0,Pseudomonas putida,Duplodnaviria,Heunggongvirae,Uroviricota,Caudoviricetes,Caudoviricetes incertae sedis,Schitoviridae,Zurivirus,Zurivirus zuri,dsDNA
              Aguilavirus,2843343,,,,,,,,,,,,,,0.07,,,562.0,Escherichia coli,Duplodnaviria,Heunggongvirae,Uroviricota,Caudoviricetes,Caudoviricetes incertae sedis,Aguilavirus,Aguilavirus mEp043,,dsDNA
              Astrithrvirus,2843350,,,0.1,,,,,,,,,,,,0.06,,469.0,Acinetobacter,Duplodnaviria,Heunggongvirae,Uroviricota,Caudoviricetes,Caudoviricetes incertae sedis,Astrithrvirus,unclassified Astrithrvirus,,dsDNA
              Audreyjarvisvirus,2843351,,,0.21,0.44,,0.34,0.31,0.54,,0.2,0.29,0.16,,0.66,,,1358.0,Lactococcus lactis,Duplodnaviria,Heunggongvirae,Uroviricota,Caudoviricetes,Caudoviricetes incertae sedis,Audreyjarvisvirus,Audreyjarvisvirus av949,,dsDNA
              Burrovirus,2843362,,0.98,0.71,0.37,0.85,0.57,0.97,0.28,0.62,0.56,0.4,0.49,0.3,0.34,0.26,0.45,104336.0,Microbacterium foliorum,Duplodnaviria,Heunggongvirae,Uroviricota,Caudoviricetes,Caudoviricetes incertae sedis,Burrovirus,Burrovirus araxxi,,dsDNA
              Chopinvirus,2843365,,,,0.26,,,,,,,0.02,,,,,,1358.0,Lactococcus lactis,Duplodnaviria,Heunggongvirae,Uroviricota,Caudoviricetes,Caudoviricetes incertae sedis,Chopinvirus,Chopinvirus KSY1,,dsDNA
              Fremauxvirus,2843383,,,,,,,,,,,0.04,,,,,,1358.0,Lactococcus lactis,Duplodnaviria,Heunggongvirae,Uroviricota,Caudoviricetes,Caudoviricetes incertae sedis,Fremauxvirus,Fremauxvirus fv1706,,dsDNA
                  Kanagawavirus,2843399,,,,,,,,,,,0.02,,,,,,67780.0,Edwardsiella ictaluri,Duplodnaviria,Heunggongvirae,Uroviricota,Caudoviricetes,Pantevenvirales,Straboviridae,Tevenvirinae,Kanagawavirus,dsDNA
              Lastavirus,2843414,,,,,,,,0.14,,,,0.13,,,,,573.0,Klebsiella pneumoniae,Duplodnaviria,Heunggongvirae,Uroviricota,Caudoviricetes,Caudoviricetes incertae sedis,Lastavirus,Lastavirus lasta,,dsDNA
              Muldoonvirus,2843425,,,,,,,,,,,0.02,,,,,,413497.0,Cronobacter dublinensis,Duplodnaviria,Heunggongvirae,Uroviricota,Caudoviricetes,Caudoviricetes incertae sedis,Muldoonvirus,unclassified Muldoonvirus,,dsDNA
              Muminvirus,2843426,,,,,,,,0.26,,,0.31,,,,,,2654245.0,Flavobacterium sp. LMO9,Duplodnaviria,Heunggongvirae,Uroviricota,Caudoviricetes,Caudoviricetes incertae sedis,Muminvirus,Muminvirus filifjonk,,dsDNA
              Plateaulakevirus,2843436,,,0.17,,0.18,0.17,,0.83,,0.42,0.23,,,0.55,,,196023.0,Aeromonas hydrophila subsp. hydrophila,Duplodnaviria,Heunggongvirae,Uroviricota,Caudoviricetes,Caudoviricetes incertae sedis,Plateaulakevirus,Plateaulakevirus pv2L372D,,dsDNA
              Takahashivirus,2843463,,,,,,,,,,,0.03,,,,,,224308.0,Bacillus subtilis subsp. subtilis str. 168,Duplodnaviria,Heunggongvirae,Uroviricota,Caudoviricetes,Caudoviricetes incertae sedis,Takahashivirus,Takahashivirus PBS1,,dsDNA
              Teubervirus,2843466,,,,,,,,,,,0.04,,,,,,1358.0,Lactococcus lactis,Duplodnaviria,Heunggongvirae,Uroviricota,Caudoviricetes,Caudoviricetes incertae sedis,Teubervirus,Teubervirus AM6,,dsDNA
              Uwajimavirus,2843469,,,,,,,,,,,,,,,,0.2,1363.0,Lactococcus garvieae,Duplodnaviria,Heunggongvirae,Uroviricota,Caudoviricetes,Caudoviricetes incertae sedis,Uwajimavirus,unclassified Uwajimavirus,,dsDNA
                Yonseivirus,2843478,,0.66,0.26,0.32,,,0.38,2.0,0.17,0.21,0.1,1.39,0.55,1.53,0.13,0.15,573.0,Klebsiella pneumoniae,Duplodnaviria,Heunggongvirae,Uroviricota,Caudoviricetes,Caudoviricetes incertae sedis,Casjensviridae,Yonseivirus,Yonseivirus N137,dsDNA
                  Kahnovirus,2942979,,1.54,1.37,2.96,1.03,1.12,1.22,1.68,1.26,0.6,1.01,0.66,0.61,1.91,0.74,0.91,,,,,,,,,,,
                  Kehishuvirus,2942980,,0.84,0.9,0.55,1.54,0.35,1.38,0.43,0.99,0.59,0.3,0.52,1.61,0.36,1.0,1.01,329854.0,Bacteroides intestinalis,Duplodnaviria,Heunggongvirae,Uroviricota,Caudoviricetes,Crassvirales,Steigviridae,Asinivirinae,Kehishuvirus,dsDNA
                  Paundivirus,2942981,,0.3,0.99,0.49,,,,0.22,0.2,0.13,0.08,,0.19,0.18,0.3,0.11,1.0,root,Duplodnaviria,Heunggongvirae,Uroviricota,Caudoviricetes,Crassvirales,Steigviridae,Asinivirinae,Paundivirus,dsDNA
                  Wulfhauvirus,2942982,,,,,,,,,,0.07,0.01,,,,,,226186.0,Bacteroides thetaiotaomicron VPI-5482,Duplodnaviria,Heunggongvirae,Uroviricota,Caudoviricetes,Crassvirales,Steigviridae,Asinivirinae,Wulfhauvirus,dsDNA
                  Afonbuvirus,2942989,,0.66,0.68,2.16,1.3,0.84,0.94,1.2,1.72,0.82,0.73,0.3,1.61,1.08,0.45,1.96,1.0,root,Duplodnaviria,Heunggongvirae,Uroviricota,Caudoviricetes,Crassvirales,Suoliviridae,Bearivirinae,Afonbuvirus,dsDNA
                  Canhaevirus,2942990,,0.17,0.23,,0.19,,0.32,0.13,0.27,0.15,0.09,0.22,,0.09,0.13,0.22,1.0,root,Duplodnaviria,Heunggongvirae,Uroviricota,Caudoviricetes,Crassvirales,Suoliviridae,Boorivirinae,Canhaevirus,dsDNA
                  Cohcovirus,2942991,,0.33,0.13,,0.27,0.17,,0.1,0.26,0.11,0.16,,,,,0.24,,,,,,,,,,,
                  Culoivirus,2942992,,,,,0.16,,,,,,0.07,,,,,0.11,818.0,Bacteroides thetaiotaomicron,Duplodnaviria,Heunggongvirae,Uroviricota,Caudoviricetes,Crassvirales,Suoliviridae,Boorivirinae,Culoivirus,dsDNA
                  Blohavirus,2942993,,0.21,0.19,0.38,0.25,0.34,0.3,0.11,0.31,0.09,0.24,0.25,0.2,0.12,0.2,0.22,,,,,,,,,,,
                  Buchavirus,2942994,,0.43,0.22,0.67,1.31,0.72,0.21,0.58,0.86,0.28,0.64,0.3,0.6,0.66,0.18,0.85,1.0,root,Duplodnaviria,Heunggongvirae,Uroviricota,Caudoviricetes,Crassvirales,Suoliviridae,Loutivirinae,Buchavirus,dsDNA
                Dunedinvirus,2943004,,,,,,,0.19,,,,,,,0.25,,,104623.0,Prodigiosinella confusarubida,Duplodnaviria,Heunggongvirae,Uroviricota,Caudoviricetes,Caudoviricetes incertae sedis,Casjensviridae,Dunedinvirus,Dunedinvirus JS26,dsDNA
                Gwanakrovirus,2943008,,,,,,,,,,,0.02,,,,,,79967.0,Erwinia pyrifoliae,Duplodnaviria,Heunggongvirae,Uroviricota,Caudoviricetes,Caudoviricetes incertae sedis,Casjensviridae,Gwanakrovirus,Gwanakrovirus SNUABM08,dsDNA
                Salvovirus,2943016,,0.87,0.34,0.39,0.16,0.28,,0.31,0.2,0.84,0.2,0.2,0.81,0.33,0.13,0.21,33013.0,Clavibacter michiganensis subsp. michiganensis,Duplodnaviria,Heunggongvirae,Uroviricota,Caudoviricetes,Caudoviricetes incertae sedis,Casjensviridae,Salvovirus,unclassified Salvovirus,dsDNA
                Seodaemunguvirus,2943017,,,0.14,,,,,0.11,,0.08,,,,0.1,0.1,,573.0,Klebsiella pneumoniae,Duplodnaviria,Heunggongvirae,Uroviricota,Caudoviricetes,Caudoviricetes incertae sedis,Casjensviridae,Seodaemunguvirus,Seodaemunguvirus YMC16-01N133,dsDNA
                Sharonstreetvirus,2943019,,0.24,0.12,0.8,,0.21,4.15,0.14,0.17,0.09,0.18,,,0.09,0.08,0.09,644.0,Aeromonas hydrophila,Duplodnaviria,Heunggongvirae,Uroviricota,Caudoviricetes,Caudoviricetes incertae sedis,Casjensviridae,Sharonstreetvirus,unclassified Sharonstreetvirus,dsDNA
                Zhonglingvirus,2943020,,,,,,,,,,,,,,,,0.15,599.0,Salmonella sp.,Duplodnaviria,Heunggongvirae,Uroviricota,Caudoviricetes,Caudoviricetes incertae sedis,Casjensviridae,Zhonglingvirus,Zhonglingvirus SAP012,dsDNA
              Swiduovirus,2944849,,,,,,,,,,0.07,,,,,,,561.0,Escherichia,Duplodnaviria,Heunggongvirae,Uroviricota,Caudoviricetes,Caudoviricetes incertae sedis,Swiduovirus,Swiduovirus swi2,,dsDNA
              Akiravirus,2946787,,,,,,,,,,0.16,,,,0.1,,,59201.0,Salmonella enterica subsp. enterica,Duplodnaviria,Heunggongvirae,Uroviricota,Caudoviricetes,Caudoviricetes incertae sedis,Akiravirus,Akiravirus akira,,dsDNA
                Angainorvirus,2946799,,,,,,,,,,,,,,,0.12,,5758.0,Entamoeba,Monodnaviria,Shotokuvirae,Cressdnaviricota,Arfiviricetes,Rohanvirales,Nenyaviridae,Angainorvirus,Angainorvirus turin,
                  Aurodevirus,2946811,,0.9,0.74,0.94,1.55,0.29,0.47,0.56,2.74,0.98,0.23,0.74,0.93,0.62,0.47,2.1,1.0,root,Duplodnaviria,Heunggongvirae,Uroviricota,Caudoviricetes,Crassvirales,Suoliviridae,Uncouvirinae,Aurodevirus,dsDNA
              Backyardiganvirus,2946815,,,,,,,,,,,0.06,,,,,,246196.0,Mycolicibacterium smegmatis MC2 155,Duplodnaviria,Heunggongvirae,Uroviricota,Caudoviricetes,Caudoviricetes incertae sedis,Backyardiganvirus,unclassified Backyardiganvirus,,dsDNA
              Beograduvirus,2946820,,0.43,,,,,,,,,,,,,,,456327.0,Xanthomonas euvesicatoria,Duplodnaviria,Heunggongvirae,Uroviricota,Caudoviricetes,Caudoviricetes incertae sedis,Beograduvirus,unclassified Beograduvirus,,dsDNA
                  Besingivirus,2946821,,,,,0.16,,,,0.14,,0.07,,,,,0.13,,,,,,,,,,,
                  Birpovirus,2946830,,0.26,0.16,,0.24,0.38,0.22,0.16,0.27,0.1,0.24,0.12,0.17,0.14,0.14,0.21,,,,,,,,,,,
                  Bohxovirus,2946832,,,,,,,,,0.12,,0.09,,,,,0.09,,,Duplodnaviria,Heunggongvirae,Uroviricota,Caudoviricetes,Crassvirales,Suoliviridae,Oafivirinae,Bohxovirus,dsDNA
                  Buhlduvirus,2948643,,,,,,,,,,,0.12,,,,,0.12,,,,,,,,,,,
                  Buorbuivirus,2948644,,,0.09,,0.17,,,,0.33,0.11,0.07,,,0.06,0.13,0.26,,,,,,,,,,,
                  Burzaovirus,2948645,0.89,26.59,53.14,34.87,25.72,44.36,36.24,12.96,39.62,22.87,42.2,23.4,20.79,15.33,14.85,30.81,1.0,root,Duplodnaviria,Heunggongvirae,Uroviricota,Caudoviricetes,Crassvirales,Suoliviridae,Oafivirinae,Burzaovirus,dsDNA
                  Cacepaovirus,2948646,,,0.21,0.67,0.35,0.42,0.31,0.13,0.29,0.13,0.41,0.53,,0.17,,0.25,,,,,,,,,,,
                  Carjivirus,2948652,17.75,1.6,1.32,1.53,1.04,1.58,1.57,0.8,0.88,0.67,1.31,0.61,0.65,0.65,0.88,1.01,1869227.0,bacterium,Duplodnaviria,Heunggongvirae,Uroviricota,Caudoviricetes,Crassvirales,Intestiviridae,Crudevirinae,Carjivirus,dsDNA
                  Chuhaivirus,2948663,,0.27,0.47,0.65,0.42,0.76,1.34,0.17,1.03,0.69,0.96,1.95,0.41,0.23,0.15,1.05,,,,,,,,,,,
                  Clownvirus,2948667,,,,,,0.23,,,0.21,,0.12,,,0.06,,0.09,,,,,,,,,,,
                  Dabirmavirus,2948671,,,,,,,,,,,0.04,,,,,,,,,,,,,,,,
              Deseoctovirus,2948678,,,,,,,,,,0.19,,,,,,,562.0,Escherichia coli,Duplodnaviria,Heunggongvirae,Uroviricota,Caudoviricetes,Caudoviricetes incertae sedis,Deseoctovirus,Deseoctovirus C1,,dsDNA
                  Diorhovirus,2948680,,,0.13,,,,,,0.21,,0.03,,,,0.08,0.15,,,,,,,,,,,
                  Drivevirus,2948684,,0.17,,,0.26,,,,,,0.06,,0.11,,,,,,,,,,,,,,
                  Delmidovirus,2948688,,,0.12,,,,,,,,0.1,0.13,,0.08,,,818.0,Bacteroides thetaiotaomicron,Duplodnaviria,Heunggongvirae,Uroviricota,Caudoviricetes,Crassvirales,Intestiviridae,Crudevirinae,Delmidovirus,dsDNA
                Efbeekayvirus,2948690,,0.17,0.41,0.41,0.42,0.96,,3.14,0.29,0.34,1.01,0.54,0.43,2.29,0.18,0.25,558.0,Erwinia sp.,Duplodnaviria,Heunggongvirae,Uroviricota,Caudoviricetes,Caudoviricetes incertae sedis,Schitoviridae,Efbeekayvirus,unclassified Efbeekayvirus,dsDNA
                  Endlipuvirus,2948697,,0.3,0.12,,,,,,,,0.05,,,,,0.13,,,,,,,,,,,
                Exceevirus,2948704,,0.17,0.13,,0.16,,,0.2,0.27,0.1,0.08,,,0.34,0.08,0.09,470.0,Acinetobacter baumannii,Duplodnaviria,Heunggongvirae,Uroviricota,Caudoviricetes,Caudoviricetes incertae sedis,Schitoviridae,Exceevirus,Exceevirus Xc38,dsDNA
                  Faithunavirus,2948705,,,,,,0.13,,,,0.11,0.08,,,,,,1772.0,Mycolicibacterium smegmatis,Duplodnaviria,Heunggongvirae,Uroviricota,Caudoviricetes,Caudoviricetes incertae sedis,Vilmaviridae,Lclasvirinae,Faithunavirus,dsDNA
                  Fohxhuevirus,2948709,,0.81,0.83,1.62,0.51,1.44,0.71,0.27,0.52,0.5,1.31,0.72,0.39,0.17,0.34,0.34,,,,,,,,,,,
                  Foxborovirus,2948710,,,,,,,,,,,0.02,,,,,,2055.0,Gordonia terrae,Duplodnaviria,Heunggongvirae,Uroviricota,Caudoviricetes,Caudoviricetes incertae sedis,Zierdtviridae,Emilbogenvirinae,Foxborovirus,dsDNA
                  Hacihdavirus,2948736,,,0.22,,,0.31,,,,0.06,0.22,,,0.09,0.13,,,,,,,,,,,,
                Herugrimvirus,2948758,16.24,,0.1,,5.11,0.28,0.19,,,,0.28,,0.32,,0.07,0.16,1.0,root,Monodnaviria,Shotokuvirae,Cressdnaviricota,Arfiviricetes,Cirlivirales,Vilyaviridae,Herugrimvirus,Herugrimvirus gladden,
                  Jahgtovirus,2948767,,0.27,0.3,0.24,0.3,,,0.15,0.45,0.16,0.07,0.14,0.47,0.17,0.26,0.49,371601.0,Bacteroides xylanisolvens,Duplodnaviria,Heunggongvirae,Uroviricota,Caudoviricetes,Crassvirales,Intestiviridae,Churivirinae,Jahgtovirus,dsDNA
                Jamesmcgillvirus,2948768,,,0.1,,,,,,,,,,,,0.1,,287.0,Pseudomonas aeruginosa,Duplodnaviria,Heunggongvirae,Uroviricota,Caudoviricetes,Caudoviricetes incertae sedis,Fredfastierviridae,Jamesmcgillvirus,Jamesmcgillvirus jv119X,dsDNA
              Jujuvirus,2948772,,,,,,,,,,,0.02,,,,,,2055.0,Gordonia terrae,Duplodnaviria,Heunggongvirae,Uroviricota,Caudoviricetes,Caudoviricetes incertae sedis,Jujuvirus,unclassified Jujuvirus,,dsDNA
                  Junduvirus,2948774,,0.17,,0.63,0.29,0.45,,8.88,,0.13,0.33,0.12,0.14,14.07,,0.16,818.0,Bacteroides thetaiotaomicron,Duplodnaviria,Heunggongvirae,Uroviricota,Caudoviricetes,Crassvirales,Crevaviridae,Coarsevirinae,Junduvirus,dsDNA
              Justusliebigvirus,2948775,,,,,,,,,,,0.02,,,,,,197.0,Campylobacter jejuni,Duplodnaviria,Heunggongvirae,Uroviricota,Caudoviricetes,Caudoviricetes incertae sedis,Justusliebigvirus,unclassified Justusliebigvirus,,dsDNA
                  Kingevirus,2948785,1.0,,0.12,0.28,0.22,0.21,,0.29,,0.21,0.28,,0.24,0.27,0.07,0.22,818.0,Bacteroides thetaiotaomicron,Duplodnaviria,Heunggongvirae,Uroviricota,Caudoviricetes,Crassvirales,Crevaviridae,Doltivirinae,Kingevirus,dsDNA
                Klumppvirus,2948786,,,,,,,,,,,0.01,,,,,,2756.0,Brochothrix thermosphacta,Duplodnaviria,Heunggongvirae,Uroviricota,Caudoviricetes,Caudoviricetes incertae sedis,Herelleviridae,Klumppvirus,Klumppvirus A9,dsDNA
                  Kolpuevirus,2948787,,0.37,0.4,0.36,0.29,0.26,0.6,0.12,0.72,0.53,0.29,0.51,0.33,0.21,0.22,0.48,818.0,Bacteroides thetaiotaomicron,Duplodnaviria,Heunggongvirae,Uroviricota,Caudoviricetes,Crassvirales,Steigviridae,Asinivirinae,Kolpuevirus,dsDNA
              Kunmingvirus,2948791,,0.26,,,,,,0.1,,,0.02,,,,,,948519.0,Aeromonas rivipollensis,Duplodnaviria,Heunggongvirae,Uroviricota,Caudoviricetes,Caudoviricetes incertae sedis,Kunmingvirus,Kunmingvirus kv2D05,,dsDNA
                  Lahndsivirus,2948793,,,,0.22,,,,,,,0.02,,,,,0.12,,,,,,,,,,,
                  Lebriduvirus,2948797,,,,,0.19,,,,0.24,0.1,0.06,,0.11,0.07,,0.19,,,,,,,,,,,
                Lipsvirus,2948803,,,,,,,,,,,0.04,,,,,,1131.0,Synechococcus sp.,Duplodnaviria,Heunggongvirae,Uroviricota,Caudoviricetes,Pantevenvirales,Kyanoviridae,Lipsvirus,unclassified Lipsvirus,dsDNA
                  Lumosvirus,2948808,,,,,,,,,,,0.02,,,,,,,,,,,,,,,,
                  Mahlunavirus,2948812,,,,,,,,,,0.06,0.03,,0.1,0.05,,,,,,,,,,,,,
                  Mahstovirus,2948813,,,,,0.17,,0.54,0.12,,0.07,0.04,,,0.08,,,,,,,,,,,,,
              Moomoovirus,2948827,,,,,,,,,,,0.02,,,,,,246196.0,Mycolicibacterium smegmatis MC2 155,Duplodnaviria,Heunggongvirae,Uroviricota,Caudoviricetes,Caudoviricetes incertae sedis,Moomoovirus,Moomoovirus moomoo,,dsDNA
              Myrnavirus,2948833,,,,,,,,,,,0.02,,,,,,1763.0,Mycobacterium,Duplodnaviria,Heunggongvirae,Uroviricota,Caudoviricetes,Caudoviricetes incertae sedis,Myrnavirus,Myrnavirus myrna,,dsDNA
                  Pamirivirus,2948854,,,0.13,,,,,,,0.07,0.03,,,,,,,,,,,,,,,,
                  Pipoluvirus,2948867,,,0.08,,,,,,,,0.06,,,,,,,,,,,,,,,,
              Segzyvirus,2948900,,,,,,,,,,0.13,,,,,,,90371.0,Salmonella enterica subsp. enterica serovar Typhimurium,Duplodnaviria,Heunggongvirae,Uroviricota,Caudoviricetes,Caudoviricetes incertae sedis,Segzyvirus,Segzyvirus LPSTLL,,dsDNA
              Sheenvirus,2948905,,,,,,,,,,,0.01,,,,,,246196.0,Mycolicibacterium smegmatis MC2 155,Duplodnaviria,Heunggongvirae,Uroviricota,Caudoviricetes,Caudoviricetes incertae sedis,Sheenvirus,Sheenvirus Sheen,,dsDNA
              Skatevirus,2948910,,,,,,,,,,0.26,,,,0.11,,,90371.0,Salmonella enterica subsp. enterica serovar Typhimurium,Duplodnaviria,Heunggongvirae,Uroviricota,Caudoviricetes,Caudoviricetes incertae sedis,Skatevirus,unclassified Skatevirus,,dsDNA
                  Sukkupivirus,2948917,,,,,,,,,,,0.03,,,,,,,,,,,,,,,,
                Triduovirus,2948933,,,,,,,,1.48,1.02,0.4,0.08,0.38,,1.1,,0.99,211968.0,Salmonella enterica subsp. enterica serovar Albany,Duplodnaviria,Heunggongvirae,Uroviricota,Caudoviricetes,Caudoviricetes incertae sedis,Schitoviridae,Triduovirus,Triduovirus Tr2,dsDNA
                Vingilotevirus,2948948,4.24,,,,0.4,,,,,,,,,,,,1.0,root,Monodnaviria,Shotokuvirae,Cressdnaviricota,Arfiviricetes,Cirlivirales,Vilyaviridae,Vingilotevirus,Vingilotevirus gamgee,
                  Wotdevirus,2948953,,,0.23,,0.22,0.18,,,,,0.18,,,0.05,,0.1,1.0,root,Duplodnaviria,Heunggongvirae,Uroviricota,Caudoviricetes,Crassvirales,Intestiviridae,Obtuvirinae,Wotdevirus,dsDNA
                  Xooduovirus,2948956,,,,,,,,,,,0.02,,,,,,64187.0,Xanthomonas oryzae pv. oryzae,Duplodnaviria,Heunggongvirae,Uroviricota,Caudoviricetes,Caudoviricetes incertae sedis,Mesyanzhinovviridae,Bradleyvirinae,Xooduovirus,dsDNA
              Axeltriavirus,3044667,,,,,,,,,,,0.03,,,0.06,,,40324.0,Stenotrophomonas maltophilia,Duplodnaviria,Heunggongvirae,Uroviricota,Caudoviricetes,Caudoviricetes incertae sedis,Axeltriavirus,Axeltriavirus AXL3,,dsDNA
              Carvajevirus,3044683,,,0.46,,,,,,,,,,,,0.34,,573.0,Klebsiella pneumoniae,Duplodnaviria,Heunggongvirae,Uroviricota,Caudoviricetes,Caudoviricetes incertae sedis,Carvajevirus,Carvajevirus carvaje,,dsDNA
                Chaoshanvirus,3044686,,,,,,,,,,,0.02,,,,,,645.0,Aeromonas salmonicida,Duplodnaviria,Heunggongvirae,Uroviricota,Caudoviricetes,Caudoviricetes incertae sedis,Chimalliviridae,Chaoshanvirus,unclassified Chaoshanvirus,dsDNA
              Clawzvirus,3044689,,,,,,,,,,,0.02,,,,,,36822.0,Gordonia rubripertincta,Duplodnaviria,Heunggongvirae,Uroviricota,Caudoviricetes,Caudoviricetes incertae sedis,Clawzvirus,Clawzvirus clawz,,dsDNA
              Cobrasixvirus,3044690,,0.18,0.26,,,,,0.22,0.16,,0.05,,,0.08,0.26,0.11,550.0,Enterobacter cloacae,Duplodnaviria,Heunggongvirae,Uroviricota,Caudoviricetes,Caudoviricetes incertae sedis,Cobrasixvirus,Cobrasixvirus cobrasix,,dsDNA
                Ferozepurvirus,3044715,,,,,,,,,,,0.07,,,,,,648.0,Aeromonas caviae,Duplodnaviria,Heunggongvirae,Uroviricota,Caudoviricetes,Caudoviricetes incertae sedis,Chimalliviridae,Ferozepurvirus,unclassified Ferozepurvirus,dsDNA
              Forzavirus,3044718,,,,,,,,,,,0.02,,,,,,2055.0,Gordonia terrae,Duplodnaviria,Heunggongvirae,Uroviricota,Caudoviricetes,Caudoviricetes incertae sedis,Forzavirus,unclassified Forzavirus,,dsDNA
                Miamivirus,3044763,,,,,,,,0.38,,,0.02,,,0.35,,,573.0,Klebsiella pneumoniae,Duplodnaviria,Heunggongvirae,Uroviricota,Caudoviricetes,Caudoviricetes incertae sedis,Chimalliviridae,Miamivirus,Miamivirus miami,dsDNA
                Moazamivirus,3044766,,,,,0.22,,,,,,,,,,,,108619.0,Salmonella enterica subsp. enterica serovar Newport,Duplodnaviria,Heunggongvirae,Uroviricota,Caudoviricetes,Caudoviricetes incertae sedis,Grimontviridae,Moazamivirus,Moazamivirus 711,dsDNA
                  Moovirus,3044769,,2.23,0.42,,,,0.53,1.63,0.17,0.16,0.08,0.14,0.29,1.19,0.32,0.22,623.0,Shigella flexneri,Duplodnaviria,Heunggongvirae,Uroviricota,Caudoviricetes,Caudoviricetes incertae sedis,Schitoviridae,Enquatrovirinae,Moovirus,dsDNA
                Nieuwekanaalvirus,3044774,,,,,,,,,,0.07,0.07,,,,0.07,,1884818.0,Escherichia sp.,Duplodnaviria,Heunggongvirae,Uroviricota,Caudoviricetes,Caudoviricetes incertae sedis,Mktvariviridae,Gordonclarkvirinae,Nieuwekanaalvirus,dsDNA
              Quivirus,3044799,,,,,,,,,,0.07,0.04,,,,,,1665.0,Arthrobacter globiformis,Duplodnaviria,Heunggongvirae,Uroviricota,Caudoviricetes,Caudoviricetes incertae sedis,Quivirus,Quivirus qui,,dsDNA
                  Rheavirus,3044800,,,,,,,,,,,0.03,,,,,,,,,,,,,,,,
              Richievirus,3044803,,,,,,,,,,0.12,0.04,,,,,,1665.0,Arthrobacter globiformis,Duplodnaviria,Heunggongvirae,Uroviricota,Caudoviricetes,Caudoviricetes incertae sedis,Richievirus,Richievirus auxilium,,dsDNA
                Yellowseavirus,3044861,,,,,,,,,,,0.03,,,,,,1620844.0,Synechococcus sp. MW02,Duplodnaviria,Heunggongvirae,Uroviricota,Caudoviricetes,Pantevenvirales,Kyanoviridae,Yellowseavirus,Yellowseavirus thirtyeight,dsDNA
                  Moumouvirus,3080801,,,,,,,,,,0.08,0.11,,,0.06,,,,,,,,,,,,,
                  Donnerlittchenvirus,3152600,,,,,,,,,,,0.01,,,,,,29581.0,Janthinobacterium lividum,Duplodnaviria,Heunggongvirae,Uroviricota,Caudoviricetes,Caudoviricetes incertae sedis,Mesyanzhinovviridae,Bradleyvirinae,Donnerlittchenvirus,dsDNA
              Oscarsovirus,3152624,,,,,,,,,,0.09,0.02,,,,,,661398.0,Microbacterium radiodurans,Duplodnaviria,Heunggongvirae,Uroviricota,Caudoviricetes,Caudoviricetes incertae sedis,Oscarsovirus,Oscarsovirus oscarso,,dsDNA
              Bimevirus,3152907,,,,,,,,0.24,,,,,,0.16,,,573.0,Klebsiella pneumoniae,Duplodnaviria,Heunggongvirae,Uroviricota,Caudoviricetes,Caudoviricetes incertae sedis,Bimevirus,Bimevirus bv1611EK21,,dsDNA
              Mascletvirus,3152910,,,,,,,,,,,,,,0.06,,,573.0,Klebsiella pneumoniae,Duplodnaviria,Heunggongvirae,Uroviricota,Caudoviricetes,Caudoviricetes incertae sedis,Mascletvirus,Mascletvirus VLCpiM12a,,dsDNA
              Sircambvirus,3152913,,,,,,,,0.24,,,,,0.17,0.19,,,573.0,Klebsiella pneumoniae,Duplodnaviria,Heunggongvirae,Uroviricota,Caudoviricetes,Caudoviricetes incertae sedis,Sircambvirus,Sircambvirus MEW1,,dsDNA
              Zewailvirus,3152914,,,,,,,,,,,,,,0.07,,,1884818.0,Escherichia sp.,Duplodnaviria,Heunggongvirae,Uroviricota,Caudoviricetes,Caudoviricetes incertae sedis,Zewailvirus,Zewailvirus ZCEC13,,dsDNA
              Miecznikowavirus,3152971,,,0.08,,,,,,,,,,,,0.07,,2597349.0,Pseudomonas sp. ANT_H14,Duplodnaviria,Heunggongvirae,Uroviricota,Caudoviricetes,Caudoviricetes incertae sedis,Miecznikowavirus,Miecznikowavirus AH14a,,dsDNA
                Otakuvirus,3152972,,,,,,,,,,,,,,0.06,,,615.0,Serratia marcescens,Duplodnaviria,Heunggongvirae,Uroviricota,Caudoviricetes,Caudoviricetes incertae sedis,Sarkviridae,Otakuvirus,Otakuvirus Tsm2,dsDNA
              Efemquintavirus,3152996,,,,,0.44,,,,,,,,,,,2.46,1352.0,Enterococcus faecium,Duplodnaviria,Heunggongvirae,Uroviricota,Caudoviricetes,Caudoviricetes incertae sedis,Efemquintavirus,Efemquintavirus Efm5,,dsDNA
                Seretavirus,3152998,,,,,,,,0.16,,,,,,0.09,,,615.0,Serratia marcescens,Duplodnaviria,Heunggongvirae,Uroviricota,Caudoviricetes,Caudoviricetes incertae sedis,Sarkviridae,Seretavirus,Seretavirus eta,dsDNA
                  Longwangvirus,3153014,,0.26,0.28,,0.36,0.49,0.41,0.9,0.16,0.08,0.31,,,0.78,0.16,,654.0,Aeromonas veronii,Duplodnaviria,Heunggongvirae,Uroviricota,Caudoviricetes,Caudoviricetes incertae sedis,Chaseviridae,Nefertitivirinae,Longwangvirus,dsDNA
                  Alphaorpheovirus,3153020,,,0.08,,,0.39,0.23,,,,0.45,,,,0.08,,5778.0,Vermamoeba vermiformis,Varidnaviria,Bamfordvirae,Nucleocytoviricota,Megaviricetes,Pimascovirales,Ocovirineae,Orpheoviridae,Alphaorpheovirus,
                Amaruvirus,3153056,,,,,,,,,,,0.03,,,,,,9606.0,Homo sapiens,Monodnaviria,Shotokuvirae,Cressdnaviricota,Arfiviricetes,Ringavirales,Pecoviridae,Amaruvirus,Amaruvirus aka,
                Intivirus,3153059,,,,,,,,,,,0.02,,0.38,,,,9544.0,Macaca mulatta,Monodnaviria,Shotokuvirae,Cressdnaviricota,Arfiviricetes,Ringavirales,Pecoviridae,Intivirus,,
              Torvergatavirus,3153079,,,,,,,,,,,0.03,,,,,,1888892.0,Sphingomonas turrisvirgatae,Duplodnaviria,Heunggongvirae,Uroviricota,Caudoviricetes,Caudoviricetes incertae sedis,Torvergatavirus,Torvergatavirus MMDA13,,dsDNA
              Shirevirus,3153128,,,,,,,,,,,0.02,,,,,,343.0,Xanthomonas translucens,Duplodnaviria,Heunggongvirae,Uroviricota,Caudoviricetes,Caudoviricetes incertae sedis,Shirevirus,Shirevirus langgrundblatt1,,dsDNA
              Efemunavirus,3153270,,,,,,,,,,,0.02,,,,,2.78,1352.0,Enterococcus faecium,Duplodnaviria,Heunggongvirae,Uroviricota,Caudoviricetes,Caudoviricetes incertae sedis,Efemunavirus,Efemunavirus Efm1,,dsDNA
                  Peekayseptimavirus,3153273,0.95,,0.26,,,,,0.12,0.53,0.12,0.11,,0.1,0.1,0.12,0.49,570.0,Klebsiella,Duplodnaviria,Heunggongvirae,Uroviricota,Caudoviricetes,Caudoviricetes incertae sedis,Drexlerviridae,Tempevirinae,Peekayseptimavirus,dsDNA
                  Hennigervirus,3424959,,,,,,,,,,,,,,,1.57,,,,,,,,,,,,
                  Pfluvirus,3424962,,,,,,,,,,,,,,,0.15,,294.0,Pseudomonas fluorescens,Duplodnaviria,Heunggongvirae,Uroviricota,Caudoviricetes,Autographivirales,Autotranscriptaviridae,Studiervirinae,Pfluvirus,dsDNA
                Oliviavirus,3424985,,,,,,,,,,,0.04,,,,,,212663.0,Vibrio tasmaniensis,Varidnaviria,Abadenavirae,Produgelaviricota,Belvinaviricetes,Vinavirales,Autolykiviridae,Oliviavirus,Oliviavirus viph1020o,
