name,taxid,ERR14789259,ERR14789260,ERR14789261,ERR14789262,ERR14789263,ERR14789264,ERR14789265,ERR14789266,ERR14789267,ERR14789268,ERR14789269,ERR14789270,ERR14789271,ERR14789272,ERR14789273,host tax id,host name,realm,kingdom,phylum,class,order,family,genus,species,baltimore_class
                  Orthopoxvirus,10242,,,,,,,,,,,,,0.11,,,9836.0,Camelus,Varidnaviria,Bamfordvirae,Nucleocytoviricota,Pokkesviricetes,Chitovirales,Poxviridae,Chordopoxvirinae,Orthopoxvirus,
                  Rhadinovirus,10379,0.09,,,,,,,,,,,,,,,9506.0,Ateles,Duplodnaviria,Heunggongvirae,Peploviricota,Herviviricetes,Herpesvirales,Orthoherpesviridae,Gammaherpesvirinae,Rhadinovirus,dsDNA
                  Mastadenovirus,10509,0.36,0.06,0.36,0.17,,0.15,,,,0.21,,0.22,,0.19,,9555.0,Papio anubis,Varidnaviria,Bamfordvirae,Preplasmiviricota,Polisuviricotina,Pharingeaviricetes,Rowavirales,Adenoviridae,Mastadenovirus,
                  Aviadenovirus,10552,0.07,,,0.09,,,,,,,,,,,,8855.0,Cairina moschata,Varidnaviria,Bamfordvirae,Preplasmiviricota,Polisuviricotina,Pharingeaviricetes,Rowavirales,Adenoviridae,Aviadenovirus,
                  Tequatrovirus,10663,0.09,0.09,,,,,,,,,,,0.13,,,67825.0,Citrobacter rodentium,Duplodnaviria,Heunggongvirae,Uroviricota,Caudoviricetes,Pantevenvirales,Straboviridae,Tevenvirinae,Tequatrovirus,dsDNA
                Rotavirus,10912,,,,,,,,,,,2.14,,,,,9606.0,Homo sapiens,Riboviria,Orthornavirae,Duplornaviricota,Resentoviricetes,unclassified Resentoviricetes,Reovirales,Sedoreoviridae,Rotavirus,dsRNA
                Sobemovirus,12137,0.23,1.24,0.33,,,,0.24,,,,,,,,,35608.0,Artemisia annua,Riboviria,Orthornavirae,Pisuviricota,Pisoniviricetes,Sobelivirales,Solemoviridae,Sobemovirus,Sobemovirus ARTVA,
                  Tombusvirus,12141,,0.25,0.12,,,,,0.28,,,,,,,,,,,,,,,,,,
                  Carlavirus,12163,0.32,0.1,0.2,0.12,,0.17,,0.22,,0.25,,,0.13,0.26,0.4,85363.0,Aconitum carmichaelii,Riboviria,Orthornavirae,Kitrinoviricota,Alsuviricetes,Tymovirales,Betaflexiviridae,Quinvirinae,Carlavirus,+ssRNA
                Potexvirus,12176,0.11,0.19,0.17,,,,0.2,,,5.7,,,0.13,0.12,0.22,4686.0,Asparagus officinalis,Riboviria,Orthornavirae,Kitrinoviricota,Alsuviricetes,Tymovirales,Alphaflexiviridae,Potexvirus,Potexvirus triasparagi,+ssRNA
                Potyvirus,12195,,,,0.22,,,,,,,,0.22,,,,384659.0,Achyranthes bidentata,Riboviria,Orthornavirae,Pisuviricota,Stelpaviricetes,Patatavirales,Potyviridae,Potyvirus,Potyvirus achyranthis,
                Tobamovirus,12234,5.28,10.61,7.38,4.75,13.41,9.89,17.29,45.89,26.81,18.35,3.4,19.57,12.0,3.33,10.12,4071.0,Capsicum,Riboviria,Orthornavirae,Kitrinoviricota,Alsuviricetes,Martellivirales,Virgaviridae,Tobamovirus,Tobamovirus maculacapsici,+ssRNA
                Circovirus,39725,,,,0.38,10.35,,,,,,,,,,,136180.0,Acartia tonsa,Monodnaviria,Shotokuvirae,Cressdnaviricota,Arfiviricetes,Cirlivirales,Circoviridae,Circovirus,unclassified Circovirus,
                  Teseptimavirus,110456,0.79,0.26,0.37,0.46,,0.24,,,0.49,,0.18,0.25,0.21,0.65,,644.0,Aeromonas hydrophila,Duplodnaviria,Heunggongvirae,Uroviricota,Caudoviricetes,Autographivirales,Autotranscriptaviridae,Studiervirinae,Teseptimavirus,dsDNA
                Peduovirus,140410,,,,,,,,,,,,,0.18,,,83333.0,Escherichia coli K-12,Duplodnaviria,Heunggongvirae,Uroviricota,Caudoviricetes,Caudoviricetes incertae sedis,Peduoviridae,Peduovirus,Peduovirus P2,dsDNA
                Norovirus,142786,,,0.09,,,,,,,,,,,,,9606.0,Homo sapiens,Riboviria,Orthornavirae,Pisuviricota,Pisoniviricetes,Picornavirales,Caliciviridae,Norovirus,Norovirus norwalkense,
                Alphanodavirus,143920,0.93,4.59,2.46,1.74,11.4,1.36,1.82,0.94,1.29,2.85,0.28,1.91,0.79,0.67,0.51,295550.0,Heteronychus arator,Riboviria,Orthornavirae,Kitrinoviricota,Magsaviricetes,Nodamuvirales,Nodaviridae,Alphanodavirus,Alphanodavirus heteronychi,+ssRNA
                Prasinovirus,181084,0.07,,0.2,,,,,,,,,,,,,1075084.0,Bathycoccus prasinos RCC1105,Varidnaviria,Bamfordvirae,Nucleocytoviricota,Megaviricetes,Algavirales,Phycodnaviridae,Prasinovirus,unclassified Prasinovirus,
                  Aureusvirus,186457,,0.06,,,,,,,,,,,,,,,,,,,,,,,,
              Ceduovirus,186532,0.24,0.06,0.09,1.6,,,,,,,,0.62,,,,1359.0,Lactococcus cremoris,Duplodnaviria,Heunggongvirae,Uroviricota,Caudoviricetes,Caudoviricetes incertae sedis,Ceduovirus,unclassified Ceduovirus,,dsDNA
              Fromanvirus,186764,0.11,0.07,,,,,,,,,,,,,,1763.0,Mycobacterium,Duplodnaviria,Heunggongvirae,Uroviricota,Caudoviricetes,Caudoviricetes incertae sedis,Fromanvirus,,,dsDNA
              Punavirus,186789,,,,,,,,,0.24,,,,0.26,,,561.0,Escherichia,Duplodnaviria,Heunggongvirae,Uroviricota,Caudoviricetes,Caudoviricetes incertae sedis,Punavirus,Punavirus P1,,dsDNA
              Lederbergvirus,186794,0.13,0.22,0.32,0.21,,,,,,,,0.35,0.48,0.13,,439184.0,Escherichia coli RS218,Duplodnaviria,Heunggongvirae,Uroviricota,Caudoviricetes,Caudoviricetes incertae sedis,Lederbergvirus,unclassified Lederbergvirus,,dsDNA
                  Panicovirus,186844,,0.08,0.35,,,,0.24,,,,,,,,,,,,,,,,,,,
                  Tequintavirus,187218,0.1,0.36,,,,,,,,,,,,0.25,,562.0,Escherichia coli,Duplodnaviria,Heunggongvirae,Uroviricota,Caudoviricetes,Caudoviricetes incertae sedis,Demerecviridae,Markadamsvirinae,Tequintavirus,dsDNA
                Mamastrovirus,249588,0.33,0.43,0.83,0.8,,0.53,,0.48,,0.6,0.52,0.47,0.61,0.45,0.24,9606.0,Homo sapiens,Riboviria,Orthornavirae,Pisuviricota,Stelpaviricetes,Stellavirales,Astroviridae,Mamastrovirus,Mamastrovirus melbournense,
                  Mimivirus,315393,0.23,0.17,0.23,0.16,,0.34,,,,,,,0.11,0.13,,5755.0,Acanthamoeba castellanii,Varidnaviria,Bamfordvirae,Nucleocytoviricota,Megaviricetes,Imitervirales,Mimiviridae,Megamimivirinae,Mimivirus,
                  Enquatrovirus,371730,0.07,0.06,,,,,0.26,,,,,,,,,83333.0,Escherichia coli K-12,Duplodnaviria,Heunggongvirae,Uroviricota,Caudoviricetes,Caudoviricetes incertae sedis,Schitoviridae,Enquatrovirinae,Enquatrovirus,dsDNA
                  Phikmvvirus,477967,,,,,,,,,,,0.19,,0.23,,,287.0,Pseudomonas aeruginosa,Duplodnaviria,Heunggongvirae,Uroviricota,Caudoviricetes,Autographivirales,Autoscriptoviridae,Krylovirinae,Phikmvvirus,dsDNA
              Rauchvirus,542959,0.38,0.24,0.56,0.59,,0.71,0.61,,0.44,0.2,0.13,0.22,,0.46,0.31,518.0,Bordetella bronchiseptica,Duplodnaviria,Heunggongvirae,Uroviricota,Caudoviricetes,Caudoviricetes incertae sedis,Rauchvirus,Rauchvirus BPP1,,dsDNA
              Uetakevirus,542960,0.13,0.36,0.26,0.36,,0.35,0.39,,0.26,0.21,0.23,0.68,0.4,,,550.0,Enterobacter cloacae,Duplodnaviria,Heunggongvirae,Uroviricota,Caudoviricetes,Caudoviricetes incertae sedis,Uetakevirus,unclassified Uetakevirus,,dsDNA
              Bruynoghevirus,545932,,,,,,,,,,,,0.24,,,,287.0,Pseudomonas aeruginosa,Duplodnaviria,Heunggongvirae,Uroviricota,Caudoviricetes,Caudoviricetes incertae sedis,Bruynoghevirus,,,dsDNA
            Alphabaculovirus,558016,0.12,0.13,0.15,0.08,,,,,0.25,,0.18,,,0.12,,,,,,,,,,,,
            Betabaculovirus,558017,,,,,,,,,,,,,,,0.22,,,,,,,,,,,
                Kuravirus,680277,0.07,0.3,,0.1,,0.32,,,0.23,,,0.75,,,,562.0,Escherichia coli,Duplodnaviria,Heunggongvirae,Uroviricota,Caudoviricetes,Caudoviricetes incertae sedis,Mktvariviridae,Gordonclarkvirinae,Kuravirus,dsDNA
                  Felixounavirus,1198140,0.08,0.11,0.09,0.1,,,,0.7,,,,,,0.12,,991919.0,Escherichia coli O145:NM,Duplodnaviria,Heunggongvirae,Uroviricota,Caudoviricetes,Caudoviricetes incertae sedis,Andersonviridae,Ounavirinae,Felixounavirus,dsDNA
                Kappatorquevirus,1218487,,,,,,,,,,,,,0.12,,,9823.0,Sus scrofa,Monodnaviria,Shotokuvirae,Commensaviricota,Cardeaviricetes,Sanitavirales,Anelloviridae,Kappatorquevirus,Kappatorquevirus suidak2a,
                  Alphanecrovirus,1299309,,0.23,,,,,,,,,,,,0.14,,,,,,,,,,,,
                  Betanecrovirus,1299311,,0.09,,,,,,,,,,,,,,,,,,,,,,,,
                  Bocaparvovirus,1507401,,,,0.11,,,,,,,,,,,,188568.0,Aselliscus stoliczkanus,Monodnaviria,Shotokuvirae,Cossaviricota,Quintoviricetes,Piccovirales,Parvoviridae,Parvovirinae,Bocaparvovirus,
                Gemycircularvirus,1542744,,0.4,0.22,2.18,,,,,,,,,,,0.73,9852.0,Alces alces,Monodnaviria,Shotokuvirae,Cressdnaviricota,Repensiviricetes,Geplafuvirales,Genomoviridae,Gemycircularvirus,Gemycircularvirus lepam1,
              Cheoctovirus,1623281,0.33,0.25,0.33,0.33,,,0.67,,,,,,,,,1763.0,Mycobacterium,Duplodnaviria,Heunggongvirae,Uroviricota,Caudoviricetes,Caudoviricetes incertae sedis,Cheoctovirus,unclassified Cheoctovirus,,dsDNA
                Chivirus,1623283,1.41,,,,,,,,,,,,,,,28901.0,Salmonella enterica,Duplodnaviria,Heunggongvirae,Uroviricota,Caudoviricetes,Caudoviricetes incertae sedis,Casjensviridae,Chivirus,,dsDNA
              Kostyavirus,1623284,,,0.25,,,,,,,,,,,,,1763.0,Mycobacterium,Duplodnaviria,Heunggongvirae,Uroviricota,Caudoviricetes,Caudoviricetes incertae sedis,Kostyavirus,Kostyavirus kv244,,dsDNA
              Detrevirus,1623287,0.11,0.09,,,,,,,,,0.37,0.25,0.42,0.2,,287.0,Pseudomonas aeruginosa,Duplodnaviria,Heunggongvirae,Uroviricota,Caudoviricetes,Caudoviricetes incertae sedis,Detrevirus,Detrevirus D3,,dsDNA
              Dhillonvirus,1623289,0.2,0.07,0.2,0.39,,0.15,,,,,0.14,,,,,470.0,Acinetobacter baumannii,Duplodnaviria,Heunggongvirae,Uroviricota,Caudoviricetes,Caudoviricetes incertae sedis,Dhillonvirus,unclassified Dhillonvirus,,dsDNA
                Brussowvirus,1623303,0.36,0.11,0.23,0.35,,0.29,,,,0.14,,,,0.15,0.28,1308.0,Streptococcus thermophilus,Duplodnaviria,Heunggongvirae,Uroviricota,Caudoviricetes,Caudoviricetes incertae sedis,Aliceevansviridae,Brussowvirus,Brussowvirus bvO1205,dsDNA
                Moineauvirus,1623304,0.98,0.2,0.34,0.37,,0.46,,0.77,0.6,0.15,,,,0.31,1.16,1308.0,Streptococcus thermophilus,Duplodnaviria,Heunggongvirae,Uroviricota,Caudoviricetes,Caudoviricetes incertae sedis,Aliceevansviridae,Moineauvirus,unclassified Moineauvirus,dsDNA
              Skunavirus,1623305,0.56,0.23,0.55,0.84,,0.96,0.5,0.21,,0.53,,,0.2,0.3,0.68,1358.0,Lactococcus lactis,Duplodnaviria,Heunggongvirae,Uroviricota,Caudoviricetes,Caudoviricetes incertae sedis,Skunavirus,unclassified Skunavirus,,dsDNA
              Lessievirus,1720323,0.15,0.16,0.14,0.11,,,,,,,0.18,0.81,,,,32008.0,Burkholderia,Duplodnaviria,Heunggongvirae,Uroviricota,Caudoviricetes,Caudoviricetes incertae sedis,Lessievirus,Lessievirus bcep22,,dsDNA
              Hollowayvirus,1720324,0.55,0.38,0.35,0.63,,0.4,0.24,,0.2,0.27,,0.25,,0.23,0.35,287.0,Pseudomonas aeruginosa,Duplodnaviria,Heunggongvirae,Uroviricota,Caudoviricetes,Caudoviricetes incertae sedis,Hollowayvirus,unclassified Hollowayvirus,,dsDNA
                  Silviavirus,1857889,,,,,,,,,,,0.28,,,,,1280.0,Staphylococcus aureus,Duplodnaviria,Heunggongvirae,Uroviricota,Caudoviricetes,Caudoviricetes incertae sedis,Herelleviridae,Twortvirinae,Silviavirus,dsDNA
                Betapolyomavirus,1891714,,,,,,,,,,,,0.34,,,,9785.0,Loxodonta africana,Monodnaviria,Shotokuvirae,Cossaviricota,Papovaviricetes,Sepolyvirales,Polyomaviridae,Betapolyomavirus,Betapolyomavirus elephanti,
                  Alphatrevirus,1910951,0.12,0.08,0.11,0.13,,,,,,,,,,,,561.0,Escherichia,Monodnaviria,Sangervirae,Phixviricota,Malgrandaviricetes,Petitvirales,Microviridae,Bullavirinae,Alphatrevirus,
                  Gequatrovirus,1910952,0.12,0.14,,,,,,,,,,,,,,562.0,Escherichia coli,Monodnaviria,Sangervirae,Phixviricota,Malgrandaviricetes,Petitvirales,Microviridae,Bullavirinae,Gequatrovirus,
                  Sinsheimervirus,1910954,,0.25,,,,,,,,,,,,,,99287.0,Salmonella enterica subsp. enterica serovar Typhimurium str. LT2,Monodnaviria,Sangervirae,Phixviricota,Malgrandaviricetes,Petitvirales,Microviridae,Bullavirinae,Sinsheimervirus,
                  Jerseyvirus,1910991,,0.1,0.08,0.08,,0.55,,0.53,,,0.23,,,,,511145.0,Escherichia coli str. K-12 substr. MG1655,Duplodnaviria,Heunggongvirae,Uroviricota,Caudoviricetes,Caudoviricetes incertae sedis,Sarkviridae,Guernseyvirinae,Jerseyvirus,dsDNA
                  Kagunavirus,1910992,0.44,0.68,0.5,0.57,1.8,1.43,0.83,0.62,0.52,0.33,0.58,1.02,0.63,1.17,0.46,562.0,Escherichia coli,Duplodnaviria,Heunggongvirae,Uroviricota,Caudoviricetes,Caudoviricetes incertae sedis,Sarkviridae,Guernseyvirinae,Kagunavirus,dsDNA
                  Cornellvirus,1910993,0.16,0.56,0.32,0.27,,1.06,0.3,,,0.2,0.69,0.47,1.02,,,340188.0,Salmonella enterica subsp. enterica serovar Cerro,Duplodnaviria,Heunggongvirae,Uroviricota,Caudoviricetes,Caudoviricetes incertae sedis,Sarkviridae,Guernseyvirinae,Cornellvirus,dsDNA
                  Gammacarmovirus,1911601,0.09,0.18,0.3,0.19,,0.51,1.09,1.55,0.52,1.81,,0.39,0.28,,0.26,,,,,,,,,,,
                  Caeruleovirus,1911929,,,,,,,,0.56,,,,,,,,1404.0,Priestia megaterium,Duplodnaviria,Heunggongvirae,Uroviricota,Caudoviricetes,Caudoviricetes incertae sedis,Herelleviridae,Bastillevirinae,Caeruleovirus,dsDNA
                  Gaprivervirus,1913654,,0.07,,,,,,,,,,,,,,,,,,,,,,,,
              Certrevirus,1914850,0.11,0.06,,0.13,,,0.26,,,,,,,,,28141.0,Cronobacter sakazakii,Duplodnaviria,Heunggongvirae,Uroviricota,Caudoviricetes,Caudoviricetes incertae sedis,Certrevirus,Certrevirus CR3,,dsDNA
              Seunavirus,1914851,,,0.18,0.08,,,,,,,,,,,,28141.0,Cronobacter sakazakii,Duplodnaviria,Heunggongvirae,Uroviricota,Caudoviricetes,Caudoviricetes incertae sedis,Seunavirus,unclassified Seunavirus,,dsDNA
              Vequintavirus,1914852,0.99,0.22,0.44,0.34,,0.34,0.3,,0.42,0.27,,0.24,0.21,0.4,0.51,197.0,Campylobacter jejuni,Duplodnaviria,Heunggongvirae,Uroviricota,Caudoviricetes,Caudoviricetes incertae sedis,Vequintavirus,Vequintavirus PDX,Vequintavirus FFH2,dsDNA
              Obolenskvirus,1915205,0.24,0.15,0.16,0.23,,,0.23,,,,0.45,0.45,1.34,,,470.0,Acinetobacter baumannii,Duplodnaviria,Heunggongvirae,Uroviricota,Caudoviricetes,Caudoviricetes incertae sedis,Obolenskvirus,unclassified Obolenskvirus,,dsDNA
                  Gamaleyavirus,1920753,1.22,1.62,1.41,0.58,,1.43,0.69,0.88,0.58,0.24,1.43,0.34,0.38,0.67,0.33,1884818.0,Escherichia sp.,Duplodnaviria,Heunggongvirae,Uroviricota,Caudoviricetes,Caudoviricetes incertae sedis,Schitoviridae,Enquatrovirinae,Gamaleyavirus,dsDNA
                  Litunavirus,1920762,,0.08,0.1,0.1,,,,,,,,0.19,,0.55,,208964.0,Pseudomonas aeruginosa PAO1,Duplodnaviria,Heunggongvirae,Uroviricota,Caudoviricetes,Caudoviricetes incertae sedis,Schitoviridae,Migulavirinae,Litunavirus,dsDNA
                  Drulisvirus,1920774,0.97,2.9,1.92,2.03,,1.83,6.15,2.01,0.98,1.6,1.84,1.52,0.56,1.09,1.43,470.0,Acinetobacter baumannii,Duplodnaviria,Heunggongvirae,Uroviricota,Caudoviricetes,Autographivirales,Autoscriptoviridae,Slopekvirinae,Drulisvirus,dsDNA
                Webervirus,1920860,0.25,0.3,0.3,0.82,,0.22,,,,0.25,,0.28,0.11,2.89,0.38,548.0,Klebsiella aerogenes,Duplodnaviria,Heunggongvirae,Uroviricota,Caudoviricetes,Caudoviricetes incertae sedis,Drexlerviridae,Webervirus,Webervirus F20,dsDNA
                  Tlsvirus,1920865,,,,0.08,,,,,,,,,,,,184912.0,Citrobacter sp. TSA-1,Duplodnaviria,Heunggongvirae,Uroviricota,Caudoviricetes,Caudoviricetes incertae sedis,Drexlerviridae,Tempevirinae,Tlsvirus,dsDNA
              Nonagvirus,1921117,0.23,0.09,,0.13,,,,,,,,,,,,562.0,Escherichia coli,Duplodnaviria,Heunggongvirae,Uroviricota,Caudoviricetes,Caudoviricetes incertae sedis,Nonagvirus,Nonagvirus nv9g,,dsDNA
              Nonanavirus,1921122,,0.07,,,,,,,,,,,,,,2072463.0,Escherichia coli O78,Duplodnaviria,Heunggongvirae,Uroviricota,Caudoviricetes,Caudoviricetes incertae sedis,Nonanavirus,unclassified Nonanavirus,,dsDNA
                  Pakpunavirus,1921407,,,,,,,,,,,,,0.28,,,3374103.0,Limnohabitans sp. DCL3,Duplodnaviria,Heunggongvirae,Uroviricota,Caudoviricetes,Caudoviricetes incertae sedis,Vandenendeviridae,Skurskavirinae,Pakpunavirus,dsDNA
              Kleczkowskavirus,1921525,,,,,,,,,,,,,0.13,,,526947.0,Rhizobium etli GR56,Duplodnaviria,Heunggongvirae,Uroviricota,Caudoviricetes,Caudoviricetes incertae sedis,Kleczkowskavirus,Kleczkowskavirus RHEph4,,dsDNA
              Septimatrevirus,1921544,0.54,0.34,0.63,0.52,,0.56,0.54,,0.25,0.15,,0.19,,0.48,0.81,287.0,Pseudomonas aeruginosa,Duplodnaviria,Heunggongvirae,Uroviricota,Caudoviricetes,Caudoviricetes incertae sedis,Septimatrevirus,Septimatrevirus C1,Septimatrevirus sv73,dsDNA
              Enhodamvirus,1922329,,,,,,,,0.24,,,,,,,,666.0,Vibrio cholerae,Duplodnaviria,Heunggongvirae,Uroviricota,Caudoviricetes,Caudoviricetes incertae sedis,Enhodamvirus,unclassified Enhodamvirus,,dsDNA
                Gemykibivirus,1941236,0.69,4.53,2.28,2.16,,0.39,0.38,0.68,0.23,0.35,,0.45,0.12,,,9662.0,Meles meles,Monodnaviria,Shotokuvirae,Cressdnaviricota,Repensiviricetes,Geplafuvirales,Genomoviridae,Gemykibivirus,Gemykibivirus badas1,
              Mudcatvirus,1982088,0.16,0.07,,0.08,,,,,,,,,,,,1771959.0,[Arthrobacter] sp. ATCC 21022,Duplodnaviria,Heunggongvirae,Uroviricota,Caudoviricetes,Caudoviricetes incertae sedis,Mudcatvirus,Mudcatvirus arcadia,,dsDNA
                  Abidjanvirus,1982095,0.26,0.1,0.17,0.2,,0.5,0.32,,,,,,,0.11,0.18,47886.0,Pseudomonas luteola,Duplodnaviria,Heunggongvirae,Uroviricota,Caudoviricetes,Caudoviricetes incertae sedis,Mesyanzhinovviridae,Bradleyvirinae,Abidjanvirus,dsDNA
              Eiauvirus,1982111,,,,,,,,,,,0.23,,,0.69,,67780.0,Edwardsiella ictaluri,Duplodnaviria,Heunggongvirae,Uroviricota,Caudoviricetes,Caudoviricetes incertae sedis,Eiauvirus,Eiauvirus eiAU,,dsDNA
              Gordonvirus,1982152,0.09,0.11,0.09,,,,,,,,,,,,,1667.0,Arthrobacter sp.,Duplodnaviria,Heunggongvirae,Uroviricota,Caudoviricetes,Caudoviricetes incertae sedis,Gordonvirus,Gordonvirus breylor17,,dsDNA
              Nipunavirus,1982239,0.33,0.17,0.14,0.27,,0.2,0.28,0.22,0.31,0.16,,,,0.22,0.18,287.0,Pseudomonas aeruginosa,Duplodnaviria,Heunggongvirae,Uroviricota,Caudoviricetes,Caudoviricetes incertae sedis,Nipunavirus,Nipunavirus quinobequin,Nipunavirus NP1,dsDNA
                  Pamexvirus,1982355,,,,0.08,,,,,,,,,,,,652611.0,Pseudomonas aeruginosa PA14,Duplodnaviria,Heunggongvirae,Uroviricota,Caudoviricetes,Caudoviricetes incertae sedis,Mesyanzhinovviridae,Bradleyvirinae,Pamexvirus,dsDNA
              Pepyhexavirus,1982367,0.21,0.14,0.14,0.12,,0.17,,,,,,,,0.13,,1827.0,Rhodococcus,Duplodnaviria,Heunggongvirae,Uroviricota,Caudoviricetes,Caudoviricetes incertae sedis,Pepyhexavirus,Pepyhexavirus pepy6,,dsDNA
              Roufvirus,1982370,,0.08,,,,,,,,,,,,,,728059.0,Aeromonas sp. IS4,Duplodnaviria,Heunggongvirae,Uroviricota,Caudoviricetes,Caudoviricetes incertae sedis,Roufvirus,Roufvirus pIS4A,,dsDNA
              Titanvirus,1982573,,,0.08,,,,,,,,,,,,,1414586.0,Rhodobacter capsulatus YW1,Duplodnaviria,Heunggongvirae,Uroviricota,Caudoviricetes,Caudoviricetes incertae sedis,Titanvirus,Titanvirus rcspartan,,dsDNA
                  Johnsonvirus,1982576,0.11,0.1,0.1,,,0.15,,,,,,,,,,552.0,Erwinia amylovora,Duplodnaviria,Heunggongvirae,Uroviricota,Caudoviricetes,Caudoviricetes incertae sedis,Schitoviridae,Erskinevirinae,Johnsonvirus,dsDNA
              Kochitakasuvirus,1982590,0.08,,,,,,,,,,,,,,,287.0,Pseudomonas aeruginosa,Duplodnaviria,Heunggongvirae,Uroviricota,Caudoviricetes,Caudoviricetes incertae sedis,Kochitakasuvirus,Kochitakasuvirus KPP25,,dsDNA
                  Luzseptimavirus,1982594,0.07,,,,,,,,,,,,,,,,,,,,,,,,,
              Likavirus,1982880,,,,,,,,,,,0.28,,,,,1911.0,Streptomyces griseus,Duplodnaviria,Heunggongvirae,Uroviricota,Caudoviricetes,Caudoviricetes incertae sedis,Likavirus,Likavirus aaronocolus,,dsDNA
                  Kolesnikvirus,1985293,,0.07,,,,,,,,,,,,,,28141.0,Cronobacter sakazakii,Duplodnaviria,Heunggongvirae,Uroviricota,Caudoviricetes,Caudoviricetes incertae sedis,Andersonviridae,Ounavirinae,Kolesnikvirus,dsDNA
                  Mooglevirus,1985303,,0.09,,,,,,,,,,,,,,546.0,Citrobacter freundii,Duplodnaviria,Heunggongvirae,Uroviricota,Caudoviricetes,Caudoviricetes incertae sedis,Andersonviridae,Ounavirinae,Mooglevirus,dsDNA
                  Jiaodavirus,1985325,,,,,,,,,,,,,,0.16,,573.0,Klebsiella pneumoniae,Duplodnaviria,Heunggongvirae,Uroviricota,Caudoviricetes,Pantevenvirales,Straboviridae,Tevenvirinae,Jiaodavirus,dsDNA
                Slopekvirus,1985328,,0.15,0.12,0.21,,0.62,,,,,,,,,,548.0,Klebsiella aerogenes,Duplodnaviria,Heunggongvirae,Uroviricota,Caudoviricetes,Pantevenvirales,Straboviridae,Slopekvirus,Slopekvirus eap3,dsDNA
                Gemygorvirus,1985366,,0.11,,0.1,,,,,,,,,,,,1.0,root,Monodnaviria,Shotokuvirae,Cressdnaviricota,Repensiviricetes,Geplafuvirales,Genomoviridae,Gemygorvirus,Gemygorvirus hydro1,
                Gemykrogvirus,1985367,,0.08,0.3,0.69,,,,,,,,,,,,7460.0,Apis mellifera,Monodnaviria,Shotokuvirae,Cressdnaviricota,Repensiviricetes,Geplafuvirales,Genomoviridae,Gemykrogvirus,Gemykrogvirus apime1,
                  Friunavirus,1985711,0.18,0.18,0.37,0.27,,0.22,0.46,0.23,0.23,0.34,1.54,1.5,5.06,,0.57,470.0,Acinetobacter baumannii,Duplodnaviria,Heunggongvirae,Uroviricota,Caudoviricetes,Autographivirales,Autoscriptoviridae,Beijerinckvirinae,Friunavirus,dsDNA
                  Przondovirus,1985720,0.7,0.33,0.34,0.38,,0.82,0.38,0.48,0.52,0.13,0.14,,0.53,0.35,0.42,573.0,Klebsiella pneumoniae,Duplodnaviria,Heunggongvirae,Uroviricota,Caudoviricetes,Autographivirales,Autotranscriptaviridae,Studiervirinae,Przondovirus,dsDNA
                  Pradovirus,1985733,0.11,0.2,0.13,,,,0.22,,0.48,,,,0.22,,0.18,456327.0,Xanthomonas euvesicatoria,Duplodnaviria,Heunggongvirae,Uroviricota,Caudoviricetes,Autographivirales,Autonotataviridae,Gujervirinae,Pradovirus,dsDNA
          Pandoravirus,2060084,0.69,0.63,0.54,0.46,,,0.85,,,,,0.58,,0.7,,,,,,,,,,,,
                  Tupanvirus,2094720,0.1,0.07,,0.08,,,,,,,,,,,,5756.0,Acanthamoeba sp.,Varidnaviria,Bamfordvirae,Nucleocytoviricota,Megaviricetes,Imitervirales,Mimiviridae,Megamimivirinae,Tupanvirus,
                  Agtrevirus,2169532,,0.07,,,,,,,,,,,,,,61645.0,Enterobacter asburiae,Duplodnaviria,Heunggongvirae,Uroviricota,Caudoviricetes,Pantevenvirales,Ackermannviridae,Aglimvirinae,Agtrevirus,dsDNA
                  Kuttervirus,2169536,0.08,,,0.08,,,,,,,,,,,,550.0,Enterobacter cloacae,Duplodnaviria,Heunggongvirae,Uroviricota,Caudoviricetes,Pantevenvirales,Ackermannviridae,Cvivirinae,Kuttervirus,dsDNA
              Limdunavirus,2169621,,,,0.21,,,,,,,,,,,0.18,1243.0,Leuconostoc,Duplodnaviria,Heunggongvirae,Uroviricota,Caudoviricetes,Caudoviricetes incertae sedis,Limdunavirus,unclassified Limdunavirus,,dsDNA
              Unaquatrovirus,2169622,,,,0.29,,,,,,,,,,,,1245.0,Leuconostoc mesenteroides,Duplodnaviria,Heunggongvirae,Uroviricota,Caudoviricetes,Caudoviricetes incertae sedis,Unaquatrovirus,Unaquatrovirus uv1A4,,dsDNA
                Machinavirus,2169624,0.28,,0.09,0.08,,,,,,0.16,,,,0.13,,552.0,Erwinia amylovora,Duplodnaviria,Heunggongvirae,Uroviricota,Caudoviricetes,Caudoviricetes incertae sedis,Chimalliviridae,Machinavirus,Machinavirus machina,dsDNA
              Svunavirus,2169625,0.07,,,,,,,,,,,,,,,391289.0,Bacillus sp. 6k512,Duplodnaviria,Heunggongvirae,Uroviricota,Caudoviricetes,Caudoviricetes incertae sedis,Svunavirus,Svunavirus sv1,,dsDNA
                  Jwalphavirus,2169642,,,,,,,,,,,,,,0.24,,85698.0,Achromobacter xylosoxidans,Duplodnaviria,Heunggongvirae,Uroviricota,Caudoviricetes,Caudoviricetes incertae sedis,Schitoviridae,Rothmandenesvirinae,Jwalphavirus,dsDNA
                  Ithacavirus,2169643,0.17,0.42,0.31,0.22,,0.3,0.38,,,1.11,,,0.2,0.16,0.29,98360.0,Salmonella enterica subsp. enterica serovar Dublin,Duplodnaviria,Heunggongvirae,Uroviricota,Caudoviricetes,Caudoviricetes incertae sedis,Schitoviridae,Humphriesvirinae,Ithacavirus,dsDNA
              Doucettevirus,2169653,0.11,,0.11,0.07,,,,,,,,,,,,1744.0,Propionibacterium freudenreichii,Duplodnaviria,Heunggongvirae,Uroviricota,Caudoviricetes,Caudoviricetes incertae sedis,Doucettevirus,Doucettevirus B22,,dsDNA
                  Wizardvirus,2169658,0.09,,,,,,,,,,,,,,,2055.0,Gordonia terrae,Duplodnaviria,Heunggongvirae,Uroviricota,Caudoviricetes,Caudoviricetes incertae sedis,Stackebrandtviridae,Frickvirinae,Wizardvirus,dsDNA
              Alcyoneusvirus,2560086,0.11,0.1,,0.5,,,,,,0.15,,,,,0.18,570.0,Klebsiella,Duplodnaviria,Heunggongvirae,Uroviricota,Caudoviricetes,Caudoviricetes incertae sedis,Alcyoneusvirus,Alcyoneusvirus K641,,dsDNA
              Asteriusvirus,2560094,0.17,0.08,0.37,0.35,,0.17,,,,,0.79,0.58,0.48,0.31,0.37,562.0,Escherichia coli,Duplodnaviria,Heunggongvirae,Uroviricota,Caudoviricetes,Caudoviricetes incertae sedis,Asteriusvirus,Asteriusvirus av121Q,,dsDNA
                Bifseptvirus,2560102,,,,,,,,,,,0.14,,,,,317.0,Pseudomonas syringae,Duplodnaviria,Heunggongvirae,Uroviricota,Caudoviricetes,Autographivirales,Autonotataviridae,Bifseptvirus,Bifseptvirus andromeda,dsDNA
              Bingvirus,2560103,0.07,0.06,,0.08,,,,,,,,,,,,1916.0,Streptomyces lividans,Duplodnaviria,Heunggongvirae,Uroviricota,Caudoviricetes,Caudoviricetes incertae sedis,Bingvirus,Bingvirus bing,,dsDNA
              Brunovirus,2560108,0.11,0.39,0.15,0.09,,0.35,,,,,,,,,,59204.0,Salmonella enterica subsp. diarizonae,Duplodnaviria,Heunggongvirae,Uroviricota,Caudoviricetes,Caudoviricetes incertae sedis,Brunovirus,Brunovirus SEN34,,dsDNA
                  Ceetrepovirus,2560111,5.71,1.98,0.68,1.21,2.32,,0.6,1.53,7.53,5.96,2.08,3.28,0.47,0.35,0.68,38305.0,Corynebacterium vitaeruminis,Duplodnaviria,Heunggongvirae,Uroviricota,Caudoviricetes,Caudoviricetes incertae sedis,Zierdtviridae,Toshachvirinae,Ceetrepovirus,dsDNA
              Eneladusvirus,2560128,,0.09,,,,,,,,,,,,,,552.0,Erwinia amylovora,Duplodnaviria,Heunggongvirae,Uroviricota,Caudoviricetes,Caudoviricetes incertae sedis,Eneladusvirus,Eneladusvirus BF,,dsDNA
              Fipvunavirus,2560132,0.12,0.08,,,,,,,,,,,,,,96345.0,Flavobacterium psychrophilum,Duplodnaviria,Heunggongvirae,Uroviricota,Caudoviricetes,Caudoviricetes incertae sedis,Fipvunavirus,unclassified Fipvunavirus,,dsDNA
                  Flaumdravirus,2560133,,,,,,,,,,,0.22,,0.88,,,83964.0,Pseudomonas coronafaciens pv. porri,Duplodnaviria,Heunggongvirae,Uroviricota,Caudoviricetes,Caudoviricetes incertae sedis,Vandenendeviridae,Gorskivirinae,Flaumdravirus,dsDNA
              Gofduovirus,2560141,,,,,,,,,0.43,,,,,,,1821960.0,Edwardsiella anguillarum,Duplodnaviria,Heunggongvirae,Uroviricota,Caudoviricetes,Caudoviricetes incertae sedis,Gofduovirus,Gofduovirus edno5,,dsDNA
              Gustavvirus,2560144,,,0.08,,,,,,,,,,,,,2055.0,Gordonia terrae,Duplodnaviria,Heunggongvirae,Uroviricota,Caudoviricetes,Caudoviricetes incertae sedis,Gustavvirus,Gustavvirus gustav,,dsDNA
                Iapetusvirus,2560148,0.07,,,,,,,,,,,,,,,552.0,Erwinia amylovora,Duplodnaviria,Heunggongvirae,Uroviricota,Caudoviricetes,Caudoviricetes incertae sedis,Chimalliviridae,Iapetusvirus,Iapetusvirus EaH1,dsDNA
              Ilzatvirus,2560150,,,,,,,,,,,0.14,,,,,104336.0,Microbacterium foliorum,Duplodnaviria,Heunggongvirae,Uroviricota,Caudoviricetes,Caudoviricetes incertae sedis,Ilzatvirus,unclassified Ilzatvirus,,dsDNA
              Kojivirus,2560161,0.2,0.12,0.08,0.08,,,,,,,,,0.13,,,104336.0,Microbacterium foliorum,Duplodnaviria,Heunggongvirae,Uroviricota,Caudoviricetes,Caudoviricetes incertae sedis,Kojivirus,unclassified Kojivirus,,dsDNA
              Krylovvirus,2560162,,,,,,,,,,,0.19,0.79,,,,303.0,Pseudomonas putida,Duplodnaviria,Heunggongvirae,Uroviricota,Caudoviricetes,Caudoviricetes incertae sedis,Krylovvirus,Krylovvirus tf,,dsDNA
                Locarnavirus,2560169,,,,,1.69,,,,,,,,,,,1.0,root,Riboviria,Orthornavirae,Pisuviricota,Pisoniviricetes,Picornavirales,Marnaviridae,Locarnavirus,Locarnavirus jerichoensis,
              Metrivirus,2560175,0.09,,,,,,,,,,,,,,,470.0,Acinetobacter baumannii,Duplodnaviria,Heunggongvirae,Uroviricota,Caudoviricetes,Caudoviricetes incertae sedis,Metrivirus,Metrivirus ME3,,dsDNA
              Mimasvirus,2560176,,0.07,,0.11,,0.17,,,,,,,,,,28141.0,Cronobacter sakazakii,Duplodnaviria,Heunggongvirae,Uroviricota,Caudoviricetes,Caudoviricetes incertae sedis,Mimasvirus,Mimasvirus GAP32,,dsDNA
                Napahaivirus,2560184,,,,,,,,,,,0.47,,,,,286.0,Pseudomonas,Duplodnaviria,Heunggongvirae,Uroviricota,Caudoviricetes,Autographivirales,Autonotataviridae,Napahaivirus,Napahaivirus VSW3,dsDNA
              Nickievirus,2560188,,,,0.09,,,,,,,,,,,,103796.0,Pseudomonas syringae pv. actinidiae,Duplodnaviria,Heunggongvirae,Uroviricota,Caudoviricetes,Caudoviricetes incertae sedis,Nickievirus,unclassified Nickievirus,,dsDNA
                  Otagovirus,2560197,,,,,,,,,,,0.28,,1.85,0.12,,204039.0,Dickeya dianthicola,Duplodnaviria,Heunggongvirae,Uroviricota,Caudoviricetes,Caudoviricetes incertae sedis,Vandenendeviridae,Gorskivirinae,Otagovirus,dsDNA
              Peatvirus,2560201,,0.13,,0.15,,,,,,,,,,,,29471.0,Pectobacterium atrosepticum,Duplodnaviria,Heunggongvirae,Uroviricota,Caudoviricetes,Caudoviricetes incertae sedis,Peatvirus,Peatvirus peat2,,dsDNA
                  Phimunavirus,2560202,0.13,0.16,0.27,0.22,,0.22,,,,,0.87,0.28,0.7,0.13,,29471.0,Pectobacterium atrosepticum,Duplodnaviria,Heunggongvirae,Uroviricota,Caudoviricetes,Autographivirales,Autoscriptoviridae,Corkvirinae,Phimunavirus,dsDNA
              Pikminvirus,2560203,0.07,,,,,,,,,,,,,,,104336.0,Microbacterium foliorum,Duplodnaviria,Heunggongvirae,Uroviricota,Caudoviricetes,Caudoviricetes incertae sedis,Pikminvirus,Pikminvirus pikmin,,dsDNA
              Plaisancevirus,2560204,,,,,,,,,,,0.18,,,,,303.0,Pseudomonas putida,Duplodnaviria,Heunggongvirae,Uroviricota,Caudoviricetes,Caudoviricetes incertae sedis,Plaisancevirus,Plaisancevirus PMW,,dsDNA
              Popoffvirus,2560208,0.48,1.19,0.79,0.91,,1.21,1.15,,,,1.41,,0.35,0.24,0.37,645.0,Aeromonas salmonicida,Duplodnaviria,Heunggongvirae,Uroviricota,Caudoviricetes,Caudoviricetes incertae sedis,Popoffvirus,Popoffvirus pv56,,dsDNA
              Rimavirus,2560214,0.1,,,,,,,,,,,,,,,1911.0,Streptomyces griseus,Duplodnaviria,Heunggongvirae,Uroviricota,Caudoviricetes,Caudoviricetes incertae sedis,Rimavirus,Rimavirus rima,,dsDNA
                Sanovirus,2560222,0.15,,,,,,,,,,,,,,,40324.0,Stenotrophomonas maltophilia,Duplodnaviria,Heunggongvirae,Uroviricota,Caudoviricetes,Caudoviricetes incertae sedis,Casjensviridae,Sanovirus,unclassified Sanovirus,dsDNA
                Sugarlandvirus,2560233,0.35,0.34,0.53,0.43,,1.14,0.5,0.5,,0.38,,0.56,0.17,0.35,0.37,573.0,Klebsiella pneumoniae,Duplodnaviria,Heunggongvirae,Uroviricota,Caudoviricetes,Caudoviricetes incertae sedis,Demerecviridae,Sugarlandvirus,Sugarlandvirus AmPhEK80,dsDNA
                Tulanevirus,2560244,0.34,0.28,0.29,0.37,,0.28,0.36,,,,0.19,,,0.3,0.35,645.0,Aeromonas salmonicida,Duplodnaviria,Heunggongvirae,Uroviricota,Caudoviricetes,Pantevenvirales,Straboviridae,Tulanevirus,Tulanevirus bteighttwo,dsDNA
                Unahavirus,2560245,,0.1,,,,,,,,,,,,,,96345.0,Flavobacterium psychrophilum,Duplodnaviria,Heunggongvirae,Uroviricota,Caudoviricetes,Caudoviricetes incertae sedis,Duneviridae,Unahavirus,Unahavirus uv23T,dsDNA
              Vicosavirus,2560248,,,,,,,,,,,,1.35,,,0.24,564423.0,Pseudomonas tolaasii NCPPB 2192,Duplodnaviria,Heunggongvirae,Uroviricota,Caudoviricetes,Caudoviricetes incertae sedis,Vicosavirus,Vicosavirus NV1,,dsDNA
                  Pettyvirus,2731671,0.14,0.12,0.15,0.17,,0.76,,0.38,0.52,1.31,0.53,0.56,1.21,0.19,0.29,,,,,,,,,,,
                  Daemvirus,2731672,0.33,0.52,1.13,0.27,,0.88,0.22,,0.23,0.26,1.65,1.03,4.49,0.99,0.75,40214.0,Acinetobacter johnsonii,Duplodnaviria,Heunggongvirae,Uroviricota,Caudoviricetes,Autographivirales,Autoscriptoviridae,Beijerinckvirinae,Daemvirus,dsDNA
                  Bonnellvirus,2731932,,0.11,,0.2,,0.51,,,,,,,,,,28141.0,Cronobacter sakazakii,Duplodnaviria,Heunggongvirae,Uroviricota,Caudoviricetes,Autographivirales,Autoscriptoviridae,Stentvirinae,Bonnellvirus,dsDNA
                Gajwadongvirus,2731941,,0.14,,0.1,,,,,,,,,,,,562.0,Escherichia coli,Duplodnaviria,Heunggongvirae,Uroviricota,Caudoviricetes,Autographivirales,Autographivirales incertae sedis,Gajwadongvirus,Gajwadongvirus ECBP5,dsDNA
                Gyeongsanvirus,2731942,,,,,,,,,,,,,0.18,,,305.0,Ralstonia solanacearum,Duplodnaviria,Heunggongvirae,Uroviricota,Caudoviricetes,Autographivirales,Autographivirales incertae sedis,Gyeongsanvirus,Gyeongsanvirus DURPI,dsDNA
                Kelmasvirus,2731950,0.17,,,,,,,,,,,,,,,305.0,Ralstonia solanacearum,Duplodnaviria,Heunggongvirae,Uroviricota,Caudoviricetes,Autographivirales,Autotranscriptaviridae,Kelmasvirus,Kelmasvirus RSB2,dsDNA
                Paadamvirus,2731961,,,,,,,,,,,0.19,,,,,29449.0,Rhizobium etli,Duplodnaviria,Heunggongvirae,Uroviricota,Caudoviricetes,Autographivirales,Autographivirales incertae sedis,Paadamvirus,Paadamvirus RHEph01,dsDNA
                Piedvirus,2731968,,,,,,,,,,,0.37,0.21,0.19,,,1537702.0,Delftia sp. 670,Duplodnaviria,Heunggongvirae,Uroviricota,Caudoviricetes,Autographivirales,Autotranscriptaviridae,Piedvirus,Piedvirus IMEDE1,dsDNA
                Scottvirus,2731973,,,,0.08,,,,,,,,,,,,13689.0,Sphingomonas paucimobilis,Duplodnaviria,Heunggongvirae,Uroviricota,Caudoviricetes,Autographivirales,Autonotataviridae,Scottvirus,Scottvirus scott,dsDNA
                  Epseptimavirus,2732017,0.07,0.09,0.11,0.07,,0.23,,,,,,,,,,83333.0,Escherichia coli K-12,Duplodnaviria,Heunggongvirae,Uroviricota,Caudoviricetes,Caudoviricetes incertae sedis,Demerecviridae,Markadamsvirinae,Epseptimavirus,dsDNA
                Shenzhenvirus,2732038,0.43,0.17,0.29,0.23,,0.74,0.34,0.2,,,0.29,,,0.24,0.51,196023.0,Aeromonas hydrophila subsp. hydrophila,Duplodnaviria,Heunggongvirae,Uroviricota,Caudoviricetes,Caudoviricetes incertae sedis,Demerecviridae,Shenzhenvirus,unclassified Shenzhenvirus,dsDNA
                Nouzillyvirus,2732049,,,0.1,,,,,,,,,,,,,1884818.0,Escherichia sp.,Duplodnaviria,Heunggongvirae,Uroviricota,Caudoviricetes,Caudoviricetes incertae sedis,Drexlerviridae,Nouzillyvirus,unclassified Nouzillyvirus,dsDNA
                  Aarhusvirus,2732675,,,0.1,,,,,,,,,,,,,1089444.0,Dickeya solani,Duplodnaviria,Heunggongvirae,Uroviricota,Caudoviricetes,Autographivirales,Autotranscriptaviridae,Studiervirinae,Aarhusvirus,dsDNA
                  Apdecimavirus,2732676,1.84,0.2,0.78,1.52,,0.62,0.76,0.35,1.22,1.14,,0.83,0.16,0.98,0.66,,,,,,,,,,,
                  Berlinvirus,2732677,0.47,0.19,0.82,0.33,,0.64,,,0.43,,,,,0.36,0.46,546.0,Citrobacter freundii,Duplodnaviria,Heunggongvirae,Uroviricota,Caudoviricetes,Autographivirales,Autotranscriptaviridae,Studiervirinae,Berlinvirus,dsDNA
                  Chatterjeevirus,2732679,0.22,,,0.19,,,,,,0.14,,,0.16,0.11,,666.0,Vibrio cholerae,Duplodnaviria,Heunggongvirae,Uroviricota,Caudoviricetes,Autographivirales,Autotranscriptaviridae,Studiervirinae,Chatterjeevirus,dsDNA
                  Foetvirus,2732682,0.37,0.24,0.68,0.12,,1.3,0.26,0.22,0.23,,,,,0.19,0.6,,,,,,,,,,,
                  Ghunavirus,2732683,,,,,,,,,,,,,0.58,,,317.0,Pseudomonas syringae,Duplodnaviria,Heunggongvirae,Uroviricota,Caudoviricetes,Autographivirales,Autotranscriptaviridae,Studiervirinae,Ghunavirus,dsDNA
                  Helsettvirus,2732684,0.07,,0.22,,,,,,,,,,,0.78,1.89,34051.0,Yersinia enterocolitica (type O:3),Duplodnaviria,Heunggongvirae,Uroviricota,Caudoviricetes,Autographivirales,Autotranscriptaviridae,Studiervirinae,Helsettvirus,dsDNA
                  Jarilovirus,2732685,0.13,,,0.14,,,0.26,,,,,,,,,555.0,Pectobacterium carotovorum subsp. carotovorum,Duplodnaviria,Heunggongvirae,Uroviricota,Caudoviricetes,Autographivirales,Autotranscriptaviridae,Studiervirinae,Jarilovirus,dsDNA
                  Kayfunavirus,2732686,0.53,0.51,0.94,0.43,,0.33,0.34,1.66,0.37,0.27,,,0.19,0.33,0.24,1.0,root,Duplodnaviria,Heunggongvirae,Uroviricota,Caudoviricetes,Autographivirales,Autotranscriptaviridae,Studiervirinae,Kayfunavirus,dsDNA
                  Minipunavirus,2732687,0.16,,,0.08,,,,,,,,,,,,582.0,Morganella morganii,Duplodnaviria,Heunggongvirae,Uroviricota,Caudoviricetes,Autographivirales,Autotranscriptaviridae,Studiervirinae,Minipunavirus,dsDNA
                  Ningirsuvirus,2732688,,,,0.08,,,,,,,,,,0.14,,556.0,Dickeya chrysanthemi,Duplodnaviria,Heunggongvirae,Uroviricota,Caudoviricetes,Autographivirales,Autotranscriptaviridae,Studiervirinae,Ningirsuvirus,dsDNA
                  Pijolavirus,2732692,,,,,,,,,,,0.52,,,5.99,2.53,,,,,,,,,,,
                  Teetrevirus,2732693,1.37,0.2,0.56,0.6,,0.56,0.45,,1.4,0.41,,0.29,0.18,1.07,0.57,543.0,Enterobacteriaceae,Duplodnaviria,Heunggongvirae,Uroviricota,Caudoviricetes,Autographivirales,Autotranscriptaviridae,Studiervirinae,Teetrevirus,dsDNA
                Tunggulvirus,2732909,,,,,,,,,,,0.58,12.32,0.18,12.47,13.69,287.0,Pseudomonas aeruginosa,Duplodnaviria,Heunggongvirae,Uroviricota,Caudoviricetes,Autographivirales,Autoscriptoviridae,Tunggulvirus,Tunggulvirus f2,dsDNA
                  Ahphunavirus,2732912,0.07,,,,,0.26,,,,,,,,,0.2,644.0,Aeromonas hydrophila,Duplodnaviria,Heunggongvirae,Uroviricota,Caudoviricetes,Autographivirales,Autonotataviridae,Melnykvirinae,Ahphunavirus,dsDNA
                  Kantovirus,2732920,,,,,,,,,,,3.67,,,,,303.0,Pseudomonas putida,Duplodnaviria,Heunggongvirae,Uroviricota,Caudoviricetes,Autographivirales,Autoscriptoviridae,Corkvirinae,Kantovirus,dsDNA
                  Kotilavirus,2732921,,0.27,0.09,0.13,,,,,,,0.35,,0.54,,,554.0,Pectobacterium carotovorum,Duplodnaviria,Heunggongvirae,Uroviricota,Caudoviricetes,Autographivirales,Autoscriptoviridae,Corkvirinae,Kotilavirus,dsDNA
                  Stompvirus,2732922,0.26,0.42,0.41,0.34,,0.22,0.46,,0.21,0.19,1.51,0.3,0.2,0.21,,1778540.0,Dickeya fangzhongdai,Duplodnaviria,Heunggongvirae,Uroviricota,Caudoviricetes,Autographivirales,Autoscriptoviridae,Corkvirinae,Stompvirus,dsDNA
                  Kirikabuvirus,2732923,,,0.1,,,,0.28,,,,7.17,0.58,19.61,0.3,,46677.0,Pseudomonas agarici,Duplodnaviria,Heunggongvirae,Uroviricota,Caudoviricetes,Autographivirales,Autoscriptoviridae,Krylovirinae,Kirikabuvirus,dsDNA
                Stubburvirus,2732924,0.69,0.15,0.27,0.2,,0.26,,,,,,,,0.22,0.24,208964.0,Pseudomonas aeruginosa PAO1,Duplodnaviria,Heunggongvirae,Uroviricota,Caudoviricetes,Autographivirales,Autoscriptoviridae,Stubburvirus,Stubburvirus LKA1,dsDNA
                  Vectrevirus,2732928,,,,0.08,,,,,,,,,,,,562.0,Escherichia coli,Duplodnaviria,Heunggongvirae,Uroviricota,Caudoviricetes,Autographivirales,Autosignataviridae,Molineuxvirinae,Vectrevirus,dsDNA
                Ampunavirus,2732929,,0.06,0.1,,,,,,,,,,,,,28450.0,Burkholderia pseudomallei,Duplodnaviria,Heunggongvirae,Uroviricota,Caudoviricetes,Autographivirales,Autonotataviridae,Ampunavirus,Ampunavirus BpAMP1,dsDNA
                Risjevirus,2732932,,,0.09,,,,,,,,,,,,,305.0,Ralstonia solanacearum,Duplodnaviria,Heunggongvirae,Uroviricota,Caudoviricetes,Autographivirales,Autonotataviridae,Risjevirus,Risjevirus RSJ2,dsDNA
                  Bucovirus,2732937,,,,0.09,,,,,,,5.96,0.96,,,,623.0,Shigella flexneri,Duplodnaviria,Heunggongvirae,Uroviricota,Caudoviricetes,Autographivirales,Autoscriptoviridae,Slopekvirinae,Bucovirus,dsDNA
                  Koutsourovirus,2732938,,,,0.76,,,,,,,3.54,0.19,,,,550.0,Enterobacter cloacae,Duplodnaviria,Heunggongvirae,Uroviricota,Caudoviricetes,Autographivirales,Autoscriptoviridae,Slopekvirinae,Koutsourovirus,dsDNA
                  Carltongylesvirus,2732960,0.26,0.35,0.26,0.22,,0.51,,,,,,,0.15,0.13,0.26,511145.0,Escherichia coli str. K-12 substr. MG1655,Duplodnaviria,Heunggongvirae,Uroviricota,Caudoviricetes,Caudoviricetes incertae sedis,Chaseviridae,Cleopatravirinae,Carltongylesvirus,dsDNA
                  Faunusvirus,2732961,,0.07,,,,,,,,,,,,,,,,,,,,,,,,
                  Loessnervirus,2732962,,,,0.07,,,,,,,,,,,,552.0,Erwinia amylovora,Duplodnaviria,Heunggongvirae,Uroviricota,Caudoviricetes,Caudoviricetes incertae sedis,Chaseviridae,Cleopatravirinae,Loessnervirus,dsDNA
                  Pahsextavirus,2732963,1.34,1.33,1.2,1.3,,0.71,1.01,0.62,0.44,0.35,0.92,0.84,0.34,0.84,0.62,196024.0,Aeromonas dhakensis,Duplodnaviria,Heunggongvirae,Uroviricota,Caudoviricetes,Caudoviricetes incertae sedis,Chaseviridae,Nefertitivirinae,Pahsextavirus,dsDNA
                  Schiekvirus,2732968,0.12,,,0.23,,,,,,,,,,,,1352.0,Enterococcus faecium,Duplodnaviria,Heunggongvirae,Uroviricota,Caudoviricetes,Caudoviricetes incertae sedis,Herelleviridae,Brockvirinae,Schiekvirus,dsDNA
                Harbinvirus,2732970,,,0.25,0.08,,0.56,,,,,,,,,,1590.0,Lactiplantibacillus plantarum,Duplodnaviria,Heunggongvirae,Uroviricota,Caudoviricetes,Caudoviricetes incertae sedis,Herelleviridae,Harbinvirus,Harbinvirus bacchae,dsDNA
                Bielevirus,2732974,,,0.12,,,,,,,,,,,,,647.0,Aeromonas sp.,Duplodnaviria,Heunggongvirae,Uroviricota,Caudoviricetes,Caudoviricetes incertae sedis,Peduoviridae,Bielevirus,Bielevirus A051,dsDNA
              Alexandravirus,2733088,0.22,0.08,0.13,0.15,,0.15,,,,,,,,0.15,,1224151.0,Dickeya solani MK10,Duplodnaviria,Heunggongvirae,Uroviricota,Caudoviricetes,Caudoviricetes incertae sedis,Alexandravirus,Alexandravirus AD1,,dsDNA
                Anaposvirus,2733090,0.09,,,,,,,,,,,,,,,1131.0,Synechococcus sp.,Duplodnaviria,Heunggongvirae,Uroviricota,Caudoviricetes,Pantevenvirales,Kyanoviridae,Anaposvirus,Anaposvirus socalone,dsDNA
              Baikalvirus,2733094,,,,,,,,,,,,,,0.77,,208964.0,Pseudomonas aeruginosa PAO1,Duplodnaviria,Heunggongvirae,Uroviricota,Caudoviricetes,Caudoviricetes incertae sedis,Baikalvirus,Baikalvirus PaBG,,dsDNA
              Barbavirus,2733095,,,,,,,,,,,,,,0.22,,1708203.0,Rheinheimera sp. BAL341,Duplodnaviria,Heunggongvirae,Uroviricota,Caudoviricetes,Caudoviricetes incertae sedis,Barbavirus,Barbavirus barba21A,,dsDNA
              Loughboroughvirus,2733112,,,,0.08,,,,,,,,,,,,573.0,Klebsiella pneumoniae,Duplodnaviria,Heunggongvirae,Uroviricota,Caudoviricetes,Caudoviricetes incertae sedis,Loughboroughvirus,unclassified Loughboroughvirus,,dsDNA
                Petsuvirus,2733122,,,,,,,,,,0.23,,,,,,636.0,Edwardsiella tarda,Duplodnaviria,Heunggongvirae,Uroviricota,Caudoviricetes,Caudoviricetes incertae sedis,Chimalliviridae,Petsuvirus,Petsuvirus pEtSU,dsDNA
              Phapecoctavirus,2733124,,0.08,,0.11,,,,,,,,,,,,472.0,Acinetobacter sp.,Duplodnaviria,Heunggongvirae,Uroviricota,Caudoviricetes,Caudoviricetes incertae sedis,Phapecoctavirus,unclassified Phapecoctavirus,,dsDNA
              Rosemountvirus,2733127,,,,0.13,,,,,,,,,,,,562.0,Escherichia coli,Duplodnaviria,Heunggongvirae,Uroviricota,Caudoviricetes,Caudoviricetes incertae sedis,Rosemountvirus,unclassified Rosemountvirus,,dsDNA
              Saclayvirus,2733128,0.33,0.21,1.16,0.17,,0.22,,,,0.14,0.22,0.26,,0.43,,470.0,Acinetobacter baumannii,Duplodnaviria,Heunggongvirae,Uroviricota,Caudoviricetes,Caudoviricetes incertae sedis,Saclayvirus,unclassified Saclayvirus,,dsDNA
              Toutatisvirus,2733138,0.25,0.1,0.17,0.31,,,0.22,,,0.18,,,,0.2,0.26,853.0,Faecalibacterium prausnitzii,Duplodnaviria,Heunggongvirae,Uroviricota,Caudoviricetes,Caudoviricetes incertae sedis,Toutatisvirus,Toutatisvirus toutatis,,dsDNA
              Ryyoungvirus,2733147,,,,,,,,,,,,0.37,,,,292.0,Burkholderia cepacia,Duplodnaviria,Heunggongvirae,Uroviricota,Caudoviricetes,Caudoviricetes incertae sedis,Ryyoungvirus,Ryyoungvirus bcepC6B,,dsDNA
                Shizishanvirus,2733148,,,,,,,,,,,,,0.22,10.4,2.22,294.0,Pseudomonas fluorescens,Duplodnaviria,Heunggongvirae,Uroviricota,Caudoviricetes,Caudoviricetes incertae sedis,Schitoviridae,Shizishanvirus,Shizishanvirus phCDa,dsDNA
                Poindextervirus,2733154,0.07,,,,,,,,,,,,,,,190650.0,Caulobacter vibrioides CB15,Duplodnaviria,Heunggongvirae,Uroviricota,Caudoviricetes,Caudoviricetes incertae sedis,Jeanschmidtviridae,Poindextervirus,Poindextervirus rogue,dsDNA
              Lenusvirus,2733160,0.11,,0.09,0.08,,0.19,0.2,,,,,,,0.11,,1578.0,Lactobacillus,Duplodnaviria,Heunggongvirae,Uroviricota,Caudoviricetes,Caudoviricetes incertae sedis,Lenusvirus,Lenusvirus lenus,,dsDNA
              Lidleunavirus,2733161,0.11,,,,,,,,,,,,,,,29397.0,Lactobacillus delbrueckii subsp. lactis,Duplodnaviria,Heunggongvirae,Uroviricota,Caudoviricetes,Caudoviricetes incertae sedis,Lidleunavirus,Lidleunavirus Ldl1,,dsDNA
              Armstrongvirus,2733167,0.17,,0.11,0.2,,0.51,,,,,,,,0.2,0.31,104336.0,Microbacterium foliorum,Duplodnaviria,Heunggongvirae,Uroviricota,Caudoviricetes,Caudoviricetes incertae sedis,Armstrongvirus,Armstrongvirus armstrong,,dsDNA
              Bridgettevirus,2733170,,,,,,,,,,,,,0.12,,,1665.0,Arthrobacter globiformis,Duplodnaviria,Heunggongvirae,Uroviricota,Caudoviricetes,Caudoviricetes incertae sedis,Bridgettevirus,Bridgettevirus bridgette,,dsDNA
              Feofaniavirus,2733174,,0.08,,,,,,,,,,,,,,551.0,Erwinia,Duplodnaviria,Heunggongvirae,Uroviricota,Caudoviricetes,Caudoviricetes incertae sedis,Feofaniavirus,Feofaniavirus Eho49,,dsDNA
              Goodmanvirus,2733179,0.09,,,,,,,,,,,,,,,104336.0,Microbacterium foliorum,Duplodnaviria,Heunggongvirae,Uroviricota,Caudoviricetes,Caudoviricetes incertae sedis,Goodmanvirus,unclassified Goodmanvirus,,dsDNA
              Kilunavirus,2733183,,,,0.1,,,,,,,,,,,,95486.0,Burkholderia cenocepacia,Duplodnaviria,Heunggongvirae,Uroviricota,Caudoviricetes,Caudoviricetes incertae sedis,Kilunavirus,Kilunavirus KL1,,dsDNA
              Krampusvirus,2733184,,,0.08,0.11,,,,,,,,,,,,104336.0,Microbacterium foliorum,Duplodnaviria,Heunggongvirae,Uroviricota,Caudoviricetes,Caudoviricetes incertae sedis,Krampusvirus,unclassified Krampusvirus,,dsDNA
              Lanavirus,2733185,,,,0.08,,,,,,,,,,0.32,,306.0,Pseudomonas sp.,Duplodnaviria,Heunggongvirae,Uroviricota,Caudoviricetes,Caudoviricetes incertae sedis,Lanavirus,Lanavirus lana,,dsDNA
              Lentavirus,2733186,,,0.14,0.17,,0.23,,,,,,,,,,84112.0,Eggerthella lenta,Duplodnaviria,Heunggongvirae,Uroviricota,Caudoviricetes,Caudoviricetes incertae sedis,Lentavirus,Lentavirus PMBT5,,dsDNA
              Maxrubnervirus,2733193,0.09,,0.16,0.72,,0.15,,,,,,0.19,,0.23,2.73,129847.0,Pseudomonas grimontii,Duplodnaviria,Heunggongvirae,Uroviricota,Caudoviricetes,Caudoviricetes incertae sedis,Maxrubnervirus,Maxrubnervirus PMBT3,,dsDNA
                  Mementomorivirus,2733194,,,0.14,,,,,,,,,,,,,104336.0,Microbacterium foliorum,Duplodnaviria,Heunggongvirae,Uroviricota,Caudoviricetes,Caudoviricetes incertae sedis,Mementomorivirus,Mementomorivirus cinna,,dsDNA
                Metamorphoovirus,2733195,,0.24,,0.09,,,,,,,,,,,,199592.0,Microbacterium paraoxydans,Duplodnaviria,Heunggongvirae,Uroviricota,Caudoviricetes,Caudoviricetes incertae sedis,Hodgkinviridae,Metamorphoovirus,Metamorphoovirus ariadne,dsDNA
              Neferthenavirus,2733198,0.07,,,,,,,,,,,,,,,104336.0,Microbacterium foliorum,Duplodnaviria,Heunggongvirae,Uroviricota,Caudoviricetes,Caudoviricetes incertae sedis,Neferthenavirus,unclassified Neferthenavirus,,dsDNA
              Oengusvirus,2733199,0.07,,,0.1,,,,,,,,,,,,853.0,Faecalibacterium prausnitzii,Duplodnaviria,Heunggongvirae,Uroviricota,Caudoviricetes,Caudoviricetes incertae sedis,Oengusvirus,Oengusvirus oengus,,dsDNA
                Quhwahvirus,2733202,,0.12,,,,,,,,,,,,,,104336.0,Microbacterium foliorum,Duplodnaviria,Heunggongvirae,Uroviricota,Caudoviricetes,Caudoviricetes incertae sedis,Hodgkinviridae,Quhwahvirus,Quhwahvirus paschalis,dsDNA
              Sashavirus,2733210,,0.22,,,,,,,,,,,,,,192955.0,Salmonella enterica subsp. enterica serovar Kentucky,Duplodnaviria,Heunggongvirae,Uroviricota,Caudoviricetes,Caudoviricetes incertae sedis,Sashavirus,unclassified Sashavirus,,dsDNA
              Schubertvirus,2733212,0.39,0.2,0.11,0.2,,0.25,1.05,0.26,,0.15,,0.26,,0.13,,104336.0,Microbacterium foliorum,Duplodnaviria,Heunggongvirae,Uroviricota,Caudoviricetes,Caudoviricetes incertae sedis,Schubertvirus,Schubertvirus schubert,,dsDNA
              Seussvirus,2733213,,,,,,,,,,,,,0.16,,,190650.0,Caulobacter vibrioides CB15,Duplodnaviria,Heunggongvirae,Uroviricota,Caudoviricetes,Caudoviricetes incertae sedis,Seussvirus,Seussvirus seuss,,dsDNA
                  Chaphamaparvovirus,2733231,,,,0.1,,,,,,,,,,,,30462.0,Tytonidae,Monodnaviria,Shotokuvirae,Cossaviricota,Quintoviricetes,Piccovirales,Parvoviridae,Hamaparvovirinae,Chaphamaparvovirus,
                  Fadolivirus,2763561,,,0.09,,,,,,,,,,,,,5778.0,Vermamoeba vermiformis,Varidnaviria,Bamfordvirae,Nucleocytoviricota,Megaviricetes,Imitervirales,Mimiviridae,Klosneuvirinae,Fadolivirus,
                Alehxovirus,2842364,,,,0.07,1.16,,0.69,,,3.59,,,,,,1.0,root,Riboviria,Orthornavirae,Lenarviricota,Leviviricetes,Timlovirales,Steitzviridae,Alehxovirus,Alehxovirus humivicinum,+ssRNA
                Anchaingvirus,2842373,,0.1,0.1,0.13,,,,,,,,,,,,1310165.0,Ralstonia pseudosolanacearum,Duplodnaviria,Heunggongvirae,Uroviricota,Caudoviricetes,Autographivirales,Autonotataviridae,Anchaingvirus,Anchaingvirus anchaing,dsDNA
                Apeevirus,2842379,0.26,0.87,1.02,0.51,1.58,1.08,0.97,0.48,,0.25,0.15,0.71,0.4,0.26,0.95,70347.0,Acinetobacter higginsii,Riboviria,Orthornavirae,Lenarviricota,Leviviricetes,Norzivirales,Duinviridae,Apeevirus,Apeevirus quebecense,+ssRNA
              Akonivirus,2842540,0.27,0.27,0.31,0.21,,0.29,0.44,,0.27,0.13,,,,0.26,,104336.0,Microbacterium foliorum,Duplodnaviria,Heunggongvirae,Uroviricota,Caudoviricetes,Caudoviricetes incertae sedis,Akonivirus,Akonivirus akoni,,dsDNA
                  Aorunvirus,2842545,,,,0.15,,,,,,,,,,,,246200.0,Ruegeria pomeroyi DSS-3,Duplodnaviria,Heunggongvirae,Uroviricota,Caudoviricetes,Caudoviricetes incertae sedis,Schitoviridae,Rhodovirinae,Aorunvirus,dsDNA
                Cbunavirus,2842586,1.46,3.19,2.63,0.85,2.44,1.84,2.32,1.63,0.77,0.92,1.17,1.01,1.18,0.73,0.6,562.0,Escherichia coli,Duplodnaviria,Heunggongvirae,Uroviricota,Caudoviricetes,Caudoviricetes incertae sedis,Schitoviridae,Cbunavirus,unclassified Cbunavirus,dsDNA
                Citrovirus,2842608,,0.07,,,,,,,,,,,,,,1676276.0,Citrobacter sp. TM1552,Duplodnaviria,Heunggongvirae,Uroviricota,Caudoviricetes,Caudoviricetes incertae sedis,Zobellviridae,Citrovirus,Citrovirus coptotermitis,dsDNA
                  Claudivirus,2842609,0.1,,,0.11,,,,,,,,,,,,29339.0,Bacillus thuringiensis serovar kurstaki,Duplodnaviria,Heunggongvirae,Uroviricota,Caudoviricetes,Caudoviricetes incertae sedis,Salasmaviridae,Northropvirinae,Claudivirus,dsDNA
                Dendoorenvirus,2842641,0.09,,,0.08,,,,,,,,,,,,180282.0,Delftia tsuruhatensis,Duplodnaviria,Heunggongvirae,Uroviricota,Caudoviricetes,Caudoviricetes incertae sedis,Schitoviridae,Dendoorenvirus,Dendoorenvirus RG2014,dsDNA
                  Dongdastvirus,2842653,0.11,0.09,0.09,0.17,,,,,,,0.2,,0.12,,,,,,,,,,,,,
                Eceepunavirus,2842661,0.07,0.07,0.19,0.09,,0.23,,,,,,,,0.15,,550.0,Enterobacter cloacae,Duplodnaviria,Heunggongvirae,Uroviricota,Caudoviricetes,Caudoviricetes incertae sedis,Schitoviridae,Eceepunavirus,Eceepunavirus EcP1,dsDNA
                Emesvirus,2842664,,1.29,0.27,,,0.15,,,,,,,,,,331112.0,Escherichia coli HS,Riboviria,Orthornavirae,Lenarviricota,Leviviricetes,Norzivirales,Fiersviridae,Emesvirus,,+ssRNA
                Gihfavirus,2842702,,,,,,,,,,,,0.28,0.18,,,1.0,root,Riboviria,Orthornavirae,Lenarviricota,Leviviricetes,Timlovirales,Steitzviridae,Gihfavirus,Gihfavirus chorovivens,+ssRNA
                Hagavirus,2842717,,,0.1,,,,,,,,,,,,,543.0,Enterobacteriaceae,Riboviria,Orthornavirae,Lenarviricota,Leviviricetes,Norzivirales,Fiersviridae,Hagavirus,Hagavirus psychrophilum,+ssRNA
              Henunavirus,2842727,,0.08,,,,0.15,,,,,,,,,,552.0,Erwinia amylovora,Duplodnaviria,Heunggongvirae,Uroviricota,Caudoviricetes,Caudoviricetes incertae sedis,Henunavirus,Henunavirus hena1,,dsDNA
                Hihdivirus,2842731,,0.62,0.12,,,,0.22,,,0.6,,,,0.11,,1.0,root,Riboviria,Orthornavirae,Lenarviricota,Leviviricetes,Norzivirales,Fiersviridae,Hihdivirus,Hihdivirus caenenecus,+ssRNA
                Hohrdovirus,2842736,,,,0.08,1.9,,0.26,,,,,,,,0.29,1.0,root,Riboviria,Orthornavirae,Lenarviricota,Leviviricetes,Timlovirales,Steitzviridae,Hohrdovirus,Hohrdovirus edaphohabitans,+ssRNA
                Hopescreekvirus,2842737,0.52,0.36,0.47,0.31,,0.53,0.38,0.26,0.29,0.24,,0.19,0.11,0.15,0.48,1613.0,Limosilactobacillus fermentum,Duplodnaviria,Heunggongvirae,Uroviricota,Caudoviricetes,Caudoviricetes incertae sedis,Herelleviridae,Hopescreekvirus,Hopescreekvirus LfeInf,dsDNA
                Huelvavirus,2842739,,,,0.07,,,,,,,,,,,,382.0,Sinorhizobium meliloti,Duplodnaviria,Heunggongvirae,Uroviricota,Caudoviricetes,Caudoviricetes incertae sedis,Schitoviridae,Huelvavirus,Huelvavirus ort11,dsDNA
                  Inbricusvirus,2842758,0.18,0.64,0.16,0.17,,,,,,0.13,0.16,,0.17,,,663959.0,Pseudomonas syringae pv. avii,Duplodnaviria,Heunggongvirae,Uroviricota,Caudoviricetes,Caudoviricetes incertae sedis,Schitoviridae,Rothmandenesvirinae,Inbricusvirus,dsDNA
                Ishugivirus,2842767,0.07,3.22,0.74,0.1,,0.29,0.34,0.36,,0.32,,,,,0.29,1.0,root,Riboviria,Orthornavirae,Lenarviricota,Leviviricetes,Norzivirales,Fiersviridae,Ishugivirus,Ishugivirus pelohabitans,+ssRNA
                  Kaypoctavirus,2842786,0.2,0.09,,0.1,,0.3,,,,,,,,,,573.0,Klebsiella pneumoniae,Duplodnaviria,Heunggongvirae,Uroviricota,Caudoviricetes,Caudoviricetes incertae sedis,Schitoviridae,Enquatrovirinae,Kaypoctavirus,dsDNA
                Kemicevirus,2842792,0.19,0.22,0.22,0.12,4.65,0.17,0.52,0.42,0.31,0.35,,0.22,0.19,0.19,0.18,1.0,root,Riboviria,Orthornavirae,Lenarviricota,Leviviricetes,Norzivirales,Fiersviridae,Kemicevirus,Kemicevirus caenicola,+ssRNA
              Kenoshavirus,2842796,0.18,0.15,0.14,0.2,,,,,,,,0.21,0.15,0.18,,36822.0,Gordonia rubripertincta,Duplodnaviria,Heunggongvirae,Uroviricota,Caudoviricetes,Caudoviricetes incertae sedis,Kenoshavirus,unclassified Kenoshavirus,,dsDNA
                Kinglevirus,2842802,,0.07,,,,,,,,,,0.39,0.53,,0.38,1.0,root,Riboviria,Orthornavirae,Lenarviricota,Leviviricetes,Timlovirales,Steitzviridae,Kinglevirus,Kinglevirus lutadaptatum,+ssRNA
                Kowinovirus,2842810,,0.08,,,,,,,,,,,,,,1.0,root,Riboviria,Orthornavirae,Lenarviricota,Leviviricetes,Norzivirales,Fiersviridae,Kowinovirus,Kowinovirus pelenecus,+ssRNA
                  Lasallevirus,2842819,,,,,,,,,,,,,0.27,,,40214.0,Acinetobacter johnsonii,Duplodnaviria,Heunggongvirae,Uroviricota,Caudoviricetes,Pantevenvirales,Straboviridae,Twarogvirinae,Lasallevirus,dsDNA
                Littlefixvirus,2842828,,,0.08,0.1,,,,,,,,0.22,,0.59,,294.0,Pseudomonas fluorescens,Duplodnaviria,Heunggongvirae,Uroviricota,Caudoviricetes,Caudoviricetes incertae sedis,Schitoviridae,Littlefixvirus,Littlefixvirus 98Pflur60pp,dsDNA
                Luthavirus,2842838,,,,,,,,,,0.97,,,,,0.18,1.0,root,Riboviria,Orthornavirae,Lenarviricota,Leviviricetes,Norzivirales,Fiersviridae,Luthavirus,Luthavirus edaphovicinum,+ssRNA
                Mahraivirus,2842846,,0.07,,,,,,,,,,,,,,1.0,root,Riboviria,Orthornavirae,Lenarviricota,Leviviricetes,Norzivirales,Fiersviridae,Mahraivirus,Mahraivirus limivicinum,+ssRNA
              Manuelvirus,2842852,,0.1,,,,,,,,,,,,,,1916.0,Streptomyces lividans,Duplodnaviria,Heunggongvirae,Uroviricota,Caudoviricetes,Caudoviricetes incertae sedis,Manuelvirus,Manuelvirus JXY1,,dsDNA
                  Matsuvirus,2842857,,0.06,,,,,,,,,,,,,,728062.0,Pseudoalteromonas sp. YD6,Duplodnaviria,Heunggongvirae,Uroviricota,Caudoviricetes,Caudoviricetes incertae sedis,Schitoviridae,Fuhrmanvirinae,Matsuvirus,dsDNA
                Mekintivirus,2842861,0.09,,,0.08,,,,,,,,,,,,1.0,root,Riboviria,Orthornavirae,Lenarviricota,Leviviricetes,Norzivirales,Fiersviridae,Mekintivirus,Mekintivirus lutihabitans,+ssRNA
                Melvirus,2842862,,,,,,,,,,,,,0.13,,,,,Duplodnaviria,Heunggongvirae,Uroviricota,Caudoviricetes,Caudoviricetes incertae sedis,Zobellviridae,Melvirus,unclassified Melvirus,dsDNA
                Mintuvirus,2842872,,,,,,,,,,,0.51,,,,,1.0,root,Riboviria,Orthornavirae,Lenarviricota,Leviviricetes,Norzivirales,Fiersviridae,Mintuvirus,Mintuvirus pelovivens,+ssRNA
                Mooreparkvirus,2842881,,,,,,0.15,,,,,,,,,,1578.0,Lactobacillus,Duplodnaviria,Heunggongvirae,Uroviricota,Caudoviricetes,Caudoviricetes incertae sedis,Herelleviridae,Mooreparkvirus,Mooreparkvirus Lb3381,dsDNA
              Mydovirus,2842888,0.18,0.1,0.13,0.21,,0.31,,,,0.19,,,,,,562.0,Escherichia coli,Duplodnaviria,Heunggongvirae,Uroviricota,Caudoviricetes,Caudoviricetes incertae sedis,Mydovirus,unclassified Mydovirus,,dsDNA
                Nehpavirus,2842897,0.09,0.36,0.22,0.09,14.89,,3.07,0.8,,0.96,,,,0.19,0.31,1.0,root,Riboviria,Orthornavirae,Lenarviricota,Leviviricetes,Timlovirales,Blumeviridae,Nehpavirus,Nehpavirus caenenecus,+ssRNA
              Nochtlivirus,2842908,,0.18,,,,,,,,,,,,,,562.0,Escherichia coli,Duplodnaviria,Heunggongvirae,Uroviricota,Caudoviricetes,Caudoviricetes incertae sedis,Nochtlivirus,Nochtlivirus mEp235,,dsDNA
                Pacinivirus,2842934,,0.07,0.09,0.08,,0.16,,,,,,,,,,666.0,Vibrio cholerae,Duplodnaviria,Heunggongvirae,Uroviricota,Caudoviricetes,Caudoviricetes incertae sedis,Schitoviridae,Pacinivirus,unclassified Pacinivirus,dsDNA
                Paundecimvirus,2842942,0.07,0.17,,0.12,,,,,,,,,,,,287.0,Pseudomonas aeruginosa,Duplodnaviria,Heunggongvirae,Uroviricota,Caudoviricetes,Caudoviricetes incertae sedis,Zobellviridae,Paundecimvirus,unclassified Paundecimvirus,dsDNA
                Paysduvirus,2842943,0.6,0.14,,0.78,7.81,,1.21,,,,,,,0.51,0.29,1.0,root,Riboviria,Orthornavirae,Lenarviricota,Leviviricetes,Norzivirales,Fiersviridae,Paysduvirus,Paysduvirus asiocola,+ssRNA
                Pokkenvirus,2842972,0.13,0.1,0.12,0.1,,,,,,,,,0.29,0.14,,40324.0,Stenotrophomonas maltophilia,Duplodnaviria,Heunggongvirae,Uroviricota,Caudoviricetes,Caudoviricetes incertae sedis,Schitoviridae,Pokkenvirus,Pokkenvirus paxi,dsDNA
                  Pollockvirus,2842973,,0.12,0.18,0.14,,,,,,,,,,,0.6,562.0,Escherichia coli,Duplodnaviria,Heunggongvirae,Uroviricota,Caudoviricetes,Caudoviricetes incertae sedis,Schitoviridae,Humphriesvirinae,Pollockvirus,dsDNA
                  Pourcelvirus,2842976,0.14,0.13,0.11,0.16,,,,,,,0.24,,0.18,,,,,,,,,,,,,
                Presleyvirus,2842977,0.18,0.17,0.23,,,0.2,,0.24,,,,,,,,470.0,Acinetobacter baumannii,Duplodnaviria,Heunggongvirae,Uroviricota,Caudoviricetes,Caudoviricetes incertae sedis,Schitoviridae,Presleyvirus,Presleyvirus presley,dsDNA
                Pseudotevenvirus,2842979,0.4,0.13,0.09,,,0.16,0.37,,,,,,,,,1972222.0,Buttiauxella sp.,Duplodnaviria,Heunggongvirae,Uroviricota,Caudoviricetes,Pantevenvirales,Straboviridae,Pseudotevenvirus,unclassified Pseudotevenvirus,dsDNA
                  Pylasvirus,2842993,0.25,0.56,0.33,0.29,,0.5,0.79,0.42,0.23,1.15,,,,0.13,,573.0,Klebsiella pneumoniae,Duplodnaviria,Heunggongvirae,Uroviricota,Caudoviricetes,Caudoviricetes incertae sedis,Schitoviridae,Humphriesvirinae,Pylasvirus,dsDNA
                Qubevirus,2842995,0.07,,,,,,,,,,,,,,,511145.0,Escherichia coli str. K-12 substr. MG1655,Riboviria,Orthornavirae,Lenarviricota,Leviviricetes,Norzivirales,Fiersviridae,Qubevirus,unclassified Qubevirus,+ssRNA
                  Raunefjordenvirus,2843000,,,,,,,,,,,,,,,0.18,1525218.0,Sulfitobacter sp. CB2047,Duplodnaviria,Heunggongvirae,Uroviricota,Caudoviricetes,Caudoviricetes incertae sedis,Schitoviridae,Rhodovirinae,Raunefjordenvirus,dsDNA
                Riverridervirus,2843008,0.09,,0.1,,,,,,,,,,,,,48664.0,Xanthomonas fragariae,Duplodnaviria,Heunggongvirae,Uroviricota,Caudoviricetes,Caudoviricetes incertae sedis,Schitoviridae,Riverridervirus,Riverridervirus riverrider,dsDNA
                  Sabourvirus,2843014,0.39,0.53,0.42,0.33,,0.62,0.63,0.24,,,,0.24,0.23,0.35,0.26,,,,,,,,,,,
                Salinovirus,2843017,,0.08,,,,,,,,,,,,,,51367.0,Salinivibrio costicola,Duplodnaviria,Heunggongvirae,Uroviricota,Caudoviricetes,Caudoviricetes incertae sedis,Zobellviridae,Salinovirus,Salinovirus utanense,dsDNA
                Stehlmavirus,2843058,,,,,,,0.22,,,,,,,,,1.0,root,Riboviria,Orthornavirae,Lenarviricota,Leviviricetes,Norzivirales,Fiersviridae,Stehlmavirus,Stehlmavirus lutihabitans,+ssRNA
                  Stoningtonvirus,2843060,,,0.09,,,,,,,,,,,,,670.0,Vibrio parahaemolyticus,Duplodnaviria,Heunggongvirae,Uroviricota,Caudoviricetes,Caudoviricetes incertae sedis,Schitoviridae,Fuhrmanvirinae,Stoningtonvirus,dsDNA
                Ticahravirus,2843092,,0.57,0.38,,,,,,,,,,,,,1.0,root,Riboviria,Orthornavirae,Lenarviricota,Leviviricetes,Norzivirales,Fiersviridae,Ticahravirus,Ticahravirus asiovicinum,+ssRNA
              Tinytimothyvirus,2843096,0.23,,0.14,0.1,,,0.22,,,,,,,0.15,,104336.0,Microbacterium foliorum,Duplodnaviria,Heunggongvirae,Uroviricota,Caudoviricetes,Caudoviricetes incertae sedis,Tinytimothyvirus,Tinytimothyvirus alex44,,dsDNA
                Waedenswilvirus,2843122,0.16,0.15,0.2,0.14,,0.17,,,,0.14,,,,0.16,,552.0,Erwinia amylovora,Duplodnaviria,Heunggongvirae,Uroviricota,Caudoviricetes,Caudoviricetes incertae sedis,Schitoviridae,Waedenswilvirus,unclassified Waedenswilvirus,dsDNA
                Wahdswovirus,2843124,,0.07,,,,,,,,,,,,,,1.0,root,Riboviria,Orthornavirae,Lenarviricota,Leviviricetes,Timlovirales,Blumeviridae,Wahdswovirus,Wahdswovirus lutenecus,+ssRNA
              Yautsimvirus,2843147,,0.19,,,,,,,,,,,,,,562.0,Escherichia coli,Duplodnaviria,Heunggongvirae,Uroviricota,Caudoviricetes,Caudoviricetes incertae sedis,Yautsimvirus,Yautsimvirus HK140,,dsDNA
                  Yonginvirus,2843155,0.09,0.08,0.13,0.08,,0.19,0.34,,,,,,0.16,,,79967.0,Erwinia pyrifoliae,Duplodnaviria,Heunggongvirae,Uroviricota,Caudoviricetes,Caudoviricetes incertae sedis,Schitoviridae,Erskinevirinae,Yonginvirus,dsDNA
                Zicotriavirus,2843161,0.08,0.13,0.08,0.13,,,,,,,,,,,,287.0,Pseudomonas aeruginosa,Duplodnaviria,Heunggongvirae,Uroviricota,Caudoviricetes,Caudoviricetes incertae sedis,Schitoviridae,Zicotriavirus,Zicotriavirus ZC03,dsDNA
                Zurivirus,2843162,0.07,,0.1,0.09,,,,,,,0.32,0.26,0.22,,,303.0,Pseudomonas putida,Duplodnaviria,Heunggongvirae,Uroviricota,Caudoviricetes,Caudoviricetes incertae sedis,Schitoviridae,Zurivirus,Zurivirus zuri,dsDNA
              Aguilavirus,2843343,,0.21,,,,,,,,,,,,,,562.0,Escherichia coli,Duplodnaviria,Heunggongvirae,Uroviricota,Caudoviricetes,Caudoviricetes incertae sedis,Aguilavirus,Aguilavirus mEp043,,dsDNA
              Astrithrvirus,2843350,0.52,0.67,0.66,0.82,,1.81,1.41,0.52,0.31,0.4,0.25,0.54,0.37,0.43,0.48,469.0,Acinetobacter,Duplodnaviria,Heunggongvirae,Uroviricota,Caudoviricetes,Caudoviricetes incertae sedis,Astrithrvirus,unclassified Astrithrvirus,,dsDNA
              Audreyjarvisvirus,2843351,4.99,0.7,4.17,4.5,5.59,4.1,1.94,1.75,1.82,0.76,0.65,0.6,0.39,2.63,1.83,1358.0,Lactococcus lactis,Duplodnaviria,Heunggongvirae,Uroviricota,Caudoviricetes,Caudoviricetes incertae sedis,Audreyjarvisvirus,Audreyjarvisvirus av949,,dsDNA
                Bcepfunavirus,2843356,,,,,,,,,,,0.48,,,,,152480.0,Burkholderia ambifaria,Duplodnaviria,Heunggongvirae,Uroviricota,Caudoviricetes,Caudoviricetes incertae sedis,Lindbergviridae,Bcepfunavirus,Bcepfunavirus bcepF1,dsDNA
              Burrovirus,2843362,1.97,0.9,1.49,2.64,1.8,1.3,1.67,1.47,1.22,0.79,0.38,0.99,0.7,1.37,1.7,104336.0,Microbacterium foliorum,Duplodnaviria,Heunggongvirae,Uroviricota,Caudoviricetes,Caudoviricetes incertae sedis,Burrovirus,Burrovirus araxxi,,dsDNA
              Chopinvirus,2843365,0.2,0.07,0.12,0.09,,0.34,,,0.23,,,,,0.18,0.44,1358.0,Lactococcus lactis,Duplodnaviria,Heunggongvirae,Uroviricota,Caudoviricetes,Caudoviricetes incertae sedis,Chopinvirus,Chopinvirus KSY1,,dsDNA
              Cimandefvirus,2843366,0.15,0.13,0.19,0.12,,,,,0.64,,,,,,,1310165.0,Ralstonia pseudosolanacearum,Duplodnaviria,Heunggongvirae,Uroviricota,Caudoviricetes,Caudoviricetes incertae sedis,Cimandefvirus,Cimandefvirus cimandef,,dsDNA
              Fremauxvirus,2843383,1.05,0.21,0.85,0.99,,2.08,0.52,0.27,0.58,,0.17,,0.11,0.97,1.32,1358.0,Lactococcus lactis,Duplodnaviria,Heunggongvirae,Uroviricota,Caudoviricetes,Caudoviricetes incertae sedis,Fremauxvirus,Fremauxvirus fv1706,,dsDNA
              Hattifnattvirus,2843390,,0.15,,,,,,,,,,,,,,2654245.0,Flavobacterium sp. LMO9,Duplodnaviria,Heunggongvirae,Uroviricota,Caudoviricetes,Caudoviricetes incertae sedis,Hattifnattvirus,Hattifnattvirus hattifnatt,,dsDNA
                Labanvirus,2843408,,0.07,0.14,,,,,,,,,,,,,2654243.0,Flavobacterium sp. LMO6,Duplodnaviria,Heunggongvirae,Uroviricota,Caudoviricetes,Caudoviricetes incertae sedis,Duneviridae,Labanvirus,Labanvirus laban,dsDNA
              Lafunavirus,2843410,,,0.1,,,,,,,,,,,,,1591.0,Lactobacillus sp.,Duplodnaviria,Heunggongvirae,Uroviricota,Caudoviricetes,Caudoviricetes incertae sedis,Lafunavirus,Lafunavirus LF1,,dsDNA
                Lahexavirus,2843411,,,,,,,,,,,0.57,,,,,196023.0,Aeromonas hydrophila subsp. hydrophila,Duplodnaviria,Heunggongvirae,Uroviricota,Caudoviricetes,Caudoviricetes incertae sedis,Grimontviridae,Lahexavirus,Lahexavirus lv44572,dsDNA
              Lastavirus,2843414,0.24,0.23,0.33,0.5,,0.29,0.6,,0.21,0.18,,,,0.11,0.2,573.0,Klebsiella pneumoniae,Duplodnaviria,Heunggongvirae,Uroviricota,Caudoviricetes,Caudoviricetes incertae sedis,Lastavirus,Lastavirus lasta,,dsDNA
              Lillamyvirus,2843418,0.12,0.66,0.17,0.29,,0.34,0.39,,,,,,,,,2654243.0,Flavobacterium sp. LMO6,Duplodnaviria,Heunggongvirae,Uroviricota,Caudoviricetes,Caudoviricetes incertae sedis,Lillamyvirus,Lillamyvirus hemulen,,dsDNA
              Moturavirus,2843423,,0.07,0.17,,,,,,,,,,,,,1389935.0,Achromobacter animicus,Duplodnaviria,Heunggongvirae,Uroviricota,Caudoviricetes,Caudoviricetes incertae sedis,Moturavirus,Moturavirus motura,,dsDNA
              Muminvirus,2843426,1.02,1.59,1.11,0.66,,1.56,1.87,,,6.1,,1.43,0.79,0.7,0.82,2654245.0,Flavobacterium sp. LMO9,Duplodnaviria,Heunggongvirae,Uroviricota,Caudoviricetes,Caudoviricetes incertae sedis,Muminvirus,Muminvirus filifjonk,,dsDNA
              Nevevirus,2843430,,0.08,,0.08,,0.15,,,,,,,,,,1358.0,Lactococcus lactis,Duplodnaviria,Heunggongvirae,Uroviricota,Caudoviricetes,Caudoviricetes incertae sedis,Nevevirus,Nevevirus P078,,dsDNA
              Parlovirus,2843433,0.07,0.11,0.21,0.09,,,,,,,0.29,,,,,615.0,Serratia marcescens,Duplodnaviria,Heunggongvirae,Uroviricota,Caudoviricetes,Caudoviricetes incertae sedis,Parlovirus,Parlovirus parlo,,dsDNA
              Plateaulakevirus,2843436,0.18,1.19,1.08,0.6,,1.25,0.75,0.26,,0.37,0.14,,,0.16,0.42,196023.0,Aeromonas hydrophila subsp. hydrophila,Duplodnaviria,Heunggongvirae,Uroviricota,Caudoviricetes,Caudoviricetes incertae sedis,Plateaulakevirus,Plateaulakevirus pv2L372D,,dsDNA
              Predatorvirus,2843439,,,,,,,,0.24,0.46,,,,,,,1763.0,Mycobacterium,Duplodnaviria,Heunggongvirae,Uroviricota,Caudoviricetes,Caudoviricetes incertae sedis,Predatorvirus,Predatorvirus predator,,dsDNA
                Privateervirus,2843440,,0.06,,,,,,,,2.72,,,,0.14,,28141.0,Cronobacter sakazakii,Duplodnaviria,Heunggongvirae,Uroviricota,Caudoviricetes,Caudoviricetes incertae sedis,Grimontviridae,Privateervirus,Privateervirus pv009,dsDNA
              Sandinevirus,2843449,0.61,0.22,0.8,0.46,,1.66,0.38,,0.32,0.19,,,,0.87,0.63,1357.0,Lactococcus,Duplodnaviria,Heunggongvirae,Uroviricota,Caudoviricetes,Caudoviricetes incertae sedis,Sandinevirus,unclassified Sandinevirus,,dsDNA
              Shandongvirus,2843454,0.12,,,0.12,,,,,,,,,,,,267375.0,Pseudoalteromonas marina,Duplodnaviria,Heunggongvirae,Uroviricota,Caudoviricetes,Caudoviricetes incertae sedis,Shandongvirus,Shandongvirus H101,,dsDNA
              Teubervirus,2843466,0.72,0.31,0.76,0.38,1.16,0.51,0.26,1.08,1.35,0.26,0.29,0.54,0.5,0.33,0.29,1358.0,Lactococcus lactis,Duplodnaviria,Heunggongvirae,Uroviricota,Caudoviricetes,Caudoviricetes incertae sedis,Teubervirus,Teubervirus AM6,,dsDNA
              Vedamuthuvirus,2843470,0.11,,,0.08,,,,,,,,,,,,1358.0,Lactococcus lactis,Duplodnaviria,Heunggongvirae,Uroviricota,Caudoviricetes,Caudoviricetes incertae sedis,Vedamuthuvirus,Vedamuthuvirus vv50902,,dsDNA
                Yonseivirus,2843478,0.69,0.69,0.9,0.52,,1.13,0.42,0.36,0.79,0.42,,0.26,0.17,0.46,0.62,573.0,Klebsiella pneumoniae,Duplodnaviria,Heunggongvirae,Uroviricota,Caudoviricetes,Caudoviricetes incertae sedis,Casjensviridae,Yonseivirus,Yonseivirus N137,dsDNA
                  Kahnovirus,2942979,0.47,0.35,0.41,0.45,,0.5,0.6,0.28,1.2,0.52,0.14,0.51,0.19,0.47,0.35,,,,,,,,,,,
                  Kehishuvirus,2942980,0.31,0.57,0.49,0.53,,0.6,1.08,0.58,0.7,1.09,0.2,0.73,0.36,0.33,0.48,329854.0,Bacteroides intestinalis,Duplodnaviria,Heunggongvirae,Uroviricota,Caudoviricetes,Crassvirales,Steigviridae,Asinivirinae,Kehishuvirus,dsDNA
                  Paundivirus,2942981,0.08,,,0.08,,,,,,,,,,,,1.0,root,Duplodnaviria,Heunggongvirae,Uroviricota,Caudoviricetes,Crassvirales,Steigviridae,Asinivirinae,Paundivirus,dsDNA
                  Afonbuvirus,2942989,0.91,0.9,0.97,1.14,,0.67,0.89,0.64,1.1,1.26,0.14,1.2,0.53,0.72,0.93,1.0,root,Duplodnaviria,Heunggongvirae,Uroviricota,Caudoviricetes,Crassvirales,Suoliviridae,Bearivirinae,Afonbuvirus,dsDNA
                  Canhaevirus,2942990,0.24,0.18,0.38,0.24,,0.24,0.52,0.26,0.33,0.32,,0.36,0.22,0.16,0.2,1.0,root,Duplodnaviria,Heunggongvirae,Uroviricota,Caudoviricetes,Crassvirales,Suoliviridae,Boorivirinae,Canhaevirus,dsDNA
                  Cohcovirus,2942991,0.24,0.25,0.42,0.45,,0.18,0.69,0.23,0.54,0.39,,0.31,0.2,0.3,0.42,,,,,,,,,,,
                  Culoivirus,2942992,0.11,0.12,0.14,0.1,,0.17,0.24,,0.23,0.26,,,,0.11,,818.0,Bacteroides thetaiotaomicron,Duplodnaviria,Heunggongvirae,Uroviricota,Caudoviricetes,Crassvirales,Suoliviridae,Boorivirinae,Culoivirus,dsDNA
                  Blohavirus,2942993,0.67,0.45,0.71,0.93,,0.5,0.61,0.35,0.6,0.78,0.27,1.37,0.41,0.69,0.71,,,,,,,,,,,
                  Buchavirus,2942994,0.33,0.25,0.34,0.33,,0.31,0.44,0.22,0.42,0.43,0.18,0.49,0.19,0.27,0.24,1.0,root,Duplodnaviria,Heunggongvirae,Uroviricota,Caudoviricetes,Crassvirales,Suoliviridae,Loutivirinae,Buchavirus,dsDNA
                Dunedinvirus,2943004,,0.08,,,,,,,,,,,,,,104623.0,Prodigiosinella confusarubida,Duplodnaviria,Heunggongvirae,Uroviricota,Caudoviricetes,Caudoviricetes incertae sedis,Casjensviridae,Dunedinvirus,Dunedinvirus JS26,dsDNA
                Gediminasvirus,2943007,,,,,,,,,,,,,0.31,,,217203.0,Achromobacter spanius,Duplodnaviria,Heunggongvirae,Uroviricota,Caudoviricetes,Caudoviricetes incertae sedis,Casjensviridae,Gediminasvirus,Gediminasvirus AchV4,dsDNA
                Gwanakrovirus,2943008,,0.08,,0.08,,,,,,,,,,,,79967.0,Erwinia pyrifoliae,Duplodnaviria,Heunggongvirae,Uroviricota,Caudoviricetes,Caudoviricetes incertae sedis,Casjensviridae,Gwanakrovirus,Gwanakrovirus SNUABM08,dsDNA
                Phobosvirus,2943014,,,,,,,,,,,,,0.26,,,321.0,Pseudomonas syringae pv. syringae,Duplodnaviria,Heunggongvirae,Uroviricota,Caudoviricetes,Caudoviricetes incertae sedis,Casjensviridae,Phobosvirus,Phobosvirus phobos,dsDNA
                Salvovirus,2943016,0.66,0.13,0.25,0.59,,0.32,0.22,0.3,0.54,0.25,,,0.27,0.14,,33013.0,Clavibacter michiganensis subsp. michiganensis,Duplodnaviria,Heunggongvirae,Uroviricota,Caudoviricetes,Caudoviricetes incertae sedis,Casjensviridae,Salvovirus,unclassified Salvovirus,dsDNA
                Seodaemunguvirus,2943017,,,,,,,,,,,,,0.67,,,573.0,Klebsiella pneumoniae,Duplodnaviria,Heunggongvirae,Uroviricota,Caudoviricetes,Caudoviricetes incertae sedis,Casjensviridae,Seodaemunguvirus,Seodaemunguvirus YMC16-01N133,dsDNA
                Sharonstreetvirus,2943019,1.51,0.24,1.07,0.93,1.8,1.62,0.52,0.3,0.64,0.28,1.29,0.36,0.22,0.85,0.79,644.0,Aeromonas hydrophila,Duplodnaviria,Heunggongvirae,Uroviricota,Caudoviricetes,Caudoviricetes incertae sedis,Casjensviridae,Sharonstreetvirus,unclassified Sharonstreetvirus,dsDNA
              Anayavirus,2946797,,,0.1,,,,,0.28,,,,,,,,246196.0,Mycolicibacterium smegmatis MC2 155,Duplodnaviria,Heunggongvirae,Uroviricota,Caudoviricetes,Caudoviricetes incertae sedis,Anayavirus,unclassified Anayavirus,,dsDNA
                  Aurodevirus,2946811,0.66,1.01,1.32,1.22,1.06,0.88,1.07,0.92,1.34,1.26,0.24,1.51,0.76,0.7,0.85,1.0,root,Duplodnaviria,Heunggongvirae,Uroviricota,Caudoviricetes,Crassvirales,Suoliviridae,Uncouvirinae,Aurodevirus,dsDNA
                  Birpovirus,2946830,0.47,0.23,0.45,0.51,,0.32,0.31,,0.47,0.4,,0.41,0.2,0.33,0.5,,,,,,,,,,,
                  Buorbuivirus,2948644,0.19,0.22,0.31,0.21,,,0.27,0.29,0.22,0.43,,,0.2,0.14,0.21,,,,,,,,,,,
                  Burzaovirus,2948645,7.37,3.64,6.61,5.76,5.17,3.13,2.74,2.13,6.91,4.41,0.73,4.27,3.77,5.63,6.27,1.0,root,Duplodnaviria,Heunggongvirae,Uroviricota,Caudoviricetes,Crassvirales,Suoliviridae,Oafivirinae,Burzaovirus,dsDNA
                  Cacepaovirus,2948646,,,,,,,,,,,0.13,,,,,,,,,,,,,,,
                  Carjivirus,2948652,9.54,3.47,7.06,9.09,6.97,6.0,8.71,2.73,7.14,6.69,1.67,8.12,3.87,7.79,5.96,1869227.0,bacterium,Duplodnaviria,Heunggongvirae,Uroviricota,Caudoviricetes,Crassvirales,Intestiviridae,Crudevirinae,Carjivirus,dsDNA
                Chrysonvirus,2948662,,,,,,,,,,,,,0.15,,,644.0,Aeromonas hydrophila,Duplodnaviria,Heunggongvirae,Uroviricota,Caudoviricetes,Pantevenvirales,Straboviridae,Chrysonvirus,unclassified Chrysonvirus,dsDNA
                Cinqassovirus,2948665,,,,,,,,,,,,,0.15,,,644.0,Aeromonas hydrophila,Duplodnaviria,Heunggongvirae,Uroviricota,Caudoviricetes,Pantevenvirales,Straboviridae,Cinqassovirus,Cinqassovirus aeh1,dsDNA
                  Clownvirus,2948667,,,,0.08,,,,,,,,,,,,,,,,,,,,,,
                  Dabirmavirus,2948671,0.26,0.08,0.26,0.26,,0.15,0.22,,0.27,0.32,,,,0.19,0.26,,,,,,,,,,,
                  Diorhovirus,2948680,0.32,0.19,0.23,0.18,,,0.44,,0.21,0.15,,0.24,,0.11,,,,,,,,,,,,
                  Drivevirus,2948684,,0.1,0.11,0.1,,,,,,,,,,,,,,,,,,,,,,
                Duodecimduovirus,2948687,,,,,,,,,,,,0.23,,,,28450.0,Burkholderia pseudomallei,Duplodnaviria,Heunggongvirae,Uroviricota,Caudoviricetes,Caudoviricetes incertae sedis,Peduoviridae,Duodecimduovirus,Duodecimduovirus phiE122,dsDNA
                  Delmidovirus,2948688,0.23,0.13,0.21,0.21,,0.19,0.2,,0.27,0.25,,0.24,0.12,0.21,,818.0,Bacteroides thetaiotaomicron,Duplodnaviria,Heunggongvirae,Uroviricota,Caudoviricetes,Crassvirales,Intestiviridae,Crudevirinae,Delmidovirus,dsDNA
                Efbeekayvirus,2948690,1.02,1.23,0.95,0.85,,1.45,2.08,10.98,0.83,0.58,0.16,0.37,0.6,0.38,0.53,558.0,Erwinia sp.,Duplodnaviria,Heunggongvirae,Uroviricota,Caudoviricetes,Caudoviricetes incertae sedis,Schitoviridae,Efbeekayvirus,unclassified Efbeekayvirus,dsDNA
                  Endlipuvirus,2948697,0.27,0.12,0.19,0.17,,0.25,0.26,0.2,0.25,0.33,,0.19,,0.27,0.22,,,,,,,,,,,
                Exceevirus,2948704,0.6,0.75,0.92,0.61,,0.99,0.67,0.32,0.48,0.45,0.27,0.22,1.96,0.33,0.68,470.0,Acinetobacter baumannii,Duplodnaviria,Heunggongvirae,Uroviricota,Caudoviricetes,Caudoviricetes incertae sedis,Schitoviridae,Exceevirus,Exceevirus Xc38,dsDNA
                  Fohxhuevirus,2948709,0.53,0.25,0.41,0.39,,0.22,,0.2,0.44,0.5,,0.39,0.15,0.59,0.37,,,,,,,,,,,
                  Hacihdavirus,2948736,0.11,,,,,,,,,,,,,,,,,,,,,,,,,
              Harrisonburgvirus,2948755,,,,,,,,,,,0.8,,,,,287.0,Pseudomonas aeruginosa,Duplodnaviria,Heunggongvirae,Uroviricota,Caudoviricetes,Caudoviricetes incertae sedis,Harrisonburgvirus,Harrisonburgvirus persinger,,dsDNA
                  Jahgtovirus,2948767,0.66,0.66,0.66,0.68,1.06,0.4,0.65,0.32,0.62,0.64,,0.79,0.42,0.42,0.59,371601.0,Bacteroides xylanisolvens,Duplodnaviria,Heunggongvirae,Uroviricota,Caudoviricetes,Crassvirales,Intestiviridae,Churivirinae,Jahgtovirus,dsDNA
                Jiangsuvirus,2948770,,,,,,,,,,,,,,,2.47,306.0,Pseudomonas sp.,Duplodnaviria,Heunggongvirae,Uroviricota,Caudoviricetes,Pantevenvirales,Straboviridae,Jiangsuvirus,Jiangsuvirus pspyzu05,dsDNA
                  Junduvirus,2948774,0.3,0.11,0.29,0.33,,0.2,0.34,,12.79,0.18,,0.39,0.18,0.32,0.18,818.0,Bacteroides thetaiotaomicron,Duplodnaviria,Heunggongvirae,Uroviricota,Caudoviricetes,Crassvirales,Crevaviridae,Coarsevirinae,Junduvirus,dsDNA
              Justusliebigvirus,2948775,,0.07,,,,,,,,,,,,,,197.0,Campylobacter jejuni,Duplodnaviria,Heunggongvirae,Uroviricota,Caudoviricetes,Caudoviricetes incertae sedis,Justusliebigvirus,unclassified Justusliebigvirus,,dsDNA
                  Kingevirus,2948785,1.23,0.72,1.27,1.6,,0.99,1.98,0.64,1.18,1.36,0.23,1.59,0.95,1.14,1.08,818.0,Bacteroides thetaiotaomicron,Duplodnaviria,Heunggongvirae,Uroviricota,Caudoviricetes,Crassvirales,Crevaviridae,Doltivirinae,Kingevirus,dsDNA
                  Kolpuevirus,2948787,0.17,0.21,0.22,0.25,,0.17,0.35,,0.44,0.31,,0.25,,0.19,,818.0,Bacteroides thetaiotaomicron,Duplodnaviria,Heunggongvirae,Uroviricota,Caudoviricetes,Crassvirales,Steigviridae,Asinivirinae,Kolpuevirus,dsDNA
              Kratiovirus,2948788,0.23,0.07,,,,,,,,,,,,,,246196.0,Mycolicibacterium smegmatis MC2 155,Duplodnaviria,Heunggongvirae,Uroviricota,Caudoviricetes,Caudoviricetes incertae sedis,Kratiovirus,Kratiovirus larva,,dsDNA
              Kunmingvirus,2948791,0.42,0.74,0.58,0.62,,1.0,0.5,,,,0.21,,,0.18,0.3,948519.0,Aeromonas rivipollensis,Duplodnaviria,Heunggongvirae,Uroviricota,Caudoviricetes,Caudoviricetes incertae sedis,Kunmingvirus,Kunmingvirus kv2D05,,dsDNA
                  Lebriduvirus,2948797,,0.06,,0.07,,,,,,,,,,,,,,,,,,,,,,
              Lilmcdreamyvirus,2948802,,,,,,,,,,,,,0.16,,,246196.0,Mycolicibacterium smegmatis MC2 155,Duplodnaviria,Heunggongvirae,Uroviricota,Caudoviricetes,Caudoviricetes incertae sedis,Lilmcdreamyvirus,Lilmcdreamyvirus lilmcdreamy,,dsDNA
                Lowelvirus,2948806,,,,,,,,,,,,0.28,,,,32051.0,Synechococcus sp. WH 7803,Duplodnaviria,Heunggongvirae,Uroviricota,Caudoviricetes,Pantevenvirales,Kyanoviridae,Lowelvirus,Lowelvirus tuscon4d,dsDNA
                  Mahlunavirus,2948812,,,,0.08,,,,,,,,,,,,,,,,,,,,,,
                  Pamirivirus,2948854,0.07,,,0.07,,,,,,,,,,,,,,,,,,,,,,
              Pharaohvirus,2948861,,,,,,,,,,,,,,0.13,,246196.0,Mycolicibacterium smegmatis MC2 155,Duplodnaviria,Heunggongvirae,Uroviricota,Caudoviricetes,Caudoviricetes incertae sedis,Pharaohvirus,Pharaohvirus pharaoh,,dsDNA
                    Tocinivirus,2948928,0.07,,,,,,,,,,,,,,,,,,,,,,,,,
                Triduovirus,2948933,0.51,1.17,0.87,0.47,,0.96,0.67,0.62,,0.64,,,0.63,0.59,,211968.0,Salmonella enterica subsp. enterica serovar Albany,Duplodnaviria,Heunggongvirae,Uroviricota,Caudoviricetes,Caudoviricetes incertae sedis,Schitoviridae,Triduovirus,Triduovirus Tr2,dsDNA
                  Wotdevirus,2948953,0.09,,,,,,,,,,,,,,,1.0,root,Duplodnaviria,Heunggongvirae,Uroviricota,Caudoviricetes,Crassvirales,Intestiviridae,Obtuvirinae,Wotdevirus,dsDNA
              Incheonvirus,2976977,,0.06,,,,,,,,,,,,,,52959.0,Polaribacter,Duplodnaviria,Heunggongvirae,Uroviricota,Caudoviricetes,Caudoviricetes incertae sedis,Incheonvirus,Incheonvirus P12002L,,dsDNA
                  Acanvirus,3044653,0.11,,,,,,,,,,,,,,,29449.0,Rhizobium etli,Duplodnaviria,Heunggongvirae,Uroviricota,Caudoviricetes,Caudoviricetes incertae sedis,Schitoviridae,Demetervirinae,Acanvirus,dsDNA
              Carvajevirus,3044683,,,,,,,,0.5,,,,,,,,573.0,Klebsiella pneumoniae,Duplodnaviria,Heunggongvirae,Uroviricota,Caudoviricetes,Caudoviricetes incertae sedis,Carvajevirus,Carvajevirus carvaje,,dsDNA
              Clawzvirus,3044689,0.08,,,,,,,,0.21,,,,,,,36822.0,Gordonia rubripertincta,Duplodnaviria,Heunggongvirae,Uroviricota,Caudoviricetes,Caudoviricetes incertae sedis,Clawzvirus,Clawzvirus clawz,,dsDNA
              Cobrasixvirus,3044690,0.23,0.47,0.49,0.35,,0.34,0.37,0.65,0.2,0.31,0.21,0.4,0.3,0.13,,550.0,Enterobacter cloacae,Duplodnaviria,Heunggongvirae,Uroviricota,Caudoviricetes,Caudoviricetes incertae sedis,Cobrasixvirus,Cobrasixvirus cobrasix,,dsDNA
                Ferozepurvirus,3044715,0.11,0.12,,,,0.67,,,,,,,,,,648.0,Aeromonas caviae,Duplodnaviria,Heunggongvirae,Uroviricota,Caudoviricetes,Caudoviricetes incertae sedis,Chimalliviridae,Ferozepurvirus,unclassified Ferozepurvirus,dsDNA
              Hiroshimavirus,3044731,0.14,,0.08,0.11,,,,,,,0.15,,0.35,,,70775.0,Pseudomonas plecoglossicida,Duplodnaviria,Heunggongvirae,Uroviricota,Caudoviricetes,Caudoviricetes incertae sedis,Hiroshimavirus,Hiroshimavirus PPpW3,,dsDNA
              Ittyvirus,3044742,,0.14,0.2,0.13,,0.2,0.2,,,,0.63,,,,,287.0,Pseudomonas aeruginosa,Duplodnaviria,Heunggongvirae,Uroviricota,Caudoviricetes,Caudoviricetes incertae sedis,Ittyvirus,Ittyvirus itty13,,dsDNA
                Kratosvirus,3044747,,0.2,,,,,,,0.23,,,,,,,44056.0,Aureococcus anophagefferens,Varidnaviria,Bamfordvirae,Nucleocytoviricota,Megaviricetes,Imitervirales,Schizomimiviridae,Kratosvirus,Kratosvirus quantuckense,
                Ludhianavirus,3044751,,,,,,,,,,,,,,,0.22,644.0,Aeromonas hydrophila,Duplodnaviria,Heunggongvirae,Uroviricota,Caudoviricetes,Caudoviricetes incertae sedis,Chimalliviridae,Ludhianavirus,Ludhianavirus D3,dsDNA
                Miamivirus,3044763,0.28,0.17,,0.15,,0.26,0.2,,,,0.38,,,0.12,,573.0,Klebsiella pneumoniae,Duplodnaviria,Heunggongvirae,Uroviricota,Caudoviricetes,Caudoviricetes incertae sedis,Chimalliviridae,Miamivirus,Miamivirus miami,dsDNA
                Miltoncavirus,3044765,,,,,,,,,,,,,,,0.26,287.0,Pseudomonas aeruginosa,Duplodnaviria,Heunggongvirae,Uroviricota,Caudoviricetes,Caudoviricetes incertae sedis,Chimalliviridae,Miltoncavirus,Miltoncavirus PhiPA3,dsDNA
                Moazamivirus,3044766,,0.1,0.37,,,3.28,,,,,,,,,,108619.0,Salmonella enterica subsp. enterica serovar Newport,Duplodnaviria,Heunggongvirae,Uroviricota,Caudoviricetes,Caudoviricetes incertae sedis,Grimontviridae,Moazamivirus,Moazamivirus 711,dsDNA
                  Moovirus,3044769,0.43,0.37,0.32,0.14,,0.72,0.22,0.92,,0.19,,,,0.2,,623.0,Shigella flexneri,Duplodnaviria,Heunggongvirae,Uroviricota,Caudoviricetes,Caudoviricetes incertae sedis,Schitoviridae,Enquatrovirinae,Moovirus,dsDNA
              Pavtokvirus,3044786,0.18,0.29,0.33,0.34,,0.48,0.34,,,,1.22,,,0.13,0.31,552.0,Erwinia amylovora,Duplodnaviria,Heunggongvirae,Uroviricota,Caudoviricetes,Caudoviricetes incertae sedis,Pavtokvirus,Pavtokvirus pavtok,,dsDNA
                Pawinskivirus,3044787,,,,,,,,,,,,,,0.14,0.48,287.0,Pseudomonas aeruginosa,Duplodnaviria,Heunggongvirae,Uroviricota,Caudoviricetes,Caudoviricetes incertae sedis,Chimalliviridae,Pawinskivirus,unclassified Pawinskivirus,dsDNA
                Phabiovirus,3044790,,,,,,,,,,,,,0.42,0.66,0.92,294.0,Pseudomonas fluorescens,Duplodnaviria,Heunggongvirae,Uroviricota,Caudoviricetes,Caudoviricetes incertae sedis,Chimalliviridae,Phabiovirus,Phabiovirus phabio,dsDNA
              Piorkowskivirus,3044792,0.11,,,0.13,,,,,,,,,,,,1308.0,Streptococcus thermophilus,Duplodnaviria,Heunggongvirae,Uroviricota,Caudoviricetes,Caudoviricetes incertae sedis,Piorkowskivirus,Piorkowskivirus pv9871,,dsDNA
                Piscesmortuivirus,3044793,,,,,,0.15,,,,,,,,,,382245.0,Aeromonas salmonicida subsp. salmonicida A449,Duplodnaviria,Heunggongvirae,Uroviricota,Caudoviricetes,Caudoviricetes incertae sedis,Peduoviridae,Piscesmortuivirus,Piscesmortuivirus LPM4,dsDNA
                Puahadnavirus,3044797,,,,,,,,,,1.49,,,,,,1.0,root,Monodnaviria,Shotokuvirae,Cressdnaviricota,Arfiviricetes,Baphyvirales,Bacilladnaviridae,Puahadnavirus,Puahadnavirus inbhir,
              Purivirus,3044798,,,,,,,,,,,,0.37,0.11,,0.26,294.0,Pseudomonas fluorescens,Duplodnaviria,Heunggongvirae,Uroviricota,Caudoviricetes,Caudoviricetes incertae sedis,Purivirus,Purivirus UFJFPfDIW6,,dsDNA
              Quivirus,3044799,0.09,,,,,,,,,,,,,,,1665.0,Arthrobacter globiformis,Duplodnaviria,Heunggongvirae,Uroviricota,Caudoviricetes,Caudoviricetes incertae sedis,Quivirus,Quivirus qui,,dsDNA
                Serwervirus,3044821,,,,,,,,,,,,,,0.12,2.99,587753.0,Pseudomonas chlororaphis,Duplodnaviria,Heunggongvirae,Uroviricota,Caudoviricetes,Caudoviricetes incertae sedis,Chimalliviridae,Serwervirus,Serwervirus 201phi21,dsDNA
                  Shantouvirus,3044823,,,,,,,,,,,0.25,,,,,,,,,,,,,,,
              Skulduggeryvirus,3044832,,,,,,,,,,,0.16,,0.37,,,294.0,Pseudomonas fluorescens,Duplodnaviria,Heunggongvirae,Uroviricota,Caudoviricetes,Caudoviricetes incertae sedis,Skulduggeryvirus,Skulduggeryvirus skulduggery,,dsDNA
                Suseptimavirus,3044836,0.07,0.14,0.13,0.11,,0.17,0.26,,,,,,,,,,,,,,,,,,,
                Tepukevirus,3044840,,,,,,,,,,,,,,0.15,,287.0,Pseudomonas aeruginosa,Duplodnaviria,Heunggongvirae,Uroviricota,Caudoviricetes,Caudoviricetes incertae sedis,Chimalliviridae,Tepukevirus,Tepukevirus Psa21,dsDNA
                Xoxocotlavirus,3044858,,,,0.07,,,,,,,,,,,,194963.0,Sinorhizobium americanum,Duplodnaviria,Heunggongvirae,Uroviricota,Caudoviricetes,Caudoviricetes incertae sedis,Schitoviridae,Xoxocotlavirus,Xoxocotlavirus X228B,dsDNA
              Zhangjivirus,3044867,0.07,,,,,,,,,,,,,,,1204342.0,Bacillus subtilis BEST7003,Duplodnaviria,Heunggongvirae,Uroviricota,Caudoviricetes,Caudoviricetes incertae sedis,Zhangjivirus,Zhangjivirus fado,,dsDNA
                  Moumouvirus,3080801,0.11,0.08,,0.13,,,,,,,,,,,,,,,,,,,,,,
              Medeavirus,3152510,,,,,,,,,,,0.24,,0.22,,,323.0,Pseudomonas syringae pv. tomato,Duplodnaviria,Heunggongvirae,Uroviricota,Caudoviricetes,Caudoviricetes incertae sedis,Medeavirus,Medeavirus medea1,,dsDNA
                  Cinvestavvirus,3152598,0.11,0.13,0.17,0.09,,0.32,,,,,,,,,0.31,,,,,,,,,,,
              Bugaksanvirus,3152615,,,,,,,,,,,0.24,,0.43,,,287.0,Pseudomonas aeruginosa,Duplodnaviria,Heunggongvirae,Uroviricota,Caudoviricetes,Caudoviricetes incertae sedis,Bugaksanvirus,Bugaksanvirus R656,,dsDNA
              Pumpernickelvirus,3152625,,,,,,,,,,,,,0.36,,,199592.0,Microbacterium paraoxydans,Duplodnaviria,Heunggongvirae,Uroviricota,Caudoviricetes,Caudoviricetes incertae sedis,Pumpernickelvirus,Pumpernickelvirus pumpernickel,,dsDNA
              Readingvirus,3152626,,,,,,,,,,,0.39,1.05,0.45,,,286.0,Pseudomonas,Duplodnaviria,Heunggongvirae,Uroviricota,Caudoviricetes,Caudoviricetes incertae sedis,Readingvirus,Readingvirus MR15,,dsDNA
                  Commandariavirus,3152691,,,,,,,,,,,,0.32,,,,,,,,,,,,,,
                  Dilongvirus,3152896,,,,,,,,,,,,,0.3,,,,,,,,,,,,,
                  Kremarvirus,3152897,,,,,,,,,,,0.4,,1.15,,,323.0,Pseudomonas syringae pv. tomato,Duplodnaviria,Heunggongvirae,Uroviricota,Caudoviricetes,Caudoviricetes incertae sedis,Vandenendeviridae,Gorskivirinae,Kremarvirus,dsDNA
                  Shenlongvirus,3152898,,,,,,,,,,,,,0.33,,,294.0,Pseudomonas fluorescens,Duplodnaviria,Heunggongvirae,Uroviricota,Caudoviricetes,Caudoviricetes incertae sedis,Vandenendeviridae,Gorskivirinae,Shenlongvirus,dsDNA
              Bimevirus,3152907,,0.11,,0.2,,,0.28,,,,,,,,,573.0,Klebsiella pneumoniae,Duplodnaviria,Heunggongvirae,Uroviricota,Caudoviricetes,Caudoviricetes incertae sedis,Bimevirus,Bimevirus bv1611EK21,,dsDNA
              Chaoyangvirus,3152908,,,,0.11,,,,,,,,,,,,573.0,Klebsiella pneumoniae,Duplodnaviria,Heunggongvirae,Uroviricota,Caudoviricetes,Caudoviricetes incertae sedis,Chaoyangvirus,Chaoyangvirus BUCT49532,,dsDNA
              Geezettvirus,3152909,,0.09,,0.12,,,,,,,,,,,,573.0,Klebsiella pneumoniae,Duplodnaviria,Heunggongvirae,Uroviricota,Caudoviricetes,Caudoviricetes incertae sedis,Geezettvirus,Geezettvirus geezett,,dsDNA
              Mascletvirus,3152910,,,,0.09,,,,,,,,,,,,573.0,Klebsiella pneumoniae,Duplodnaviria,Heunggongvirae,Uroviricota,Caudoviricetes,Caudoviricetes incertae sedis,Mascletvirus,Mascletvirus VLCpiM12a,,dsDNA
              Sircambvirus,3152913,,0.17,0.1,0.21,,,,,,,,,,,,573.0,Klebsiella pneumoniae,Duplodnaviria,Heunggongvirae,Uroviricota,Caudoviricetes,Caudoviricetes incertae sedis,Sircambvirus,Sircambvirus MEW1,,dsDNA
              Zewailvirus,3152914,,0.11,,0.15,,,,,,,,,,,,1884818.0,Escherichia sp.,Duplodnaviria,Heunggongvirae,Uroviricota,Caudoviricetes,Caudoviricetes incertae sedis,Zewailvirus,Zewailvirus ZCEC13,,dsDNA
              Hafyongvirus,3152967,,0.11,,,,,,,,,,,,,,546367.0,Hafnia paralvei,Duplodnaviria,Heunggongvirae,Uroviricota,Caudoviricetes,Caudoviricetes incertae sedis,Hafyongvirus,Hafyongvirus yong1,,dsDNA
              Haihevirus,3152968,,0.12,,,,,,,,0.23,,,0.17,,,287.0,Pseudomonas aeruginosa,Duplodnaviria,Heunggongvirae,Uroviricota,Caudoviricetes,Caudoviricetes incertae sedis,Haihevirus,Haihevirus PP9W2,,dsDNA
              Miecznikowavirus,3152971,,,,0.07,,,,,,,0.3,0.41,0.54,,0.9,2597349.0,Pseudomonas sp. ANT_H14,Duplodnaviria,Heunggongvirae,Uroviricota,Caudoviricetes,Caudoviricetes incertae sedis,Miecznikowavirus,Miecznikowavirus AH14a,,dsDNA
                Otakuvirus,3152972,,0.07,,,,0.32,,,,,,,,,,615.0,Serratia marcescens,Duplodnaviria,Heunggongvirae,Uroviricota,Caudoviricetes,Caudoviricetes incertae sedis,Sarkviridae,Otakuvirus,Otakuvirus Tsm2,dsDNA
                Seretavirus,3152998,,0.08,0.11,,,0.15,,,,,,,,,,615.0,Serratia marcescens,Duplodnaviria,Heunggongvirae,Uroviricota,Caudoviricetes,Caudoviricetes incertae sedis,Sarkviridae,Seretavirus,Seretavirus eta,dsDNA
                  Longwangvirus,3153014,1.88,3.45,2.81,2.08,,4.14,2.52,0.57,0.47,0.33,31.33,0.69,0.29,2.55,0.99,654.0,Aeromonas veronii,Duplodnaviria,Heunggongvirae,Uroviricota,Caudoviricetes,Caudoviricetes incertae sedis,Chaseviridae,Nefertitivirinae,Longwangvirus,dsDNA
                  Phayathaivirus,3153015,0.09,0.15,0.09,0.09,,0.22,,,,,1.23,,,0.16,,,,,,,,,,,,
              Micathvirus,3153077,,,,,,,,,,,,,0.18,,,1215087.0,Pseudomonas putida S12,Duplodnaviria,Heunggongvirae,Uroviricota,Caudoviricetes,Caudoviricetes incertae sedis,Micathvirus,Micathvirus micath,,dsDNA
              Shangdongvirus,3153078,,,,,,,,,,,0.22,,,,,40324.0,Stenotrophomonas maltophilia,Duplodnaviria,Heunggongvirae,Uroviricota,Caudoviricetes,Caudoviricetes incertae sedis,Shangdongvirus,Shangdongvirus ply2008005c,,dsDNA
              Torvergatavirus,3153079,0.1,0.1,,0.07,,,0.22,,,,,,,,,1888892.0,Sphingomonas turrisvirgatae,Duplodnaviria,Heunggongvirae,Uroviricota,Caudoviricetes,Caudoviricetes incertae sedis,Torvergatavirus,Torvergatavirus MMDA13,,dsDNA
              Shockervirus,3153082,0.07,0.58,0.29,0.28,,0.2,0.4,,,,,0.19,,,0.35,199592.0,Microbacterium paraoxydans,Duplodnaviria,Heunggongvirae,Uroviricota,Caudoviricetes,Caudoviricetes incertae sedis,Shockervirus,Shockervirus shocker,,dsDNA
                Hodnevirus,3153200,,0.08,,,,,,,,0.19,,,,,,1.0,root,Riboviria,Orthornavirae,Lenarviricota,Leviviricetes,Timlovirales,Steitzviridae,unclassified Steitzviridae,Hodnevirus,+ssRNA
              Adrianbuildvirus,3424927,0.15,,,,,,,,,,,,,,,1313.0,Streptococcus pneumoniae,Duplodnaviria,Heunggongvirae,Uroviricota,Caudoviricetes,Caudoviricetes incertae sedis,Adrianbuildvirus,Adrianbuildvirus IPP41,,dsDNA
                  Ebriosvirus,3424957,0.73,0.07,,0.47,,,,,,,,,,,,498388.0,Escherichia coli C,Duplodnaviria,Heunggongvirae,Uroviricota,Caudoviricetes,Autographivirales,Autotranscriptaviridae,Studiervirinae,Ebriosvirus,dsDNA
                  Hennigervirus,3424959,,,,,,,,,,,,2.8,6.93,0.11,,,,,,,,,,,,
                  Pfluvirus,3424962,,,,,,,,,,,,,,0.39,0.44,294.0,Pseudomonas fluorescens,Duplodnaviria,Heunggongvirae,Uroviricota,Caudoviricetes,Autographivirales,Autotranscriptaviridae,Studiervirinae,Pfluvirus,dsDNA
                  Risoevirus,3424972,,,,,,,,0.58,,2.84,,,,,0.22,552.0,Erwinia amylovora,Duplodnaviria,Heunggongvirae,Uroviricota,Caudoviricetes,Pantevenvirales,Straboviridae,Tevenvirinae,Risoevirus,dsDNA
