name,taxid,ERR14789353,ERR14789354,ERR14789355,ERR14789356,ERR14789357,ERR14789358,ERR14789359,ERR14789360,ERR14789361,ERR14789362,ERR14789363,ERR14789364,ERR14789365,ERR14789366,ERR14789367,host tax id,host name,realm,kingdom,phylum,class,order,family,genus,species,baltimore_class
                  Mastadenovirus,10509,0.05,0.25,,0.47,,,0.1,,0.85,,0.09,,,,,9555.0,Papio anubis,Varidnaviria,Bamfordvirae,Preplasmiviricota,Polisuviricotina,Pharingeaviricetes,Rowavirales,Adenoviridae,Mastadenovirus,
                  Dependoparvovirus,10803,,0.21,,,,,0.08,0.12,,,,,,,,8855.0,Cairina moschata,Monodnaviria,Shotokuvirae,Cossaviricota,Quintoviricetes,Piccovirales,Parvoviridae,Parvovirinae,Dependoparvovirus,
                Sobemovirus,12137,,,,,,,,,,,,0.18,,,,35608.0,Artemisia annua,Riboviria,Orthornavirae,Pisuviricota,Pisoniviricetes,Sobelivirales,Solemoviridae,Sobemovirus,Sobemovirus ARTVA,
                  Tombusvirus,12141,0.03,0.16,,,,,0.13,0.16,,,,,,,,,,,,,,,,,,
                Tymovirus,12148,,0.18,,,,,,0.09,,,,,,,,3864.0,Lens culinaris,Riboviria,Orthornavirae,Kitrinoviricota,Alsuviricetes,Tymovirales,Tymoviridae,Tymovirus,Tymovirus anagyris,+ssRNA
                  Carlavirus,12163,0.15,0.07,,0.27,,0.06,,,,0.2,0.11,,,,0.12,85363.0,Aconitum carmichaelii,Riboviria,Orthornavirae,Kitrinoviricota,Alsuviricetes,Tymovirales,Betaflexiviridae,Quinvirinae,Carlavirus,+ssRNA
                Potexvirus,12176,0.53,0.05,,,,,,,,,,,,,,4686.0,Asparagus officinalis,Riboviria,Orthornavirae,Kitrinoviricota,Alsuviricetes,Tymovirales,Alphaflexiviridae,Potexvirus,Potexvirus triasparagi,+ssRNA
                Tobamovirus,12234,82.89,67.23,57.82,38.11,70.45,74.32,76.61,84.28,28.52,43.8,38.41,71.39,46.9,82.43,54.64,4071.0,Capsicum,Riboviria,Orthornavirae,Kitrinoviricota,Alsuviricetes,Martellivirales,Virgaviridae,Tobamovirus,Tobamovirus maculacapsici,+ssRNA
                  Comovirus,12258,0.07,,,,,,0.09,0.08,,,,,,,0.11,4113.0,Solanum tuberosum,Riboviria,Orthornavirae,Pisuviricota,Pisoniviricetes,Picornavirales,Secoviridae,Comovirinae,Comovirus,
                  Nepovirus,12270,0.08,,0.39,,,,,,,,,0.2,0.48,,,4100.0,Nicotiana benthamiana,Riboviria,Orthornavirae,Pisuviricota,Pisoniviricetes,Picornavirales,Secoviridae,Comovirinae,Nepovirus,
                Sapovirus,95341,0.06,,,,,,,,,,,,,,,1.0,root,Riboviria,Orthornavirae,Pisuviricota,Pisoniviricetes,Picornavirales,Caliciviridae,Sapovirus,unclassified Sapovirus,
                Alphanodavirus,143920,0.09,0.24,0.83,,0.19,0.09,,0.14,,0.73,,,0.22,0.1,0.21,295550.0,Heteronychus arator,Riboviria,Orthornavirae,Kitrinoviricota,Magsaviricetes,Nodamuvirales,Nodaviridae,Alphanodavirus,Alphanodavirus heteronychi,+ssRNA
                Chlorovirus,181083,,,,,,0.05,,,,,,,,,,554066.0,Chlorella heliozoae,Varidnaviria,Bamfordvirae,Nucleocytoviricota,Megaviricetes,Algavirales,Phycodnaviridae,Chlorovirus,Chlorovirus heliozoae,
              Ceduovirus,186532,,0.09,,,,,,,,0.35,0.1,,,,0.11,1359.0,Lactococcus cremoris,Duplodnaviria,Heunggongvirae,Uroviricota,Caudoviricetes,Caudoviricetes incertae sedis,Ceduovirus,unclassified Ceduovirus,,dsDNA
              Fromanvirus,186764,0.03,0.07,,0.26,0.18,0.14,0.12,0.06,0.54,,0.12,,,,,1763.0,Mycobacterium,Duplodnaviria,Heunggongvirae,Uroviricota,Caudoviricetes,Caudoviricetes incertae sedis,Fromanvirus,,,dsDNA
              Punavirus,186789,0.05,,,,,,,,,,,,,,,561.0,Escherichia,Duplodnaviria,Heunggongvirae,Uroviricota,Caudoviricetes,Caudoviricetes incertae sedis,Punavirus,Punavirus P1,,dsDNA
              Lederbergvirus,186794,0.18,,,,,,,,,,,,,,,439184.0,Escherichia coli RS218,Duplodnaviria,Heunggongvirae,Uroviricota,Caudoviricetes,Caudoviricetes incertae sedis,Lederbergvirus,unclassified Lederbergvirus,,dsDNA
                Mamastrovirus,249588,0.13,,,,,,,,,0.44,0.43,0.45,,,,9606.0,Homo sapiens,Riboviria,Orthornavirae,Pisuviricota,Stelpaviricetes,Stellavirales,Astroviridae,Mamastrovirus,Mamastrovirus melbournense,
                  Mimivirus,315393,,,0.27,,,,,,,0.16,,,,,,5755.0,Acanthamoeba castellanii,Varidnaviria,Bamfordvirae,Nucleocytoviricota,Megaviricetes,Imitervirales,Mimiviridae,Megamimivirinae,Mimivirus,
              Rauchvirus,542959,0.03,0.35,0.39,1.82,6.58,2.67,2.06,0.74,4.89,3.44,0.47,0.29,0.38,3.02,1.87,518.0,Bordetella bronchiseptica,Duplodnaviria,Heunggongvirae,Uroviricota,Caudoviricetes,Caudoviricetes incertae sedis,Rauchvirus,Rauchvirus BPP1,,dsDNA
              Uetakevirus,542960,0.06,0.13,,,,0.05,0.11,,,,0.15,,,,,550.0,Enterobacter cloacae,Duplodnaviria,Heunggongvirae,Uroviricota,Caudoviricetes,Caudoviricetes incertae sedis,Uetakevirus,unclassified Uetakevirus,,dsDNA
            Alphabaculovirus,558016,0.05,0.05,,,,0.05,,,,,,,0.19,,0.14,,,,,,,,,,,
                  Felixounavirus,1198140,0.03,,,,,,,,,,,,,,,991919.0,Escherichia coli O145:NM,Duplodnaviria,Heunggongvirae,Uroviricota,Caudoviricetes,Caudoviricetes incertae sedis,Andersonviridae,Ounavirinae,Felixounavirus,dsDNA
            Muscavirus,1285593,,,,,,,,,,,,,,,0.19,,,,,,,,,,,
                  Alphanecrovirus,1299309,,0.18,,,,,,,,,0.08,,,,,,,,,,,,,,,
                  Yuavirus,1299429,,,0.74,,0.25,0.09,,,,,,,0.72,0.09,0.8,208964.0,Pseudomonas aeruginosa PAO1,Duplodnaviria,Heunggongvirae,Uroviricota,Caudoviricetes,Caudoviricetes incertae sedis,Mesyanzhinovviridae,Rabinowitzvirinae,Yuavirus,dsDNA
            Alphanudivirus,1511853,,,,,0.15,0.13,0.19,,0.46,0.28,0.16,,,0.31,0.2,,,,,,,,,,,
                  Marseillevirus,1513458,,,,,,0.06,,,,0.24,,,,,,5755.0,Acanthamoeba castellanii,Varidnaviria,Bamfordvirae,Nucleocytoviricota,Megaviricetes,Pimascovirales,Pimascovirales incertae sedis,Marseilleviridae,Marseillevirus,
                Gemycircularvirus,1542744,0.04,,0.21,,,,,0.09,,1.82,,0.86,,,,9852.0,Alces alces,Monodnaviria,Shotokuvirae,Cressdnaviricota,Repensiviricetes,Geplafuvirales,Genomoviridae,Gemycircularvirus,Gemycircularvirus lepam1,
              Charlievirus,1623280,,,0.23,,,,,,,,,,0.25,,,246196.0,Mycolicibacterium smegmatis MC2 155,Duplodnaviria,Heunggongvirae,Uroviricota,Caudoviricetes,Caudoviricetes incertae sedis,Charlievirus,Charlievirus Aggie,,dsDNA
              Cheoctovirus,1623281,,,0.79,,,,,,,,,0.77,,,0.52,1763.0,Mycobacterium,Duplodnaviria,Heunggongvirae,Uroviricota,Caudoviricetes,Caudoviricetes incertae sedis,Cheoctovirus,unclassified Cheoctovirus,,dsDNA
              Detrevirus,1623287,,,,,,0.32,0.22,0.16,,0.87,0.37,,,0.48,,287.0,Pseudomonas aeruginosa,Duplodnaviria,Heunggongvirae,Uroviricota,Caudoviricetes,Caudoviricetes incertae sedis,Detrevirus,Detrevirus D3,,dsDNA
              Dhillonvirus,1623289,,0.06,,,0.16,0.09,,,,,,,,0.1,0.11,470.0,Acinetobacter baumannii,Duplodnaviria,Heunggongvirae,Uroviricota,Caudoviricetes,Caudoviricetes incertae sedis,Dhillonvirus,unclassified Dhillonvirus,,dsDNA
              Pegunavirus,1623295,,,,,0.29,,,,,,,,,,,246196.0,Mycolicibacterium smegmatis MC2 155,Duplodnaviria,Heunggongvirae,Uroviricota,Caudoviricetes,Caudoviricetes incertae sedis,Pegunavirus,Pegunavirus suffolk,,dsDNA
              Stanholtvirus,1623297,,,,,0.43,0.32,0.2,0.09,0.42,,,,,0.19,0.12,292.0,Burkholderia cepacia,Duplodnaviria,Heunggongvirae,Uroviricota,Caudoviricetes,Caudoviricetes incertae sedis,Stanholtvirus,unclassified Stanholtvirus,,dsDNA
              Skunavirus,1623305,0.06,,,,,,,,,,,,,,0.16,1358.0,Lactococcus lactis,Duplodnaviria,Heunggongvirae,Uroviricota,Caudoviricetes,Caudoviricetes incertae sedis,Skunavirus,unclassified Skunavirus,,dsDNA
              Lessievirus,1720323,,0.16,0.31,0.31,0.29,0.16,0.19,0.14,0.58,,0.08,,0.26,0.15,0.22,32008.0,Burkholderia,Duplodnaviria,Heunggongvirae,Uroviricota,Caudoviricetes,Caudoviricetes incertae sedis,Lessievirus,Lessievirus bcep22,,dsDNA
              Hollowayvirus,1720324,0.11,0.4,1.3,0.25,0.39,0.1,0.19,0.07,,0.28,0.26,,1.49,0.25,0.3,287.0,Pseudomonas aeruginosa,Duplodnaviria,Heunggongvirae,Uroviricota,Caudoviricetes,Caudoviricetes incertae sedis,Hollowayvirus,unclassified Hollowayvirus,,dsDNA
                  Sicinivirus,1755587,0.06,,,,,,,,,,,,,,,8782.0,Aves,Riboviria,Orthornavirae,Pisuviricota,Pisoniviricetes,Picornavirales,Picornaviridae,Kodimesavirinae,Sicinivirus,
                  Alphatrevirus,1910951,0.05,0.08,,0.29,,,,,,0.18,0.16,,0.21,,,561.0,Escherichia,Monodnaviria,Sangervirae,Phixviricota,Malgrandaviricetes,Petitvirales,Microviridae,Bullavirinae,Alphatrevirus,
                  Gequatrovirus,1910952,,0.13,0.19,,0.16,0.13,0.12,0.11,,,,,0.17,0.09,,562.0,Escherichia coli,Monodnaviria,Sangervirae,Phixviricota,Malgrandaviricetes,Petitvirales,Microviridae,Bullavirinae,Gequatrovirus,
                  Jerseyvirus,1910991,0.05,,,,,,,,,,,,,,,511145.0,Escherichia coli str. K-12 substr. MG1655,Duplodnaviria,Heunggongvirae,Uroviricota,Caudoviricetes,Caudoviricetes incertae sedis,Sarkviridae,Guernseyvirinae,Jerseyvirus,dsDNA
                  Kagunavirus,1910992,0.18,0.28,0.5,0.44,0.34,0.28,0.19,0.4,0.92,0.13,0.11,0.22,0.21,0.22,0.44,562.0,Escherichia coli,Duplodnaviria,Heunggongvirae,Uroviricota,Caudoviricetes,Caudoviricetes incertae sedis,Sarkviridae,Guernseyvirinae,Kagunavirus,dsDNA
                  Cornellvirus,1910993,0.21,,,,,,,,,,,,,,,340188.0,Salmonella enterica subsp. enterica serovar Cerro,Duplodnaviria,Heunggongvirae,Uroviricota,Caudoviricetes,Caudoviricetes incertae sedis,Sarkviridae,Guernseyvirinae,Cornellvirus,dsDNA
                  Alphacarmovirus,1911599,0.16,,,0.31,,,,,,0.13,0.08,0.29,,0.09,0.12,,,,,,,,,,,
                  Gammacarmovirus,1911601,0.87,0.24,0.56,1.29,,1.3,0.27,0.71,1.19,0.3,0.26,1.45,,0.32,0.94,,,,,,,,,,,
              Certrevirus,1914850,,,,,,,,,,,,,0.24,,,28141.0,Cronobacter sakazakii,Duplodnaviria,Heunggongvirae,Uroviricota,Caudoviricetes,Caudoviricetes incertae sedis,Certrevirus,Certrevirus CR3,,dsDNA
              Seunavirus,1914851,0.03,,,,,,,,,,,,,,,28141.0,Cronobacter sakazakii,Duplodnaviria,Heunggongvirae,Uroviricota,Caudoviricetes,Caudoviricetes incertae sedis,Seunavirus,unclassified Seunavirus,,dsDNA
              Vequintavirus,1914852,,0.12,0.25,0.44,,,0.08,,0.62,,0.19,,0.33,0.09,0.22,197.0,Campylobacter jejuni,Duplodnaviria,Heunggongvirae,Uroviricota,Caudoviricetes,Caudoviricetes incertae sedis,Vequintavirus,Vequintavirus PDX,Vequintavirus FFH2,dsDNA
              Mapvirus,1920750,,,,,0.18,0.26,0.18,0.06,,,,,,0.11,,1770.0,Mycobacterium avium subsp. paratuberculosis,Duplodnaviria,Heunggongvirae,Uroviricota,Caudoviricetes,Caudoviricetes incertae sedis,Mapvirus,Mapvirus Ff47,,dsDNA
                  Gamaleyavirus,1920753,0.05,0.18,0.39,0.62,,0.09,,0.08,0.62,0.2,0.34,0.31,0.31,,0.14,1884818.0,Escherichia sp.,Duplodnaviria,Heunggongvirae,Uroviricota,Caudoviricetes,Caudoviricetes incertae sedis,Schitoviridae,Enquatrovirinae,Gamaleyavirus,dsDNA
                  Litunavirus,1920762,,0.06,,,,,,,,,0.13,,,,,208964.0,Pseudomonas aeruginosa PAO1,Duplodnaviria,Heunggongvirae,Uroviricota,Caudoviricetes,Caudoviricetes incertae sedis,Schitoviridae,Migulavirinae,Litunavirus,dsDNA
                  Drulisvirus,1920774,0.28,0.2,0.35,0.33,,0.11,0.23,0.17,0.73,0.21,,,0.41,0.16,0.43,470.0,Acinetobacter baumannii,Duplodnaviria,Heunggongvirae,Uroviricota,Caudoviricetes,Autographivirales,Autoscriptoviridae,Slopekvirinae,Drulisvirus,dsDNA
                Webervirus,1920860,0.11,,,,,,,,,,,,,,,548.0,Klebsiella aerogenes,Duplodnaviria,Heunggongvirae,Uroviricota,Caudoviricetes,Caudoviricetes incertae sedis,Drexlerviridae,Webervirus,Webervirus F20,dsDNA
              Nonagvirus,1921117,,0.05,,,,,,,,,,,,,0.12,562.0,Escherichia coli,Duplodnaviria,Heunggongvirae,Uroviricota,Caudoviricetes,Caudoviricetes incertae sedis,Nonagvirus,Nonagvirus nv9g,,dsDNA
                  Pakpunavirus,1921407,,,,,,,,,,0.42,,,,,,3374103.0,Limnohabitans sp. DCL3,Duplodnaviria,Heunggongvirae,Uroviricota,Caudoviricetes,Caudoviricetes incertae sedis,Vandenendeviridae,Skurskavirinae,Pakpunavirus,dsDNA
              Septimatrevirus,1921544,0.1,0.12,0.21,0.22,,0.07,0.13,0.12,,,,,,,0.23,287.0,Pseudomonas aeruginosa,Duplodnaviria,Heunggongvirae,Uroviricota,Caudoviricetes,Caudoviricetes incertae sedis,Septimatrevirus,Septimatrevirus C1,Septimatrevirus sv73,dsDNA
                  Wphvirus,1922327,,,,,,,,,,0.13,,,,,,29339.0,Bacillus thuringiensis serovar kurstaki,Duplodnaviria,Heunggongvirae,Uroviricota,Caudoviricetes,Caudoviricetes incertae sedis,Herelleviridae,Bastillevirinae,Wphvirus,dsDNA
                Gemykibivirus,1941236,0.11,0.09,0.81,,,0.14,,0.14,,,,2.62,0.34,,0.35,9662.0,Meles meles,Monodnaviria,Shotokuvirae,Cressdnaviricota,Repensiviricetes,Geplafuvirales,Genomoviridae,Gemykibivirus,Gemykibivirus badas1,
                  Orthonairovirus,1980517,,,,,,,,,,,0.13,,0.17,,,44320.0,Argas hermanni,Riboviria,Orthornavirae,Negarnaviricota,Polyploviricotina,Bunyaviricetes,Hareavirales,Nairoviridae,Orthonairovirus,-ssRNA
              Yokohamavirus,1980938,,,,,,0.08,,,,,,,,,,636.0,Edwardsiella tarda,Duplodnaviria,Heunggongvirae,Uroviricota,Caudoviricetes,Caudoviricetes incertae sedis,Yokohamavirus,Yokohamavirus MSW3,,dsDNA
              Mudcatvirus,1982088,0.03,,,,,,,,,,,,,,,1771959.0,[Arthrobacter] sp. ATCC 21022,Duplodnaviria,Heunggongvirae,Uroviricota,Caudoviricetes,Caudoviricetes incertae sedis,Mudcatvirus,Mudcatvirus arcadia,,dsDNA
              Nipunavirus,1982239,,0.05,,,0.18,,0.08,,,0.16,,,0.19,0.1,0.4,287.0,Pseudomonas aeruginosa,Duplodnaviria,Heunggongvirae,Uroviricota,Caudoviricetes,Caudoviricetes incertae sedis,Nipunavirus,Nipunavirus quinobequin,Nipunavirus NP1,dsDNA
                  Pamexvirus,1982355,,,0.21,,,,,,,,,,,,,652611.0,Pseudomonas aeruginosa PA14,Duplodnaviria,Heunggongvirae,Uroviricota,Caudoviricetes,Caudoviricetes incertae sedis,Mesyanzhinovviridae,Bradleyvirinae,Pamexvirus,dsDNA
              Pepyhexavirus,1982367,0.03,,,,,,,,,,,,,,,1827.0,Rhodococcus,Duplodnaviria,Heunggongvirae,Uroviricota,Caudoviricetes,Caudoviricetes incertae sedis,Pepyhexavirus,Pepyhexavirus pepy6,,dsDNA
              Titanvirus,1982573,,,,,,,,,,,,,,,0.11,1414586.0,Rhodobacter capsulatus YW1,Duplodnaviria,Heunggongvirae,Uroviricota,Caudoviricetes,Caudoviricetes incertae sedis,Titanvirus,Titanvirus rcspartan,,dsDNA
                  Johnsonvirus,1982576,0.03,,,,,,,,,,,,,,,552.0,Erwinia amylovora,Duplodnaviria,Heunggongvirae,Uroviricota,Caudoviricetes,Caudoviricetes incertae sedis,Schitoviridae,Erskinevirinae,Johnsonvirus,dsDNA
              Rosebushvirus,1982900,,,,,,,,,,,,0.45,,,,246196.0,Mycolicibacterium smegmatis MC2 155,Duplodnaviria,Heunggongvirae,Uroviricota,Caudoviricetes,Caudoviricetes incertae sedis,Rosebushvirus,Rosebushvirus rosebush,,dsDNA
                  Kolesnikvirus,1985293,,,,,,,,,,,0.12,,,,,28141.0,Cronobacter sakazakii,Duplodnaviria,Heunggongvirae,Uroviricota,Caudoviricetes,Caudoviricetes incertae sedis,Andersonviridae,Ounavirinae,Kolesnikvirus,dsDNA
                Gemykrogvirus,1985367,0.09,0.42,,,,0.25,,0.08,,,,,,,,7460.0,Apis mellifera,Monodnaviria,Shotokuvirae,Cressdnaviricota,Repensiviricetes,Geplafuvirales,Genomoviridae,Gemykrogvirus,Gemykrogvirus apime1,
                  Friunavirus,1985711,,,,,,0.06,,,,0.24,0.08,,,,,470.0,Acinetobacter baumannii,Duplodnaviria,Heunggongvirae,Uroviricota,Caudoviricetes,Autographivirales,Autoscriptoviridae,Beijerinckvirinae,Friunavirus,dsDNA
                  Przondovirus,1985720,0.04,,,,,,,,,,,,0.28,,,573.0,Klebsiella pneumoniae,Duplodnaviria,Heunggongvirae,Uroviricota,Caudoviricetes,Autographivirales,Autotranscriptaviridae,Studiervirinae,Przondovirus,dsDNA
                  Pradovirus,1985733,0.06,,,,,,0.07,0.06,,0.25,0.9,,0.17,0.22,,456327.0,Xanthomonas euvesicatoria,Duplodnaviria,Heunggongvirae,Uroviricota,Caudoviricetes,Autographivirales,Autonotataviridae,Gujervirinae,Pradovirus,dsDNA
          Pandoravirus,2060084,0.06,0.09,,,,0.2,0.27,,,0.26,0.7,,0.69,,1.26,,,,,,,,,,,
                Machinavirus,2169624,,0.06,,,,,0.11,,,,,,,,,552.0,Erwinia amylovora,Duplodnaviria,Heunggongvirae,Uroviricota,Caudoviricetes,Caudoviricetes incertae sedis,Chimalliviridae,Machinavirus,Machinavirus machina,dsDNA
                  Jwalphavirus,2169642,,0.05,0.2,0.35,,,,,1.1,,,,0.2,,,85698.0,Achromobacter xylosoxidans,Duplodnaviria,Heunggongvirae,Uroviricota,Caudoviricetes,Caudoviricetes incertae sedis,Schitoviridae,Rothmandenesvirinae,Jwalphavirus,dsDNA
                  Ithacavirus,2169643,0.06,,,,,,,0.06,,,,,,,,98360.0,Salmonella enterica subsp. enterica serovar Dublin,Duplodnaviria,Heunggongvirae,Uroviricota,Caudoviricetes,Caudoviricetes incertae sedis,Schitoviridae,Humphriesvirinae,Ithacavirus,dsDNA
                Huchismacovirus,2169662,,0.06,,,,0.06,,,,,,,,,,9031.0,Gallus gallus,Monodnaviria,Shotokuvirae,Cressdnaviricota,Arfiviricetes,Cremevirales,Smacoviridae,Huchismacovirus,Huchismacovirus chicas1,
                Ahduovirus,2560084,,,,,,0.12,0.11,,,,,,,,,95486.0,Burkholderia cenocepacia,Duplodnaviria,Heunggongvirae,Uroviricota,Caudoviricetes,Caudoviricetes incertae sedis,Casjensviridae,Ahduovirus,Ahduovirus AH2,dsDNA
              Alcyoneusvirus,2560086,,0.07,,,,0.05,,,,0.2,,,,,,570.0,Klebsiella,Duplodnaviria,Heunggongvirae,Uroviricota,Caudoviricetes,Caudoviricetes incertae sedis,Alcyoneusvirus,Alcyoneusvirus K641,,dsDNA
              Dismasvirus,2560122,0.14,,,,,,,,,,,,,,,104336.0,Microbacterium foliorum,Duplodnaviria,Heunggongvirae,Uroviricota,Caudoviricetes,Caudoviricetes incertae sedis,Dismasvirus,unclassified Dismasvirus,,dsDNA
              Eneladusvirus,2560128,,,,,,,,,,,0.13,,,,,552.0,Erwinia amylovora,Duplodnaviria,Heunggongvirae,Uroviricota,Caudoviricetes,Caudoviricetes incertae sedis,Eneladusvirus,Eneladusvirus BF,,dsDNA
              Fipvunavirus,2560132,,,,,,,,,,,0.12,,,,,96345.0,Flavobacterium psychrophilum,Duplodnaviria,Heunggongvirae,Uroviricota,Caudoviricetes,Caudoviricetes incertae sedis,Fipvunavirus,unclassified Fipvunavirus,,dsDNA
              Gustavvirus,2560144,0.03,,0.21,,,,,,,,,,0.21,,,2055.0,Gordonia terrae,Duplodnaviria,Heunggongvirae,Uroviricota,Caudoviricetes,Caudoviricetes incertae sedis,Gustavvirus,Gustavvirus gustav,,dsDNA
                Locarnavirus,2560169,0.03,,,,,,,,,,,,,,,1.0,root,Riboviria,Orthornavirae,Pisuviricota,Pisoniviricetes,Picornavirales,Marnaviridae,Locarnavirus,Locarnavirus jerichoensis,
                  Otagovirus,2560197,0.04,,,0.53,,,,,1.48,,,,,,,204039.0,Dickeya dianthicola,Duplodnaviria,Heunggongvirae,Uroviricota,Caudoviricetes,Caudoviricetes incertae sedis,Vandenendeviridae,Gorskivirinae,Otagovirus,dsDNA
                  Phimunavirus,2560202,0.06,0.15,0.39,,,0.06,,0.09,0.75,0.87,0.19,0.23,0.41,,0.23,29471.0,Pectobacterium atrosepticum,Duplodnaviria,Heunggongvirae,Uroviricota,Caudoviricetes,Autographivirales,Autoscriptoviridae,Corkvirinae,Phimunavirus,dsDNA
              Popoffvirus,2560208,0.29,1.64,2.04,1.94,0.87,0.55,1.01,0.95,2.86,1.73,1.79,1.51,2.19,0.51,0.87,645.0,Aeromonas salmonicida,Duplodnaviria,Heunggongvirae,Uroviricota,Caudoviricetes,Caudoviricetes incertae sedis,Popoffvirus,Popoffvirus pv56,,dsDNA
                Sanovirus,2560222,0.03,0.05,,,,,0.1,,,,0.13,,,,,40324.0,Stenotrophomonas maltophilia,Duplodnaviria,Heunggongvirae,Uroviricota,Caudoviricetes,Caudoviricetes incertae sedis,Casjensviridae,Sanovirus,unclassified Sanovirus,dsDNA
                Sugarlandvirus,2560233,,0.06,,0.22,,,0.08,,,,,,,,0.12,573.0,Klebsiella pneumoniae,Duplodnaviria,Heunggongvirae,Uroviricota,Caudoviricetes,Caudoviricetes incertae sedis,Demerecviridae,Sugarlandvirus,Sugarlandvirus AmPhEK80,dsDNA
                Tulanevirus,2560244,,0.1,,,,,0.1,,,,0.1,,,0.1,0.16,645.0,Aeromonas salmonicida,Duplodnaviria,Heunggongvirae,Uroviricota,Caudoviricetes,Pantevenvirales,Straboviridae,Tulanevirus,Tulanevirus bteighttwo,dsDNA
                  Pettyvirus,2731671,,,,,,,,,,0.14,0.08,,,,,,,,,,,,,,,
                Gyeongsanvirus,2731942,,,,,,,,,,,,,,0.09,,305.0,Ralstonia solanacearum,Duplodnaviria,Heunggongvirae,Uroviricota,Caudoviricetes,Autographivirales,Autographivirales incertae sedis,Gyeongsanvirus,Gyeongsanvirus DURPI,dsDNA
                Kalppathivirus,2731949,,,,,,,,,,,0.16,,,,,1888168.0,Curvibacter sp.,Duplodnaviria,Heunggongvirae,Uroviricota,Caudoviricetes,Autographivirales,Autonotataviridae,Kalppathivirus,Kalppathivirus P26059B,dsDNA
                Shenzhenvirus,2732038,,,,,,,,,,,,,,,0.11,196023.0,Aeromonas hydrophila subsp. hydrophila,Duplodnaviria,Heunggongvirae,Uroviricota,Caudoviricetes,Caudoviricetes incertae sedis,Demerecviridae,Shenzhenvirus,unclassified Shenzhenvirus,dsDNA
                  Helsettvirus,2732684,,0.08,,,,,,,,0.3,0.31,,0.33,,,34051.0,Yersinia enterocolitica (type O:3),Duplodnaviria,Heunggongvirae,Uroviricota,Caudoviricetes,Autographivirales,Autotranscriptaviridae,Studiervirinae,Helsettvirus,dsDNA
                  Kayfunavirus,2732686,0.14,,,,,,,,,,,,0.26,,,1.0,root,Duplodnaviria,Heunggongvirae,Uroviricota,Caudoviricetes,Autographivirales,Autotranscriptaviridae,Studiervirinae,Kayfunavirus,dsDNA
                Tunggulvirus,2732909,,,,0.97,,,,,,,,,,,,287.0,Pseudomonas aeruginosa,Duplodnaviria,Heunggongvirae,Uroviricota,Caudoviricetes,Autographivirales,Autoscriptoviridae,Tunggulvirus,Tunggulvirus f2,dsDNA
                  Kotilavirus,2732921,,0.06,,,,,,,,,,,,,,554.0,Pectobacterium carotovorum,Duplodnaviria,Heunggongvirae,Uroviricota,Caudoviricetes,Autographivirales,Autoscriptoviridae,Corkvirinae,Kotilavirus,dsDNA
                  Stompvirus,2732922,0.05,0.09,,0.24,,,0.1,,,,,,,,0.15,1778540.0,Dickeya fangzhongdai,Duplodnaviria,Heunggongvirae,Uroviricota,Caudoviricetes,Autographivirales,Autoscriptoviridae,Corkvirinae,Stompvirus,dsDNA
                Stubburvirus,2732924,,0.07,0.19,,0.16,,0.27,,,0.13,0.7,,0.26,0.17,0.23,208964.0,Pseudomonas aeruginosa PAO1,Duplodnaviria,Heunggongvirae,Uroviricota,Caudoviricetes,Autographivirales,Autoscriptoviridae,Stubburvirus,Stubburvirus LKA1,dsDNA
                  Koutsourovirus,2732938,,0.05,,,,,,,,,,,0.19,0.1,0.21,550.0,Enterobacter cloacae,Duplodnaviria,Heunggongvirae,Uroviricota,Caudoviricetes,Autographivirales,Autoscriptoviridae,Slopekvirinae,Koutsourovirus,dsDNA
                  Pahsextavirus,2732963,0.05,0.08,,,,,,,,,,,,,,196024.0,Aeromonas dhakensis,Duplodnaviria,Heunggongvirae,Uroviricota,Caudoviricetes,Caudoviricetes incertae sedis,Chaseviridae,Nefertitivirinae,Pahsextavirus,dsDNA
                Harbinvirus,2732970,,0.08,,,,,,,,,,,,,,1590.0,Lactiplantibacillus plantarum,Duplodnaviria,Heunggongvirae,Uroviricota,Caudoviricetes,Caudoviricetes incertae sedis,Herelleviridae,Harbinvirus,Harbinvirus bacchae,dsDNA
                Aresaunavirus,2732972,,,,,0.41,0.26,,,,,,,,,,305.0,Ralstonia solanacearum,Duplodnaviria,Heunggongvirae,Uroviricota,Caudoviricetes,Caudoviricetes incertae sedis,Peduoviridae,Aresaunavirus,Aresaunavirus RSA1,dsDNA
                Citexvirus,2732977,,,,,0.31,0.13,,,,,,,,,,287.0,Pseudomonas aeruginosa,Duplodnaviria,Heunggongvirae,Uroviricota,Caudoviricetes,Caudoviricetes incertae sedis,Peduoviridae,Citexvirus,,dsDNA
                Kisquattuordecimvirus,2732982,,,,,,0.06,,,,,,,,,,337.0,Burkholderia glumae,Duplodnaviria,Heunggongvirae,Uroviricota,Caudoviricetes,Caudoviricetes incertae sedis,Peduoviridae,Kisquattuordecimvirus,Kisquattuordecimvirus FLC10,dsDNA
                Kisquinquevirus,2732983,,,,,0.31,0.09,,,,,,,,,,95486.0,Burkholderia cenocepacia,Duplodnaviria,Heunggongvirae,Uroviricota,Caudoviricetes,Caudoviricetes incertae sedis,Peduoviridae,Kisquinquevirus,Kisquinquevirus Carl1,dsDNA
                Simpcentumvirus,2733081,,,,,0.29,0.11,,,,,,,,,,40324.0,Stenotrophomonas maltophilia,Duplodnaviria,Heunggongvirae,Uroviricota,Caudoviricetes,Caudoviricetes incertae sedis,Peduoviridae,Simpcentumvirus,Simpcentumvirus Smp131,dsDNA
              Barbavirus,2733095,,,,,,0.06,,,,,,,,,,1708203.0,Rheinheimera sp. BAL341,Duplodnaviria,Heunggongvirae,Uroviricota,Caudoviricetes,Caudoviricetes incertae sedis,Barbavirus,Barbavirus barba21A,,dsDNA
              Phabquatrovirus,2733123,,,,,,0.13,,,,,,,,,,518.0,Bordetella bronchiseptica,Duplodnaviria,Heunggongvirae,Uroviricota,Caudoviricetes,Caudoviricetes incertae sedis,Phabquatrovirus,Phabquatrovirus PHB04,,dsDNA
              Saclayvirus,2733128,0.04,,,,,,,,,,,,,,,470.0,Acinetobacter baumannii,Duplodnaviria,Heunggongvirae,Uroviricota,Caudoviricetes,Caudoviricetes incertae sedis,Saclayvirus,unclassified Saclayvirus,,dsDNA
              Toutatisvirus,2733138,,0.06,,,,,,,,0.14,,,,,,853.0,Faecalibacterium prausnitzii,Duplodnaviria,Heunggongvirae,Uroviricota,Caudoviricetes,Caudoviricetes incertae sedis,Toutatisvirus,Toutatisvirus toutatis,,dsDNA
              Ryyoungvirus,2733147,,0.05,,,0.24,0.23,0.24,0.06,,0.29,0.13,,,0.18,0.18,292.0,Burkholderia cepacia,Duplodnaviria,Heunggongvirae,Uroviricota,Caudoviricetes,Caudoviricetes incertae sedis,Ryyoungvirus,Ryyoungvirus bcepC6B,,dsDNA
              Feofaniavirus,2733174,0.04,,,,,,,,,,,,,,,551.0,Erwinia,Duplodnaviria,Heunggongvirae,Uroviricota,Caudoviricetes,Caudoviricetes incertae sedis,Feofaniavirus,Feofaniavirus Eho49,,dsDNA
              Maxrubnervirus,2733193,0.05,0.05,,,,,,,,,0.13,0.4,,,,129847.0,Pseudomonas grimontii,Duplodnaviria,Heunggongvirae,Uroviricota,Caudoviricetes,Caudoviricetes incertae sedis,Maxrubnervirus,Maxrubnervirus PMBT3,,dsDNA
              Neferthenavirus,2733198,0.03,,,,,,,,,,,,,,,104336.0,Microbacterium foliorum,Duplodnaviria,Heunggongvirae,Uroviricota,Caudoviricetes,Caudoviricetes incertae sedis,Neferthenavirus,unclassified Neferthenavirus,,dsDNA
              Oneupvirus,2733200,,,,,,,,,,,0.13,,,,,2055.0,Gordonia terrae,Duplodnaviria,Heunggongvirae,Uroviricota,Caudoviricetes,Caudoviricetes incertae sedis,Oneupvirus,Oneupvirus brutongaster,,dsDNA
                Alehxovirus,2842364,0.03,0.29,,0.8,,,,0.2,1.0,,,,,,,1.0,root,Riboviria,Orthornavirae,Lenarviricota,Leviviricetes,Timlovirales,Steitzviridae,Alehxovirus,Alehxovirus humivicinum,+ssRNA
              Akonivirus,2842540,0.11,0.12,,,,0.08,0.1,,,0.14,,,0.19,,0.27,104336.0,Microbacterium foliorum,Duplodnaviria,Heunggongvirae,Uroviricota,Caudoviricetes,Caudoviricetes incertae sedis,Akonivirus,Akonivirus akoni,,dsDNA
                Bicehmovirus,2842550,,0.09,,0.27,,,0.25,0.2,,,,,,,,1.0,root,Riboviria,Orthornavirae,Lenarviricota,Leviviricetes,Timlovirales,Steitzviridae,Bicehmovirus,Bicehmovirus caenivivens,+ssRNA
                Cbunavirus,2842586,0.12,0.19,0.21,,0.22,0.16,0.08,0.07,,0.23,0.11,,,,0.16,562.0,Escherichia coli,Duplodnaviria,Heunggongvirae,Uroviricota,Caudoviricetes,Caudoviricetes incertae sedis,Schitoviridae,Cbunavirus,unclassified Cbunavirus,dsDNA
                Cehakivirus,2842589,,0.07,0.79,,,1.2,0.11,,,0.18,0.08,,0.83,,0.12,1.0,root,Riboviria,Orthornavirae,Lenarviricota,Leviviricetes,Norzivirales,Fiersviridae,Cehakivirus,Cehakivirus limihabitans,+ssRNA
                Dendoorenvirus,2842641,,,2.11,,,,,,,,,,3.12,0.09,,180282.0,Delftia tsuruhatensis,Duplodnaviria,Heunggongvirae,Uroviricota,Caudoviricetes,Caudoviricetes incertae sedis,Schitoviridae,Dendoorenvirus,Dendoorenvirus RG2014,dsDNA
                  Dongdastvirus,2842653,,0.1,,,,,,,0.52,0.23,0.2,,,,,,,,,,,,,,,
                Emesvirus,2842664,0.17,,,,,,,,,,,,,,,331112.0,Escherichia coli HS,Riboviria,Orthornavirae,Lenarviricota,Leviviricetes,Norzivirales,Fiersviridae,Emesvirus,,+ssRNA
                  Enterogokushovirus,2842667,,0.08,,2.27,,,,,2.16,,,,,,,83333.0,Escherichia coli K-12,Monodnaviria,Sangervirae,Phixviricota,Malgrandaviricetes,Petitvirales,Microviridae,Gokushovirinae,Enterogokushovirus,
                Gihfavirus,2842702,0.44,,,,,0.32,,,,1.25,,,,,,1.0,root,Riboviria,Orthornavirae,Lenarviricota,Leviviricetes,Timlovirales,Steitzviridae,Gihfavirus,Gihfavirus chorovivens,+ssRNA
              Henunavirus,2842727,,,,,,,,,,,0.16,,,,,552.0,Erwinia amylovora,Duplodnaviria,Heunggongvirae,Uroviricota,Caudoviricetes,Caudoviricetes incertae sedis,Henunavirus,Henunavirus hena1,,dsDNA
                Hihdivirus,2842731,0.12,,,,,,,,,,,,,,,1.0,root,Riboviria,Orthornavirae,Lenarviricota,Leviviricetes,Norzivirales,Fiersviridae,Hihdivirus,Hihdivirus caenenecus,+ssRNA
                Hohrdovirus,2842736,0.08,0.77,,2.4,,0.4,0.21,0.32,2.43,,,0.72,,,1.67,1.0,root,Riboviria,Orthornavirae,Lenarviricota,Leviviricetes,Timlovirales,Steitzviridae,Hohrdovirus,Hohrdovirus edaphohabitans,+ssRNA
                  Inbricusvirus,2842758,0.05,0.15,0.31,0.24,,,,0.06,,0.14,0.15,,0.41,,,663959.0,Pseudomonas syringae pv. avii,Duplodnaviria,Heunggongvirae,Uroviricota,Caudoviricetes,Caudoviricetes incertae sedis,Schitoviridae,Rothmandenesvirinae,Inbricusvirus,dsDNA
                Ishugivirus,2842767,0.19,0.07,0.35,,,,,0.1,,,,,0.19,0.22,0.22,1.0,root,Riboviria,Orthornavirae,Lenarviricota,Leviviricetes,Norzivirales,Fiersviridae,Ishugivirus,Ishugivirus pelohabitans,+ssRNA
                Kehmevirus,2842790,,,,,,,,,,0.82,,,,,0.23,1.0,root,Riboviria,Orthornavirae,Lenarviricota,Leviviricetes,Norzivirales,Fiersviridae,Kehmevirus,Kehmevirus defluviicola,+ssRNA
                Kemicevirus,2842792,0.18,0.16,0.39,,,1.99,0.14,0.13,,,,,0.21,0.11,,1.0,root,Riboviria,Orthornavirae,Lenarviricota,Leviviricetes,Norzivirales,Fiersviridae,Kemicevirus,Kemicevirus caenicola,+ssRNA
                Kihryuvirus,2842799,0.05,,,,,,,,,,,,,,,1.0,root,Riboviria,Orthornavirae,Lenarviricota,Leviviricetes,Norzivirales,Fiersviridae,Kihryuvirus,Kihryuvirus limihabitans,+ssRNA
                Kinglevirus,2842802,0.19,,,,0.18,0.13,,,,0.42,,,,,,1.0,root,Riboviria,Orthornavirae,Lenarviricota,Leviviricetes,Timlovirales,Steitzviridae,Kinglevirus,Kinglevirus lutadaptatum,+ssRNA
                Kohmavirus,2842807,0.04,,,,,,,,,,,,,,,1.0,root,Riboviria,Orthornavirae,Lenarviricota,Leviviricetes,Norzivirales,Duinviridae,Kohmavirus,Kohmavirus luticola,+ssRNA
                Kuhshuvirus,2842813,0.11,,,,,,,,,,,,,,,1.0,root,Riboviria,Orthornavirae,Lenarviricota,Leviviricetes,Norzivirales,Fiersviridae,Kuhshuvirus,Kuhshuvirus pelovicinum,+ssRNA
                  Lonzbavirus,2842833,,0.12,,,0.19,,,0.12,,,,,,,0.12,,,,,,,,,,,
                Mekintivirus,2842861,0.07,,,,,,,,,,,,,,,1.0,root,Riboviria,Orthornavirae,Lenarviricota,Leviviricetes,Norzivirales,Fiersviridae,Mekintivirus,Mekintivirus lutihabitans,+ssRNA
                Molucevirus,2842877,,0.06,,,,,,,,,,,,,,1.0,root,Riboviria,Orthornavirae,Lenarviricota,Leviviricetes,Timlovirales,Steitzviridae,Molucevirus,Molucevirus chthonohabitans,+ssRNA
                Mooreparkvirus,2842881,0.07,,,,,,,,,,,,,,,1578.0,Lactobacillus,Duplodnaviria,Heunggongvirae,Uroviricota,Caudoviricetes,Caudoviricetes incertae sedis,Herelleviridae,Mooreparkvirus,Mooreparkvirus Lb3381,dsDNA
              Mydovirus,2842888,0.03,,,,,,,,,,,,,,,562.0,Escherichia coli,Duplodnaviria,Heunggongvirae,Uroviricota,Caudoviricetes,Caudoviricetes incertae sedis,Mydovirus,unclassified Mydovirus,,dsDNA
                Nehpavirus,2842897,0.31,0.13,,,,,,0.06,,,,,,,,1.0,root,Riboviria,Orthornavirae,Lenarviricota,Leviviricetes,Timlovirales,Blumeviridae,Nehpavirus,Nehpavirus caenenecus,+ssRNA
                Paundecimvirus,2842942,,,0.19,,,,,,,0.28,,,0.44,0.11,0.15,287.0,Pseudomonas aeruginosa,Duplodnaviria,Heunggongvirae,Uroviricota,Caudoviricetes,Caudoviricetes incertae sedis,Zobellviridae,Paundecimvirus,unclassified Paundecimvirus,dsDNA
                Paysduvirus,2842943,0.05,0.07,,,,,,,,,,,,,,1.0,root,Riboviria,Orthornavirae,Lenarviricota,Leviviricetes,Norzivirales,Fiersviridae,Paysduvirus,Paysduvirus asiocola,+ssRNA
                Pokkenvirus,2842972,,0.05,,0.6,,,,,0.73,0.18,0.11,,,,0.13,40324.0,Stenotrophomonas maltophilia,Duplodnaviria,Heunggongvirae,Uroviricota,Caudoviricetes,Caudoviricetes incertae sedis,Schitoviridae,Pokkenvirus,Pokkenvirus paxi,dsDNA
                  Pollockvirus,2842973,,0.09,,,,,,,,0.21,0.17,,,,,562.0,Escherichia coli,Duplodnaviria,Heunggongvirae,Uroviricota,Caudoviricetes,Caudoviricetes incertae sedis,Schitoviridae,Humphriesvirinae,Pollockvirus,dsDNA
                  Pourcelvirus,2842976,,0.05,0.38,0.43,,,,,0.65,,,,0.24,,,,,,,,,,,,,
                Pseudotevenvirus,2842979,,,,,,,,,,0.68,,,,,,1972222.0,Buttiauxella sp.,Duplodnaviria,Heunggongvirae,Uroviricota,Caudoviricetes,Pantevenvirales,Straboviridae,Pseudotevenvirus,unclassified Pseudotevenvirus,dsDNA
                  Pylasvirus,2842993,,0.06,,,,,,,,,,,,,,573.0,Klebsiella pneumoniae,Duplodnaviria,Heunggongvirae,Uroviricota,Caudoviricetes,Caudoviricetes incertae sedis,Schitoviridae,Humphriesvirinae,Pylasvirus,dsDNA
                Riverridervirus,2843008,,,,,,,,,,0.2,,,,,,48664.0,Xanthomonas fragariae,Duplodnaviria,Heunggongvirae,Uroviricota,Caudoviricetes,Caudoviricetes incertae sedis,Schitoviridae,Riverridervirus,Riverridervirus riverrider,dsDNA
                  Sabourvirus,2843014,0.04,0.06,,,,,,,,0.14,,,,,,,,,,,,,,,,
                Salinovirus,2843017,,,,,,,,,,0.13,,,,,,51367.0,Salinivibrio costicola,Duplodnaviria,Heunggongvirae,Uroviricota,Caudoviricetes,Caudoviricetes incertae sedis,Zobellviridae,Salinovirus,Salinovirus utanense,dsDNA
                Shebanavirus,2843035,,,0.31,,,,,0.23,,,,,0.22,,,1.0,root,Riboviria,Orthornavirae,Lenarviricota,Leviviricetes,Norzivirales,Fiersviridae,Shebanavirus,Shebanavirus borborovicinum,+ssRNA
                Sholavirus,2843039,0.03,0.99,,7.69,,,0.07,0.16,5.28,,,,,,,1.0,root,Riboviria,Orthornavirae,Lenarviricota,Leviviricetes,Norzivirales,Fiersviridae,Sholavirus,unclassified Sholavirus,+ssRNA
              Slepowronvirus,2843051,,,,,,,,,,,0.11,,,,,1639.0,Listeria monocytogenes,Duplodnaviria,Heunggongvirae,Uroviricota,Caudoviricetes,Caudoviricetes incertae sedis,Slepowronvirus,unclassified Slepowronvirus,,dsDNA
              Tinytimothyvirus,2843096,0.08,0.09,,,,,0.1,0.06,,,,,,,0.13,104336.0,Microbacterium foliorum,Duplodnaviria,Heunggongvirae,Uroviricota,Caudoviricetes,Caudoviricetes incertae sedis,Tinytimothyvirus,Tinytimothyvirus alex44,,dsDNA
                  Veravirus,2843112,,,0.29,,,,,,,,,,,,,1904441.0,Paracoccaceae bacterium,Duplodnaviria,Heunggongvirae,Uroviricota,Caudoviricetes,Caudoviricetes incertae sedis,Zobellviridae,Cobavirinae,Veravirus,dsDNA
                Waedenswilvirus,2843122,0.04,,,,,0.05,,,,,,,,,,552.0,Erwinia amylovora,Duplodnaviria,Heunggongvirae,Uroviricota,Caudoviricetes,Caudoviricetes incertae sedis,Schitoviridae,Waedenswilvirus,unclassified Waedenswilvirus,dsDNA
                  Warsawvirus,2843128,,,0.72,,,,,,,,,,2.07,,,53407.0,Pseudomonas asplenii,Duplodnaviria,Heunggongvirae,Uroviricota,Caudoviricetes,Autographivirales,Autotranscriptaviridae,Studiervirinae,Warsawvirus,dsDNA
                  Yonginvirus,2843155,,0.05,,,,,,,,,0.12,,,,,79967.0,Erwinia pyrifoliae,Duplodnaviria,Heunggongvirae,Uroviricota,Caudoviricetes,Caudoviricetes incertae sedis,Schitoviridae,Erskinevirinae,Yonginvirus,dsDNA
                Zicotriavirus,2843161,,,,,,,,,,,0.08,,,,,287.0,Pseudomonas aeruginosa,Duplodnaviria,Heunggongvirae,Uroviricota,Caudoviricetes,Caudoviricetes incertae sedis,Schitoviridae,Zicotriavirus,Zicotriavirus ZC03,dsDNA
                Zurivirus,2843162,,0.05,,0.22,,,,,,,,,,,,303.0,Pseudomonas putida,Duplodnaviria,Heunggongvirae,Uroviricota,Caudoviricetes,Caudoviricetes incertae sedis,Schitoviridae,Zurivirus,Zurivirus zuri,dsDNA
              Anjalivirus,2843346,,,,,0.18,,,,,,,,,,,1665.0,Arthrobacter globiformis,Duplodnaviria,Heunggongvirae,Uroviricota,Caudoviricetes,Caudoviricetes incertae sedis,Anjalivirus,Anjalivirus anjali,,dsDNA
              Astrithrvirus,2843350,0.06,0.15,0.29,0.44,,0.11,0.13,0.13,0.46,0.35,0.39,0.23,0.28,,0.24,469.0,Acinetobacter,Duplodnaviria,Heunggongvirae,Uroviricota,Caudoviricetes,Caudoviricetes incertae sedis,Astrithrvirus,unclassified Astrithrvirus,,dsDNA
              Audreyjarvisvirus,2843351,0.24,0.07,,,,0.07,0.15,,,,0.18,,0.38,0.14,0.35,1358.0,Lactococcus lactis,Duplodnaviria,Heunggongvirae,Uroviricota,Caudoviricetes,Caudoviricetes incertae sedis,Audreyjarvisvirus,Audreyjarvisvirus av949,,dsDNA
              Burrovirus,2843362,0.91,0.83,0.76,1.27,0.65,0.36,0.83,0.54,2.43,0.79,0.34,0.5,1.43,1.03,1.39,104336.0,Microbacterium foliorum,Duplodnaviria,Heunggongvirae,Uroviricota,Caudoviricetes,Caudoviricetes incertae sedis,Burrovirus,Burrovirus araxxi,,dsDNA
              Chopinvirus,2843365,0.15,,,,,,,,,,,,,,,1358.0,Lactococcus lactis,Duplodnaviria,Heunggongvirae,Uroviricota,Caudoviricetes,Caudoviricetes incertae sedis,Chopinvirus,Chopinvirus KSY1,,dsDNA
              Cimandefvirus,2843366,,,,,0.67,0.42,0.25,0.09,,,,,,0.39,,1310165.0,Ralstonia pseudosolanacearum,Duplodnaviria,Heunggongvirae,Uroviricota,Caudoviricetes,Caudoviricetes incertae sedis,Cimandefvirus,Cimandefvirus cimandef,,dsDNA
              Firingavirus,2843381,,,,,,,,0.06,,,,,,,,1310165.0,Ralstonia pseudosolanacearum,Duplodnaviria,Heunggongvirae,Uroviricota,Caudoviricetes,Caudoviricetes incertae sedis,Firingavirus,Firingavirus firinga,,dsDNA
              Fremauxvirus,2843383,0.15,,,,,,,,,,,,,,,1358.0,Lactococcus lactis,Duplodnaviria,Heunggongvirae,Uroviricota,Caudoviricetes,Caudoviricetes incertae sedis,Fremauxvirus,Fremauxvirus fv1706,,dsDNA
              Hnatkovirus,2843391,,,,,,,,,,,0.09,,,,,1773.0,Mycobacterium tuberculosis,Duplodnaviria,Heunggongvirae,Uroviricota,Caudoviricetes,Caudoviricetes incertae sedis,Hnatkovirus,Hnatkovirus DS6A,,dsDNA
              Lastavirus,2843414,,,,,0.21,,0.09,,,,,,,,,573.0,Klebsiella pneumoniae,Duplodnaviria,Heunggongvirae,Uroviricota,Caudoviricetes,Caudoviricetes incertae sedis,Lastavirus,Lastavirus lasta,,dsDNA
              Lillamyvirus,2843418,,0.32,,,0.51,,,,,,,0.25,,0.1,0.35,2654243.0,Flavobacterium sp. LMO6,Duplodnaviria,Heunggongvirae,Uroviricota,Caudoviricetes,Caudoviricetes incertae sedis,Lillamyvirus,Lillamyvirus hemulen,,dsDNA
              Muminvirus,2843426,,,,,,,,0.39,,0.67,0.48,,,,0.96,2654245.0,Flavobacterium sp. LMO9,Duplodnaviria,Heunggongvirae,Uroviricota,Caudoviricetes,Caudoviricetes incertae sedis,Muminvirus,Muminvirus filifjonk,,dsDNA
              Nevevirus,2843430,,,,,,,,,,0.18,0.1,,,,,1358.0,Lactococcus lactis,Duplodnaviria,Heunggongvirae,Uroviricota,Caudoviricetes,Caudoviricetes incertae sedis,Nevevirus,Nevevirus P078,,dsDNA
              Parlovirus,2843433,,,0.21,,,,,,,,,,,,,615.0,Serratia marcescens,Duplodnaviria,Heunggongvirae,Uroviricota,Caudoviricetes,Caudoviricetes incertae sedis,Parlovirus,Parlovirus parlo,,dsDNA
              Plateaulakevirus,2843436,0.09,0.26,0.23,0.42,0.19,0.12,0.14,0.29,,0.94,0.3,0.32,0.22,0.09,0.3,196023.0,Aeromonas hydrophila subsp. hydrophila,Duplodnaviria,Heunggongvirae,Uroviricota,Caudoviricetes,Caudoviricetes incertae sedis,Plateaulakevirus,Plateaulakevirus pv2L372D,,dsDNA
              Sleepyheadvirus,2843457,,,,,,0.1,,,,,,,,,,1833.0,Rhodococcus erythropolis,Duplodnaviria,Heunggongvirae,Uroviricota,Caudoviricetes,Caudoviricetes incertae sedis,Sleepyheadvirus,Sleepyheadvirus sleepyhead,,dsDNA
                Yonseivirus,2843478,0.49,0.16,0.23,0.27,,0.09,0.16,0.08,,,0.1,,0.28,0.15,0.24,573.0,Klebsiella pneumoniae,Duplodnaviria,Heunggongvirae,Uroviricota,Caudoviricetes,Caudoviricetes incertae sedis,Casjensviridae,Yonseivirus,Yonseivirus N137,dsDNA
                  Kahnovirus,2942979,0.04,0.25,0.37,0.44,0.21,0.15,0.19,0.06,,0.34,0.45,0.25,0.34,0.15,0.58,,,,,,,,,,,
                  Kehishuvirus,2942980,0.05,0.2,0.89,0.27,0.19,0.14,0.2,0.12,0.42,0.3,0.17,,0.87,,1.02,329854.0,Bacteroides intestinalis,Duplodnaviria,Heunggongvirae,Uroviricota,Caudoviricetes,Crassvirales,Steigviridae,Asinivirinae,Kehishuvirus,dsDNA
                  Paundivirus,2942981,,,,,,,,,,,,,,,0.57,1.0,root,Duplodnaviria,Heunggongvirae,Uroviricota,Caudoviricetes,Crassvirales,Steigviridae,Asinivirinae,Paundivirus,dsDNA
                  Afonbuvirus,2942989,0.33,1.44,1.47,2.49,1.34,1.04,0.86,0.57,3.12,2.82,2.93,1.53,2.1,0.58,1.78,1.0,root,Duplodnaviria,Heunggongvirae,Uroviricota,Caudoviricetes,Crassvirales,Suoliviridae,Bearivirinae,Afonbuvirus,dsDNA
                  Canhaevirus,2942990,0.06,0.3,0.56,0.5,0.27,0.16,0.18,0.14,0.73,0.73,0.49,0.37,0.44,0.21,0.32,1.0,root,Duplodnaviria,Heunggongvirae,Uroviricota,Caudoviricetes,Crassvirales,Suoliviridae,Boorivirinae,Canhaevirus,dsDNA
                  Cohcovirus,2942991,0.11,0.4,0.57,0.63,0.55,0.29,0.31,0.16,0.96,1.2,0.99,0.56,0.89,0.21,0.53,,,,,,,,,,,
                  Culoivirus,2942992,0.05,0.18,0.28,0.27,0.19,0.12,0.08,0.06,,0.3,0.34,0.18,0.26,,0.31,818.0,Bacteroides thetaiotaomicron,Duplodnaviria,Heunggongvirae,Uroviricota,Caudoviricetes,Crassvirales,Suoliviridae,Boorivirinae,Culoivirus,dsDNA
                  Blohavirus,2942993,0.12,1.07,1.14,1.69,0.68,0.65,0.64,0.5,2.32,1.83,2.3,1.14,1.91,0.46,1.3,,,,,,,,,,,
                  Buchavirus,2942994,0.19,0.41,0.62,1.16,0.35,0.27,0.25,0.25,0.73,0.72,0.63,0.32,0.8,0.2,0.52,1.0,root,Duplodnaviria,Heunggongvirae,Uroviricota,Caudoviricetes,Crassvirales,Suoliviridae,Loutivirinae,Buchavirus,dsDNA
                Gediminasvirus,2943007,,,,,,,,,,,0.09,,,,,217203.0,Achromobacter spanius,Duplodnaviria,Heunggongvirae,Uroviricota,Caudoviricetes,Caudoviricetes incertae sedis,Casjensviridae,Gediminasvirus,Gediminasvirus AchV4,dsDNA
                Gwanakrovirus,2943008,0.14,,,,,,,,,,,,,,0.2,79967.0,Erwinia pyrifoliae,Duplodnaviria,Heunggongvirae,Uroviricota,Caudoviricetes,Caudoviricetes incertae sedis,Casjensviridae,Gwanakrovirus,Gwanakrovirus SNUABM08,dsDNA
                Phobosvirus,2943014,,,,,,,,,,,0.16,,,,,321.0,Pseudomonas syringae pv. syringae,Duplodnaviria,Heunggongvirae,Uroviricota,Caudoviricetes,Caudoviricetes incertae sedis,Casjensviridae,Phobosvirus,Phobosvirus phobos,dsDNA
                Salvovirus,2943016,0.1,0.21,0.37,0.22,0.22,0.14,0.19,0.1,0.73,0.19,0.36,0.2,0.34,0.17,0.42,33013.0,Clavibacter michiganensis subsp. michiganensis,Duplodnaviria,Heunggongvirae,Uroviricota,Caudoviricetes,Caudoviricetes incertae sedis,Casjensviridae,Salvovirus,unclassified Salvovirus,dsDNA
                Sharonstreetvirus,2943019,0.41,0.51,0.83,1.09,0.55,0.17,0.41,0.25,1.81,1.09,1.24,0.79,0.86,0.19,1.12,644.0,Aeromonas hydrophila,Duplodnaviria,Heunggongvirae,Uroviricota,Caudoviricetes,Caudoviricetes incertae sedis,Casjensviridae,Sharonstreetvirus,unclassified Sharonstreetvirus,dsDNA
              Anayavirus,2946797,,,,,,,,,,,0.09,,,0.1,,246196.0,Mycolicibacterium smegmatis MC2 155,Duplodnaviria,Heunggongvirae,Uroviricota,Caudoviricetes,Caudoviricetes incertae sedis,Anayavirus,unclassified Anayavirus,,dsDNA
                Aptresvirus,2946806,,,,,0.42,0.18,,,,,,,,,,95486.0,Burkholderia cenocepacia,Duplodnaviria,Heunggongvirae,Uroviricota,Caudoviricetes,Caudoviricetes incertae sedis,Peduoviridae,Aptresvirus,Aptresvirus AP3,dsDNA
                Arsyunavirus,2946810,,,,,0.41,0.15,,,,,,,,,,305.0,Ralstonia solanacearum,Duplodnaviria,Heunggongvirae,Uroviricota,Caudoviricetes,Caudoviricetes incertae sedis,Peduoviridae,Arsyunavirus,Arsyunavirus RSY1,dsDNA
                  Aurodevirus,2946811,0.3,0.91,1.2,2.08,0.94,0.54,0.53,0.53,2.4,2.2,1.95,0.88,1.29,0.34,1.24,1.0,root,Duplodnaviria,Heunggongvirae,Uroviricota,Caudoviricetes,Crassvirales,Suoliviridae,Uncouvirinae,Aurodevirus,dsDNA
                  Birpovirus,2946830,0.1,0.46,0.46,0.7,0.42,0.27,0.25,0.25,0.72,0.65,0.98,0.55,0.71,0.2,0.54,,,,,,,,,,,
                  Bohxovirus,2946832,,,,,,,,,,,,,,,0.15,,,Duplodnaviria,Heunggongvirae,Uroviricota,Caudoviricetes,Crassvirales,Suoliviridae,Oafivirinae,Bohxovirus,dsDNA
                  Buorbuivirus,2948644,0.09,0.22,0.24,0.5,0.28,0.17,0.11,0.09,0.49,0.54,0.4,0.23,0.24,0.1,0.26,,,,,,,,,,,
                  Burzaovirus,2948645,2.1,2.08,3.39,4.6,1.06,0.9,1.66,0.5,5.43,3.9,6.91,1.74,6.26,1.49,2.78,1.0,root,Duplodnaviria,Heunggongvirae,Uroviricota,Caudoviricetes,Crassvirales,Suoliviridae,Oafivirinae,Burzaovirus,dsDNA
                  Cacepaovirus,2948646,,,,,,,,,,,0.09,,,,0.15,,,,,,,,,,,
                  Carjivirus,2948652,1.26,4.35,3.35,6.2,2.7,1.92,2.96,1.34,8.71,6.01,14.53,3.84,6.0,1.53,5.69,1869227.0,bacterium,Duplodnaviria,Heunggongvirae,Uroviricota,Caudoviricetes,Crassvirales,Intestiviridae,Crudevirinae,Carjivirus,dsDNA
                  Chuhaivirus,2948663,,,,,,,,,,,0.17,,,,0.11,,,,,,,,,,,
                  Dabirmavirus,2948671,,0.06,,,,,0.1,,,0.21,0.28,,,,0.22,,,,,,,,,,,
                  Diorhovirus,2948680,,0.06,,,,,,,,0.31,0.22,,0.19,,,,,,,,,,,,,
                  Drivevirus,2948684,,0.08,,,,0.07,,,,0.13,0.1,,,,,,,,,,,,,,,
                  Delmidovirus,2948688,0.05,0.14,0.31,0.4,0.24,0.12,0.13,,,0.34,0.5,,,0.1,0.16,818.0,Bacteroides thetaiotaomicron,Duplodnaviria,Heunggongvirae,Uroviricota,Caudoviricetes,Crassvirales,Intestiviridae,Crudevirinae,Delmidovirus,dsDNA
                Efbeekayvirus,2948690,,0.09,0.48,0.47,0.18,,,0.07,,0.3,0.39,,0.34,,0.12,558.0,Erwinia sp.,Duplodnaviria,Heunggongvirae,Uroviricota,Caudoviricetes,Caudoviricetes incertae sedis,Schitoviridae,Efbeekayvirus,unclassified Efbeekayvirus,dsDNA
                  Endlipuvirus,2948697,0.04,0.24,,0.27,0.19,0.14,0.2,0.13,0.39,0.4,0.78,,0.38,0.1,0.3,,,,,,,,,,,
                Exceevirus,2948704,0.04,0.12,0.39,0.51,,0.05,0.07,0.06,,0.23,0.34,0.23,0.53,,0.15,470.0,Acinetobacter baumannii,Duplodnaviria,Heunggongvirae,Uroviricota,Caudoviricetes,Caudoviricetes incertae sedis,Schitoviridae,Exceevirus,Exceevirus Xc38,dsDNA
                  Fohxhuevirus,2948709,0.06,0.18,,0.22,0.18,0.1,0.25,0.06,,0.24,0.6,,0.36,,0.31,,,,,,,,,,,
                  Jahgtovirus,2948767,0.31,0.84,1.18,2.04,0.59,0.55,0.63,0.36,2.77,1.84,2.29,0.95,1.94,0.42,1.04,371601.0,Bacteroides xylanisolvens,Duplodnaviria,Heunggongvirae,Uroviricota,Caudoviricetes,Crassvirales,Intestiviridae,Churivirinae,Jahgtovirus,dsDNA
                  Junduvirus,2948774,0.04,0.21,,,,0.05,0.08,,,0.16,0.51,,,,0.14,818.0,Bacteroides thetaiotaomicron,Duplodnaviria,Heunggongvirae,Uroviricota,Caudoviricetes,Crassvirales,Crevaviridae,Coarsevirinae,Junduvirus,dsDNA
                  Kingevirus,2948785,0.22,1.69,1.3,2.47,0.78,0.59,0.88,0.58,2.39,2.01,3.55,1.29,0.88,0.31,1.35,818.0,Bacteroides thetaiotaomicron,Duplodnaviria,Heunggongvirae,Uroviricota,Caudoviricetes,Crassvirales,Crevaviridae,Doltivirinae,Kingevirus,dsDNA
                  Kolpuevirus,2948787,,0.09,,,,0.06,,0.08,,0.17,0.16,,0.31,,0.33,818.0,Bacteroides thetaiotaomicron,Duplodnaviria,Heunggongvirae,Uroviricota,Caudoviricetes,Crassvirales,Steigviridae,Asinivirinae,Kolpuevirus,dsDNA
              Kunmingvirus,2948791,0.2,0.93,1.91,1.47,0.51,0.34,0.85,0.65,2.0,1.46,1.58,1.09,1.54,0.35,0.71,948519.0,Aeromonas rivipollensis,Duplodnaviria,Heunggongvirae,Uroviricota,Caudoviricetes,Caudoviricetes incertae sedis,Kunmingvirus,Kunmingvirus kv2D05,,dsDNA
                  Lebriduvirus,2948797,,0.08,,,0.15,0.14,0.14,,,,0.08,,,,0.11,,,,,,,,,,,
                  Mahlunavirus,2948812,,0.08,,,,0.05,0.1,,,0.18,0.18,,,,0.13,,,,,,,,,,,
              Myrnavirus,2948833,,,,,,,,,,0.21,,,0.22,,,1763.0,Mycobacterium,Duplodnaviria,Heunggongvirae,Uroviricota,Caudoviricetes,Caudoviricetes incertae sedis,Myrnavirus,Myrnavirus myrna,,dsDNA
                Oliverunavirus,2948846,,,,,,,,,,0.18,0.14,,,,,1183400.0,Agrobacterium tumefaciens complex,Duplodnaviria,Heunggongvirae,Uroviricota,Caudoviricetes,Caudoviricetes incertae sedis,Schitoviridae,Oliverunavirus,Oliverunavirus OLIVR1,dsDNA
                  Pamirivirus,2948854,,0.07,,,,0.08,,,,,0.1,,,,0.16,,,,,,,,,,,
              Pinnievirus,2948866,,,,,,,,,,0.13,,,,,,246196.0,Mycolicibacterium smegmatis MC2 155,Duplodnaviria,Heunggongvirae,Uroviricota,Caudoviricetes,Caudoviricetes incertae sedis,Pinnievirus,Pinnievirus moorethemaryer,,dsDNA
                  Pipoluvirus,2948867,,,,,,,,,,,,,,,0.14,,,,,,,,,,,
                  Thalassavirus,2948922,,,,,,,,,,,,,,,0.12,669.0,Vibrio harveyi,Duplodnaviria,Heunggongvirae,Uroviricota,Caudoviricetes,Caudoviricetes incertae sedis,Demerecviridae,Ermolyevavirinae,Thalassavirus,dsDNA
                Triduovirus,2948933,,0.12,,0.73,,0.13,,,,0.28,0.16,,,,,211968.0,Salmonella enterica subsp. enterica serovar Albany,Duplodnaviria,Heunggongvirae,Uroviricota,Caudoviricetes,Caudoviricetes incertae sedis,Schitoviridae,Triduovirus,Triduovirus Tr2,dsDNA
                Valinorvirus,2948943,,0.14,,,,,0.08,,,,,,,,,,,Monodnaviria,Shotokuvirae,Cressdnaviricota,Arfiviricetes,Rohanvirales,Nenyaviridae,Valinorvirus,,
              Axeltriavirus,3044667,0.03,,,,,,,,,,,,,0.1,,40324.0,Stenotrophomonas maltophilia,Duplodnaviria,Heunggongvirae,Uroviricota,Caudoviricetes,Caudoviricetes incertae sedis,Axeltriavirus,Axeltriavirus AXL3,,dsDNA
                Cavevirus,3044684,,,,0.29,,,,,,,,,,,,40324.0,Stenotrophomonas maltophilia,Duplodnaviria,Heunggongvirae,Uroviricota,Caudoviricetes,Caudoviricetes incertae sedis,Schitoviridae,Cavevirus,Cavevirus C121,dsDNA
              Cobrasixvirus,3044690,0.09,0.1,,,0.38,0.33,0.23,0.18,,0.2,0.09,,,0.36,0.18,550.0,Enterobacter cloacae,Duplodnaviria,Heunggongvirae,Uroviricota,Caudoviricetes,Caudoviricetes incertae sedis,Cobrasixvirus,Cobrasixvirus cobrasix,,dsDNA
              Iggyvirus,3044738,,,0.31,,,,,,,,,,,,,287.0,Pseudomonas aeruginosa,Duplodnaviria,Heunggongvirae,Uroviricota,Caudoviricetes,Caudoviricetes incertae sedis,Iggyvirus,Iggyvirus iggy,,dsDNA
              Ittyvirus,3044742,,0.05,,,,,,,,0.13,,,,,,287.0,Pseudomonas aeruginosa,Duplodnaviria,Heunggongvirae,Uroviricota,Caudoviricetes,Caudoviricetes incertae sedis,Ittyvirus,Ittyvirus itty13,,dsDNA
                Moazamivirus,3044766,0.07,,,,,,,,,,,,,,,108619.0,Salmonella enterica subsp. enterica serovar Newport,Duplodnaviria,Heunggongvirae,Uroviricota,Caudoviricetes,Caudoviricetes incertae sedis,Grimontviridae,Moazamivirus,Moazamivirus 711,dsDNA
                  Moovirus,3044769,,0.05,,,,,,,,,,,,,,623.0,Shigella flexneri,Duplodnaviria,Heunggongvirae,Uroviricota,Caudoviricetes,Caudoviricetes incertae sedis,Schitoviridae,Enquatrovirinae,Moovirus,dsDNA
              Pavtokvirus,3044786,0.05,0.06,,,,,,,,,,,,,0.11,552.0,Erwinia amylovora,Duplodnaviria,Heunggongvirae,Uroviricota,Caudoviricetes,Caudoviricetes incertae sedis,Pavtokvirus,Pavtokvirus pavtok,,dsDNA
                Phabiovirus,3044790,,,,,,,,,,,0.18,,,,,294.0,Pseudomonas fluorescens,Duplodnaviria,Heunggongvirae,Uroviricota,Caudoviricetes,Caudoviricetes incertae sedis,Chimalliviridae,Phabiovirus,Phabiovirus phabio,dsDNA
              Syrbvirus,3044838,,,,,,,,,,,0.09,,,,,322686.0,Microbacterium sp. R1,Duplodnaviria,Heunggongvirae,Uroviricota,Caudoviricetes,Caudoviricetes incertae sedis,Syrbvirus,Syrbvirus R1,,dsDNA
                Varunavirus,3044852,,0.07,0.23,,,,,,,0.43,0.34,,,,,1219076.0,Vibrio alginolyticus NBRC 15630 = ATCC 17749,Duplodnaviria,Heunggongvirae,Uroviricota,Caudoviricetes,Caudoviricetes incertae sedis,Schitoviridae,Varunavirus,Varunavirus BUCT194,dsDNA
              Medeavirus,3152510,,0.05,,,,,,,,,,,,,,323.0,Pseudomonas syringae pv. tomato,Duplodnaviria,Heunggongvirae,Uroviricota,Caudoviricetes,Caudoviricetes incertae sedis,Medeavirus,Medeavirus medea1,,dsDNA
                  Cinvestavvirus,3152598,0.04,0.1,,,,0.06,0.09,0.08,,,,,,,0.21,,,,,,,,,,,
                  Shenlongvirus,3152898,,,,,,,,,0.49,,,,,,,294.0,Pseudomonas fluorescens,Duplodnaviria,Heunggongvirae,Uroviricota,Caudoviricetes,Caudoviricetes incertae sedis,Vandenendeviridae,Gorskivirinae,Shenlongvirus,dsDNA
              Eidolonvirus,3152915,,,,,,0.09,,,,,,,,,,28214.0,Sphingomonas sp.,Duplodnaviria,Heunggongvirae,Uroviricota,Caudoviricetes,Caudoviricetes incertae sedis,Eidolonvirus,Eidolonvirus eidolon,,dsDNA
              Kharnvirus,3152916,,,,,,0.33,,,,,,,,,,28214.0,Sphingomonas sp.,Duplodnaviria,Heunggongvirae,Uroviricota,Caudoviricetes,Caudoviricetes incertae sedis,Kharnvirus,Kharnvirus kharn,,dsDNA
              Chewyvirus,3152994,0.03,,,,,,,,,,0.2,,,,,1833.0,Rhodococcus erythropolis,Duplodnaviria,Heunggongvirae,Uroviricota,Caudoviricetes,Caudoviricetes incertae sedis,Chewyvirus,Chewyvirus chewyVIII,,dsDNA
                Seretavirus,3152998,0.05,,,,,,,,,,,,,,,615.0,Serratia marcescens,Duplodnaviria,Heunggongvirae,Uroviricota,Caudoviricetes,Caudoviricetes incertae sedis,Sarkviridae,Seretavirus,Seretavirus eta,dsDNA
                  Longwangvirus,3153014,0.04,0.42,0.56,1.27,0.24,0.16,0.37,0.2,1.17,0.35,0.33,0.2,0.39,0.25,0.19,654.0,Aeromonas veronii,Duplodnaviria,Heunggongvirae,Uroviricota,Caudoviricetes,Caudoviricetes incertae sedis,Chaseviridae,Nefertitivirinae,Longwangvirus,dsDNA
              Torvergatavirus,3153079,,0.07,,,,0.18,0.12,,,,,,,,0.24,1888892.0,Sphingomonas turrisvirgatae,Duplodnaviria,Heunggongvirae,Uroviricota,Caudoviricetes,Caudoviricetes incertae sedis,Torvergatavirus,Torvergatavirus MMDA13,,dsDNA
              Shockervirus,3153082,0.07,0.17,,,,,,,,0.15,,,,,0.13,199592.0,Microbacterium paraoxydans,Duplodnaviria,Heunggongvirae,Uroviricota,Caudoviricetes,Caudoviricetes incertae sedis,Shockervirus,Shockervirus shocker,,dsDNA
                  Pazvirus,3424920,,,,,,,,,,,0.13,,,,,207721.0,Xanthomonas euvesicatoria pv. allii,Duplodnaviria,Heunggongvirae,Uroviricota,Caudoviricetes,Autographivirales,Autonotataviridae,Gujervirinae,Pazvirus,dsDNA
                  Hennigervirus,3424959,,,,,,,,,,,,,0.43,,,,,,,,,,,,,
