run_accession	sample_accession	country	collection_date	sample_alias	fastq_ftp	scientific_name	city
ERR14788921	SAMEA117872997	Australia	2017-06-15	AU-ME-133	ftp.sra.ebi.ac.uk/vol1/fastq/ERR147/021/ERR14788921/ERR14788921_1.fastq.gz;ftp.sra.ebi.ac.uk/vol1/fastq/ERR147/021/ERR14788921/ERR14788921_2.fastq.gz	Stigmatella aurantiaca	Melbourne
ERR14789037	SAMEA117872998	Ecuador	2017-06-14	EC-QU-96	ftp.sra.ebi.ac.uk/vol1/fastq/ERR147/037/ERR14789037/ERR14789037_1.fastq.gz;ftp.sra.ebi.ac.uk/vol1/fastq/ERR147/037/ERR14789037/ERR14789037_2.fastq.gz	Stigmatella aurantiaca	Quito
ERR14789033	SAMEA117872999	Ecuador	2018-09-26	EC-1809	ftp.sra.ebi.ac.uk/vol1/fastq/ERR147/033/ERR14789033/ERR14789033_1.fastq.gz;ftp.sra.ebi.ac.uk/vol1/fastq/ERR147/033/ERR14789033/ERR14789033_2.fastq.gz	Stigmatella aurantiaca	Quito
ERR14789034	SAMEA117873000	Ecuador	2018-10-26	EC-1810	ftp.sra.ebi.ac.uk/vol1/fastq/ERR147/034/ERR14789034/ERR14789034_1.fastq.gz;ftp.sra.ebi.ac.uk/vol1/fastq/ERR147/034/ERR14789034/ERR14789034_2.fastq.gz	Stigmatella aurantiaca	Quito
ERR14789035	SAMEA117873001	Ecuador	2018-11-16	EC-1811	ftp.sra.ebi.ac.uk/vol1/fastq/ERR147/035/ERR14789035/ERR14789035_1.fastq.gz;ftp.sra.ebi.ac.uk/vol1/fastq/ERR147/035/ERR14789035/ERR14789035_2.fastq.gz	Stigmatella aurantiaca	Quito
ERR14789036	SAMEA117873002	Ecuador	2018-12-28	EC-1812	ftp.sra.ebi.ac.uk/vol1/fastq/ERR147/036/ERR14789036/ERR14789036_1.fastq.gz;ftp.sra.ebi.ac.uk/vol1/fastq/ERR147/036/ERR14789036/ERR14789036_2.fastq.gz	Stigmatella aurantiaca	Quito
ERR14789013	SAMEA117873003	Canada	2017-06-22	CA-RE-136	ftp.sra.ebi.ac.uk/vol1/fastq/ERR147/013/ERR14789013/ERR14789013_1.fastq.gz;ftp.sra.ebi.ac.uk/vol1/fastq/ERR147/013/ERR14789013/ERR14789013_2.fastq.gz	Stigmatella aurantiaca	Regina
ERR14788984	SAMEA117873005	Denmark	2017-06-11	RD-265	ftp.sra.ebi.ac.uk/vol1/fastq/ERR147/084/ERR14788984/ERR14788984_1.fastq.gz;ftp.sra.ebi.ac.uk/vol1/fastq/ERR147/084/ERR14788984/ERR14788984_2.fastq.gz	Stigmatella aurantiaca	Copenhagen
ERR14788985	SAMEA117873006	Denmark	2017-07-01	RD-271	ftp.sra.ebi.ac.uk/vol1/fastq/ERR147/085/ERR14788985/ERR14788985_1.fastq.gz;ftp.sra.ebi.ac.uk/vol1/fastq/ERR147/085/ERR14788985/ERR14788985_2.fastq.gz	Stigmatella aurantiaca	Copenhagen
ERR14788986	SAMEA117873007	Denmark	2017-08-09	RD-287	ftp.sra.ebi.ac.uk/vol1/fastq/ERR147/086/ERR14788986/ERR14788986_1.fastq.gz;ftp.sra.ebi.ac.uk/vol1/fastq/ERR147/086/ERR14788986/ERR14788986_2.fastq.gz	Stigmatella aurantiaca	Copenhagen
ERR14788987	SAMEA117873008	Denmark	2017-09-13	RD-297	ftp.sra.ebi.ac.uk/vol1/fastq/ERR147/087/ERR14788987/ERR14788987_1.fastq.gz;ftp.sra.ebi.ac.uk/vol1/fastq/ERR147/087/ERR14788987/ERR14788987_2.fastq.gz	Stigmatella aurantiaca	Copenhagen
ERR14788988	SAMEA117873009	Denmark	2017-10-01	RD-304	ftp.sra.ebi.ac.uk/vol1/fastq/ERR147/088/ERR14788988/ERR14788988_1.fastq.gz;ftp.sra.ebi.ac.uk/vol1/fastq/ERR147/088/ERR14788988/ERR14788988_2.fastq.gz	Stigmatella aurantiaca	Copenhagen
ERR14788989	SAMEA117873010	Denmark	2017-11-01	RD-317	ftp.sra.ebi.ac.uk/vol1/fastq/ERR147/089/ERR14788989/ERR14788989_1.fastq.gz;ftp.sra.ebi.ac.uk/vol1/fastq/ERR147/089/ERR14788989/ERR14788989_2.fastq.gz	Stigmatella aurantiaca	Copenhagen
ERR14788990	SAMEA117873011	Denmark	2018-03-01	RD-370	ftp.sra.ebi.ac.uk/vol1/fastq/ERR147/090/ERR14788990/ERR14788990_1.fastq.gz;ftp.sra.ebi.ac.uk/vol1/fastq/ERR147/090/ERR14788990/ERR14788990_2.fastq.gz	Stigmatella aurantiaca	Copenhagen
ERR14788991	SAMEA117873012	Denmark	2018-04-04	RD-387	ftp.sra.ebi.ac.uk/vol1/fastq/ERR147/091/ERR14788991/ERR14788991_1.fastq.gz;ftp.sra.ebi.ac.uk/vol1/fastq/ERR147/091/ERR14788991/ERR14788991_2.fastq.gz	Stigmatella aurantiaca	Copenhagen
ERR14788992	SAMEA117873013	Denmark	2018-05-04	RD-398	ftp.sra.ebi.ac.uk/vol1/fastq/ERR147/092/ERR14788992/ERR14788992_1.fastq.gz;ftp.sra.ebi.ac.uk/vol1/fastq/ERR147/092/ERR14788992/ERR14788992_2.fastq.gz	Stigmatella aurantiaca	Copenhagen
ERR14788993	SAMEA117873014	Denmark	2018-09-05	RD-443	ftp.sra.ebi.ac.uk/vol1/fastq/ERR147/093/ERR14788993/ERR14788993_1.fastq.gz;ftp.sra.ebi.ac.uk/vol1/fastq/ERR147/093/ERR14788993/ERR14788993_2.fastq.gz	Stigmatella aurantiaca	Copenhagen
ERR14788994	SAMEA117873015	Denmark	2018-10-04	RD-452	ftp.sra.ebi.ac.uk/vol1/fastq/ERR147/094/ERR14788994/ERR14788994_1.fastq.gz;ftp.sra.ebi.ac.uk/vol1/fastq/ERR147/094/ERR14788994/ERR14788994_2.fastq.gz	Stigmatella aurantiaca	Copenhagen
ERR14788995	SAMEA117873016	Denmark	2018-11-02	RD-462	ftp.sra.ebi.ac.uk/vol1/fastq/ERR147/095/ERR14788995/ERR14788995_1.fastq.gz;ftp.sra.ebi.ac.uk/vol1/fastq/ERR147/095/ERR14788995/ERR14788995_2.fastq.gz	Stigmatella aurantiaca	Copenhagen
ERR14788954	SAMEA117873019	Cameroon	2018-02-21	CM1802	ftp.sra.ebi.ac.uk/vol1/fastq/ERR147/054/ERR14788954/ERR14788954_1.fastq.gz;ftp.sra.ebi.ac.uk/vol1/fastq/ERR147/054/ERR14788954/ERR14788954_2.fastq.gz	Stigmatella aurantiaca	Yaounde
ERR14788957	SAMEA117873020	Cameroon	2018-05-22	CM1805	ftp.sra.ebi.ac.uk/vol1/fastq/ERR147/057/ERR14788957/ERR14788957_1.fastq.gz;ftp.sra.ebi.ac.uk/vol1/fastq/ERR147/057/ERR14788957/ERR14788957_2.fastq.gz	Stigmatella aurantiaca	Yaounde
ERR14788924	SAMEA13189670	Australia	2017-07-18	DTU_2017_1013506_1_MG_AU1707_L1	ftp.sra.ebi.ac.uk/vol1/fastq/ERR147/024/ERR14788924/ERR14788924_1.fastq.gz;ftp.sra.ebi.ac.uk/vol1/fastq/ERR147/024/ERR14788924/ERR14788924_2.fastq.gz	wastewater metagenome	Melbourne
ERR14788925	SAMEA13189671	Australia	2017-08-16	DTU_2017_1013507_1_MG_AU1708_L2	ftp.sra.ebi.ac.uk/vol1/fastq/ERR147/025/ERR14788925/ERR14788925_1.fastq.gz;ftp.sra.ebi.ac.uk/vol1/fastq/ERR147/025/ERR14788925/ERR14788925_2.fastq.gz	wastewater metagenome	Melbourne
ERR14788973	SAMEA13189676	Malaysia	2017-07-18	DTU_2017_1013512_1_MG_MY1707_L8	ftp.sra.ebi.ac.uk/vol1/fastq/ERR147/073/ERR14788973/ERR14788973_1.fastq.gz;ftp.sra.ebi.ac.uk/vol1/fastq/ERR147/073/ERR14788973/ERR14788973_2.fastq.gz	wastewater metagenome	Kuala Lumpur
ERR14788974	SAMEA13189677	Malaysia	2017-08-15	DTU_2017_1013513_1_MG_MY1708_L9	ftp.sra.ebi.ac.uk/vol1/fastq/ERR147/074/ERR14788974/ERR14788974_1.fastq.gz;ftp.sra.ebi.ac.uk/vol1/fastq/ERR147/074/ERR14788974/ERR14788974_2.fastq.gz	wastewater metagenome	Kuala Lumpur
ERR14788975	SAMEA13189678	Malaysia	2017-09-12	DTU_2017_1013514_1_MG_MY1709_L10	ftp.sra.ebi.ac.uk/vol1/fastq/ERR147/075/ERR14788975/ERR14788975_1.fastq.gz;ftp.sra.ebi.ac.uk/vol1/fastq/ERR147/075/ERR14788975/ERR14788975_2.fastq.gz	wastewater metagenome	Kuala Lumpur
ERR14788976	SAMEA13189679	Malaysia	2017-10-10	DTU_2017_1013515_1_MG_MY1710_L11	ftp.sra.ebi.ac.uk/vol1/fastq/ERR147/076/ERR14788976/ERR14788976_1.fastq.gz;ftp.sra.ebi.ac.uk/vol1/fastq/ERR147/076/ERR14788976/ERR14788976_2.fastq.gz	wastewater metagenome	Kuala Lumpur
ERR14788845	SAMEA13189680	China	2017-07-11	DTU_2017_1013516_1_MG_CN1707_L12	ftp.sra.ebi.ac.uk/vol1/fastq/ERR147/045/ERR14788845/ERR14788845_1.fastq.gz;ftp.sra.ebi.ac.uk/vol1/fastq/ERR147/045/ERR14788845/ERR14788845_2.fastq.gz	wastewater metagenome	Guangzhou
ERR14788846	SAMEA13189681	China	2017-08-23	DTU_2017_1013517_1_MG_CN1708_L13	ftp.sra.ebi.ac.uk/vol1/fastq/ERR147/046/ERR14788846/ERR14788846_1.fastq.gz;ftp.sra.ebi.ac.uk/vol1/fastq/ERR147/046/ERR14788846/ERR14788846_2.fastq.gz	wastewater metagenome	Guangzhou
ERR14788847	SAMEA13189682	China	2017-09-30	DTU_2017_1013518_1_MG_CN1709_L14	ftp.sra.ebi.ac.uk/vol1/fastq/ERR147/047/ERR14788847/ERR14788847_1.fastq.gz;ftp.sra.ebi.ac.uk/vol1/fastq/ERR147/047/ERR14788847/ERR14788847_2.fastq.gz	wastewater metagenome	Guangzhou
ERR14788848	SAMEA13189683	China	2017-10-13	DTU_2017_1013519_1_MG_CN1710_L15	ftp.sra.ebi.ac.uk/vol1/fastq/ERR147/048/ERR14788848/ERR14788848_1.fastq.gz;ftp.sra.ebi.ac.uk/vol1/fastq/ERR147/048/ERR14788848/ERR14788848_2.fastq.gz	wastewater metagenome	Guangzhou
ERR14788926	SAMEA13189686	Australia	2017-09-27	DTU_2017_1013522_1_MG_AU1709_L20	ftp.sra.ebi.ac.uk/vol1/fastq/ERR147/026/ERR14788926/ERR14788926_1.fastq.gz;ftp.sra.ebi.ac.uk/vol1/fastq/ERR147/026/ERR14788926/ERR14788926_2.fastq.gz	wastewater metagenome	Melbourne
ERR14788927	SAMEA13189687	Australia	2017-10-16	DTU_2017_1013523_1_MG_AU1710_L21	ftp.sra.ebi.ac.uk/vol1/fastq/ERR147/027/ERR14788927/ERR14788927_1.fastq.gz;ftp.sra.ebi.ac.uk/vol1/fastq/ERR147/027/ERR14788927/ERR14788927_2.fastq.gz	wastewater metagenome	Melbourne
ERR14788951	SAMEA13189688	Cameroon	2017-10-23	DTU_2017_1013524_1_MG_CM1710_L22	ftp.sra.ebi.ac.uk/vol1/fastq/ERR147/051/ERR14788951/ERR14788951_1.fastq.gz;ftp.sra.ebi.ac.uk/vol1/fastq/ERR147/051/ERR14788951/ERR14788951_2.fastq.gz	wastewater metagenome	Yaounde
ERR14788952	SAMEA13189689	Cameroon	2017-12-20	DTU_2017_1013525_1_MG_CM1712_L23	ftp.sra.ebi.ac.uk/vol1/fastq/ERR147/052/ERR14788952/ERR14788952_1.fastq.gz;ftp.sra.ebi.ac.uk/vol1/fastq/ERR147/052/ERR14788952/ERR14788952_2.fastq.gz	wastewater metagenome	Yaounde
ERR14788953	SAMEA13189690	Cameroon	2018-01-19	DTU_2018_1013526_1_MG_CM1801_L24	ftp.sra.ebi.ac.uk/vol1/fastq/ERR147/053/ERR14788953/ERR14788953_1.fastq.gz;ftp.sra.ebi.ac.uk/vol1/fastq/ERR147/053/ERR14788953/ERR14788953_2.fastq.gz	wastewater metagenome	Yaounde
ERR14788948	SAMEA13189691	Cameroon	2017-07-19	DTU_2017_1013527_1_MG_CM1707_L25	ftp.sra.ebi.ac.uk/vol1/fastq/ERR147/048/ERR14788948/ERR14788948_1.fastq.gz;ftp.sra.ebi.ac.uk/vol1/fastq/ERR147/048/ERR14788948/ERR14788948_2.fastq.gz	wastewater metagenome	Yaounde
ERR14788949	SAMEA13189692	Cameroon	2017-08-18	DTU_2017_1013528_1_MG_CM1708_L26	ftp.sra.ebi.ac.uk/vol1/fastq/ERR147/049/ERR14788949/ERR14788949_1.fastq.gz;ftp.sra.ebi.ac.uk/vol1/fastq/ERR147/049/ERR14788949/ERR14788949_2.fastq.gz	wastewater metagenome	Yaounde
ERR14788950	SAMEA13189693	Cameroon	2017-09-19	DTU_2017_1013529_1_MG_CM1709_L27	ftp.sra.ebi.ac.uk/vol1/fastq/ERR147/050/ERR14788950/ERR14788950_1.fastq.gz;ftp.sra.ebi.ac.uk/vol1/fastq/ERR147/050/ERR14788950/ERR14788950_2.fastq.gz	wastewater metagenome	Yaounde
ERR14789000	SAMEA13189694	USA	2017-09-28	DTU_2017_1013530_1_MG_US1709_L28	ftp.sra.ebi.ac.uk/vol1/fastq/ERR147/000/ERR14789000/ERR14789000_1.fastq.gz;ftp.sra.ebi.ac.uk/vol1/fastq/ERR147/000/ERR14789000/ERR14789000_2.fastq.gz	wastewater metagenome	Seattle
ERR14789001	SAMEA13189695	USA	2017-10-25	DTU_2017_1013531_1_MG_US1710_L29	ftp.sra.ebi.ac.uk/vol1/fastq/ERR147/001/ERR14789001/ERR14789001_1.fastq.gz;ftp.sra.ebi.ac.uk/vol1/fastq/ERR147/001/ERR14789001/ERR14789001_2.fastq.gz	wastewater metagenome	Seattle
ERR14789002	SAMEA13189696	USA	2017-01-12	DTU_2017_1013532_1_MG_US1712_L30	ftp.sra.ebi.ac.uk/vol1/fastq/ERR147/002/ERR14789002/ERR14789002_1.fastq.gz;ftp.sra.ebi.ac.uk/vol1/fastq/ERR147/002/ERR14789002/ERR14789002_2.fastq.gz	wastewater metagenome	Seattle
ERR14788978	SAMEA13189697	Malaysia	2017-12-05	DTU_2017_1013533_1_MG_MY1712_L31	ftp.sra.ebi.ac.uk/vol1/fastq/ERR147/078/ERR14788978/ERR14788978_1.fastq.gz;ftp.sra.ebi.ac.uk/vol1/fastq/ERR147/078/ERR14788978/ERR14788978_2.fastq.gz	wastewater metagenome	Kuala Lumpur
ERR14788979	SAMEA13189698	Malaysia	2018-01-04	DTU_2018_1013534_1_MG_MY1801_L32	ftp.sra.ebi.ac.uk/vol1/fastq/ERR147/079/ERR14788979/ERR14788979_1.fastq.gz;ftp.sra.ebi.ac.uk/vol1/fastq/ERR147/079/ERR14788979/ERR14788979_2.fastq.gz	wastewater metagenome	Kuala Lumpur
ERR14788980	SAMEA13189699	Malaysia	2018-01-06	DTU_2018_1013535_1_MG_MY1802_L33	ftp.sra.ebi.ac.uk/vol1/fastq/ERR147/080/ERR14788980/ERR14788980_1.fastq.gz;ftp.sra.ebi.ac.uk/vol1/fastq/ERR147/080/ERR14788980/ERR14788980_2.fastq.gz	wastewater metagenome	Kuala Lumpur
ERR14788977	SAMEA13189700	Malaysia	2017-11-04	DTU_2017_1013536_1_MG_MY1711_L34	ftp.sra.ebi.ac.uk/vol1/fastq/ERR147/077/ERR14788977/ERR14788977_1.fastq.gz;ftp.sra.ebi.ac.uk/vol1/fastq/ERR147/077/ERR14788977/ERR14788977_2.fastq.gz	wastewater metagenome	Kuala Lumpur
ERR14789017	SAMEA13189701	Canada	2017-07-26	DTU_2017_1013537_1_MG_CA1707_L35	ftp.sra.ebi.ac.uk/vol1/fastq/ERR147/017/ERR14789017/ERR14789017_1.fastq.gz;ftp.sra.ebi.ac.uk/vol1/fastq/ERR147/017/ERR14789017/ERR14789017_2.fastq.gz	wastewater metagenome	Regina
ERR14789018	SAMEA13189702	Canada	2017-08-22	DTU_2017_1013538_1_MG_CA1708_L36	ftp.sra.ebi.ac.uk/vol1/fastq/ERR147/018/ERR14789018/ERR14789018_1.fastq.gz;ftp.sra.ebi.ac.uk/vol1/fastq/ERR147/018/ERR14789018/ERR14789018_2.fastq.gz	wastewater metagenome	Regina
ERR14789019	SAMEA13189703	Canada	2017-09-27	DTU_2017_1013539_1_MG_CA1709_L37	ftp.sra.ebi.ac.uk/vol1/fastq/ERR147/019/ERR14789019/ERR14789019_1.fastq.gz;ftp.sra.ebi.ac.uk/vol1/fastq/ERR147/019/ERR14789019/ERR14789019_2.fastq.gz	wastewater metagenome	Regina
ERR14789020	SAMEA13189704	Canada	2017-10-25	DTU_2017_1013540_1_MG_CA1710_L38	ftp.sra.ebi.ac.uk/vol1/fastq/ERR147/020/ERR14789020/ERR14789020_1.fastq.gz;ftp.sra.ebi.ac.uk/vol1/fastq/ERR147/020/ERR14789020/ERR14789020_2.fastq.gz	wastewater metagenome	Regina
ERR14789040	SAMEA13189705	Ecuador	2017-12-23	DTU_2017_1013541_1_MG_EC1712_L39	ftp.sra.ebi.ac.uk/vol1/fastq/ERR147/040/ERR14789040/ERR14789040_1.fastq.gz;ftp.sra.ebi.ac.uk/vol1/fastq/ERR147/040/ERR14789040/ERR14789040_2.fastq.gz	wastewater metagenome	Quito
ERR14789041	SAMEA13189706	Ecuador	2018-01-31	DTU_2018_1013542_1_MG_EC1801_L40	ftp.sra.ebi.ac.uk/vol1/fastq/ERR147/041/ERR14789041/ERR14789041_1.fastq.gz;ftp.sra.ebi.ac.uk/vol1/fastq/ERR147/041/ERR14789041/ERR14789041_2.fastq.gz	wastewater metagenome	Quito
ERR14789042	SAMEA13189707	Ecuador	2018-02-28	DTU_2018_1013543_1_MG_EC1802_L41	ftp.sra.ebi.ac.uk/vol1/fastq/ERR147/042/ERR14789042/ERR14789042_1.fastq.gz;ftp.sra.ebi.ac.uk/vol1/fastq/ERR147/042/ERR14789042/ERR14789042_2.fastq.gz	wastewater metagenome	Quito
ERR14789021	SAMEA13189708	Canada	2017-12-19	DTU_2017_1013544_1_MG_CA1712_L42	ftp.sra.ebi.ac.uk/vol1/fastq/ERR147/021/ERR14789021/ERR14789021_1.fastq.gz;ftp.sra.ebi.ac.uk/vol1/fastq/ERR147/021/ERR14789021/ERR14789021_2.fastq.gz	wastewater metagenome	Regina
ERR14788928	SAMEA13189709	Australia	2017-12-21	DTU_2017_1013545_1_MG_AU1712_L43	ftp.sra.ebi.ac.uk/vol1/fastq/ERR147/028/ERR14788928/ERR14788928_1.fastq.gz;ftp.sra.ebi.ac.uk/vol1/fastq/ERR147/028/ERR14788928/ERR14788928_2.fastq.gz	wastewater metagenome	Melbourne
ERR14788929	SAMEA13189710	Australia	2018-01-23	DTU_2018_1013546_1_MG_AU1801_L44	ftp.sra.ebi.ac.uk/vol1/fastq/ERR147/029/ERR14788929/ERR14788929_1.fastq.gz;ftp.sra.ebi.ac.uk/vol1/fastq/ERR147/029/ERR14788929/ERR14788929_2.fastq.gz	wastewater metagenome	Melbourne
ERR14788930	SAMEA13189711	Australia	2018-02-26	DTU_2018_1013547_1_MG_AU1802_L45	ftp.sra.ebi.ac.uk/vol1/fastq/ERR147/030/ERR14788930/ERR14788930_1.fastq.gz;ftp.sra.ebi.ac.uk/vol1/fastq/ERR147/030/ERR14788930/ERR14788930_2.fastq.gz	wastewater metagenome	Melbourne
ERR14788849	SAMEA13189712	China	2017-12-21	DTU_2017_1013548_1_MG_CN1712_L46	ftp.sra.ebi.ac.uk/vol1/fastq/ERR147/049/ERR14788849/ERR14788849_1.fastq.gz;ftp.sra.ebi.ac.uk/vol1/fastq/ERR147/049/ERR14788849/ERR14788849_2.fastq.gz	wastewater metagenome	Guangzhou
ERR14788850	SAMEA13189713	China	2018-01-10	DTU_2018_1013549_1_MG_CN1801_L47	ftp.sra.ebi.ac.uk/vol1/fastq/ERR147/050/ERR14788850/ERR14788850_1.fastq.gz;ftp.sra.ebi.ac.uk/vol1/fastq/ERR147/050/ERR14788850/ERR14788850_2.fastq.gz	wastewater metagenome	Guangzhou
ERR14788851	SAMEA13189714	China	2018-02-08	DTU_2018_1013550_1_MG_CN1802_L48	ftp.sra.ebi.ac.uk/vol1/fastq/ERR147/051/ERR14788851/ERR14788851_1.fastq.gz;ftp.sra.ebi.ac.uk/vol1/fastq/ERR147/051/ERR14788851/ERR14788851_2.fastq.gz	wastewater metagenome	Guangzhou
ERR14788852	SAMEA13189715	China	2018-03-18	DTU_2018_1013551_1_MG_CN1803_L49	ftp.sra.ebi.ac.uk/vol1/fastq/ERR147/052/ERR14788852/ERR14788852_1.fastq.gz;ftp.sra.ebi.ac.uk/vol1/fastq/ERR147/052/ERR14788852/ERR14788852_2.fastq.gz	wastewater metagenome	Guangzhou
ERR14789003	SAMEA13189716	USA	2017-12-20	DTU_2017_1013552_1_MG_US1712_L54	ftp.sra.ebi.ac.uk/vol1/fastq/ERR147/003/ERR14789003/ERR14789003_1.fastq.gz;ftp.sra.ebi.ac.uk/vol1/fastq/ERR147/003/ERR14789003/ERR14789003_2.fastq.gz	wastewater metagenome	Seattle
ERR14789004	SAMEA13189717	USA	2018-01-30	DTU_2018_1013553_1_MG_US1801_L55	ftp.sra.ebi.ac.uk/vol1/fastq/ERR147/004/ERR14789004/ERR14789004_1.fastq.gz;ftp.sra.ebi.ac.uk/vol1/fastq/ERR147/004/ERR14789004/ERR14789004_2.fastq.gz	wastewater metagenome	Seattle
ERR14789005	SAMEA13189718	USA	2018-02-22	DTU_2018_1013554_1_MG_US1802_L56	ftp.sra.ebi.ac.uk/vol1/fastq/ERR147/005/ERR14789005/ERR14789005_1.fastq.gz;ftp.sra.ebi.ac.uk/vol1/fastq/ERR147/005/ERR14789005/ERR14789005_2.fastq.gz	wastewater metagenome	Seattle
ERR14789006	SAMEA13189719	USA	2018-03-29	DTU_2018_1013555_1_MG_US1803_L57	ftp.sra.ebi.ac.uk/vol1/fastq/ERR147/006/ERR14789006/ERR14789006_1.fastq.gz;ftp.sra.ebi.ac.uk/vol1/fastq/ERR147/006/ERR14789006/ERR14789006_2.fastq.gz	wastewater metagenome	Seattle
ERR14788931	SAMEA13189720	Australia	2018-03-27	DTU_2018_1013556_1_MG_AU1803_L58	ftp.sra.ebi.ac.uk/vol1/fastq/ERR147/031/ERR14788931/ERR14788931_1.fastq.gz;ftp.sra.ebi.ac.uk/vol1/fastq/ERR147/031/ERR14788931/ERR14788931_2.fastq.gz	wastewater metagenome	Melbourne
ERR14788932	SAMEA13189721	Australia	2018-04-27	DTU_2018_1013557_1_MG_AU1804_L59	ftp.sra.ebi.ac.uk/vol1/fastq/ERR147/032/ERR14788932/ERR14788932_1.fastq.gz;ftp.sra.ebi.ac.uk/vol1/fastq/ERR147/032/ERR14788932/ERR14788932_2.fastq.gz	wastewater metagenome	Melbourne
ERR14788933	SAMEA13189722	Australia	2018-05-17	DTU_2018_1013558_1_MG_AU1805_L60	ftp.sra.ebi.ac.uk/vol1/fastq/ERR147/033/ERR14788933/ERR14788933_1.fastq.gz;ftp.sra.ebi.ac.uk/vol1/fastq/ERR147/033/ERR14788933/ERR14788933_2.fastq.gz	wastewater metagenome	Melbourne
ERR14788981	SAMEA13189723	Malaysia	2018-03-16	DTU_2018_1013559_1_MG_MY1803_L61	ftp.sra.ebi.ac.uk/vol1/fastq/ERR147/081/ERR14788981/ERR14788981_1.fastq.gz;ftp.sra.ebi.ac.uk/vol1/fastq/ERR147/081/ERR14788981/ERR14788981_2.fastq.gz	wastewater metagenome	Kuala Lumpur
ERR14788982	SAMEA13189724	Malaysia	2018-04-12	DTU_2018_1013560_1_MG_MY1804_L62	ftp.sra.ebi.ac.uk/vol1/fastq/ERR147/082/ERR14788982/ERR14788982_1.fastq.gz;ftp.sra.ebi.ac.uk/vol1/fastq/ERR147/082/ERR14788982/ERR14788982_2.fastq.gz	wastewater metagenome	Kuala Lumpur
ERR14788983	SAMEA13189725	Malaysia	2018-05-08	DTU_2018_1013561_1_MG_MY1805_L63	ftp.sra.ebi.ac.uk/vol1/fastq/ERR147/083/ERR14788983/ERR14788983_1.fastq.gz;ftp.sra.ebi.ac.uk/vol1/fastq/ERR147/083/ERR14788983/ERR14788983_2.fastq.gz	wastewater metagenome	Kuala Lumpur
ERR14789007	SAMEA13189726	USA	2018-04-15	DTU_2018_1013562_1_MG_US1804_L66	ftp.sra.ebi.ac.uk/vol1/fastq/ERR147/007/ERR14789007/ERR14789007_1.fastq.gz;ftp.sra.ebi.ac.uk/vol1/fastq/ERR147/007/ERR14789007/ERR14789007_2.fastq.gz	wastewater metagenome	Seattle
ERR14789008	SAMEA13189727	USA	2018-05-13	DTU_2018_1013563_1_MG_US1805_L67	ftp.sra.ebi.ac.uk/vol1/fastq/ERR147/008/ERR14789008/ERR14789008_1.fastq.gz;ftp.sra.ebi.ac.uk/vol1/fastq/ERR147/008/ERR14789008/ERR14789008_2.fastq.gz	wastewater metagenome	Seattle
ERR14789009	SAMEA13189728	USA	2018-07-17	DTU_2018_1013564_1_MG_US1807_L68	ftp.sra.ebi.ac.uk/vol1/fastq/ERR147/009/ERR14789009/ERR14789009_1.fastq.gz;ftp.sra.ebi.ac.uk/vol1/fastq/ERR147/009/ERR14789009/ERR14789009_2.fastq.gz	wastewater metagenome	Seattle
ERR14789010	SAMEA13189729	USA	2018-08-23	DTU_2018_1013565_1_MG_US1808_L69	ftp.sra.ebi.ac.uk/vol1/fastq/ERR147/010/ERR14789010/ERR14789010_1.fastq.gz;ftp.sra.ebi.ac.uk/vol1/fastq/ERR147/010/ERR14789010/ERR14789010_2.fastq.gz	wastewater metagenome	Seattle
ERR14788934	SAMEA13189730	Australia	2018-07-19	DTU_2018_1013566_1_MG_AU1807_L70	ftp.sra.ebi.ac.uk/vol1/fastq/ERR147/034/ERR14788934/ERR14788934_1.fastq.gz;ftp.sra.ebi.ac.uk/vol1/fastq/ERR147/034/ERR14788934/ERR14788934_2.fastq.gz	wastewater metagenome	Melbourne
ERR14788935	SAMEA13189731	Australia	2018-08-30	DTU_2018_1013567_1_MG_AU1808_L71	ftp.sra.ebi.ac.uk/vol1/fastq/ERR147/035/ERR14788935/ERR14788935_1.fastq.gz;ftp.sra.ebi.ac.uk/vol1/fastq/ERR147/035/ERR14788935/ERR14788935_2.fastq.gz	wastewater metagenome	Melbourne
ERR14788958	SAMEA13189732	Cameroon	2018-07-19	DTU_2018_1013568_1_MG_CM1807_L72	ftp.sra.ebi.ac.uk/vol1/fastq/ERR147/058/ERR14788958/ERR14788958_1.fastq.gz;ftp.sra.ebi.ac.uk/vol1/fastq/ERR147/058/ERR14788958/ERR14788958_2.fastq.gz	wastewater metagenome	Yaounde
ERR14788959	SAMEA13189733	Cameroon	2018-08-17	DTU_2018_1013569_1_MG_CM1808_L73	ftp.sra.ebi.ac.uk/vol1/fastq/ERR147/059/ERR14788959/ERR14788959_1.fastq.gz;ftp.sra.ebi.ac.uk/vol1/fastq/ERR147/059/ERR14788959/ERR14788959_2.fastq.gz	wastewater metagenome	Yaounde
ERR14789022	SAMEA13189734	Canada	2018-03-21	DTU_2018_1013570_1_MG_CA1803_L74	ftp.sra.ebi.ac.uk/vol1/fastq/ERR147/022/ERR14789022/ERR14789022_1.fastq.gz;ftp.sra.ebi.ac.uk/vol1/fastq/ERR147/022/ERR14789022/ERR14789022_2.fastq.gz	wastewater metagenome	Regina
ERR14789023	SAMEA13189735	Canada	2018-04-01	DTU_2018_1013571_1_MG_CA1804_L75	ftp.sra.ebi.ac.uk/vol1/fastq/ERR147/023/ERR14789023/ERR14789023_1.fastq.gz;ftp.sra.ebi.ac.uk/vol1/fastq/ERR147/023/ERR14789023/ERR14789023_2.fastq.gz	wastewater metagenome	Regina
ERR14789024	SAMEA13189736	Canada	2018-05-29	DTU_2018_1013572_1_MG_CA1805_L76	ftp.sra.ebi.ac.uk/vol1/fastq/ERR147/024/ERR14789024/ERR14789024_1.fastq.gz;ftp.sra.ebi.ac.uk/vol1/fastq/ERR147/024/ERR14789024/ERR14789024_2.fastq.gz	wastewater metagenome	Regina
ERR14789025	SAMEA13189737	Canada	2018-07-30	DTU_2018_1013573_1_MG_CA1807_L77	ftp.sra.ebi.ac.uk/vol1/fastq/ERR147/025/ERR14789025/ERR14789025_1.fastq.gz;ftp.sra.ebi.ac.uk/vol1/fastq/ERR147/025/ERR14789025/ERR14789025_2.fastq.gz	wastewater metagenome	Regina
ERR14789026	SAMEA13189738	Canada	2018-08-16	DTU_2018_1013574_1_MG_CA1808_L78	ftp.sra.ebi.ac.uk/vol1/fastq/ERR147/026/ERR14789026/ERR14789026_1.fastq.gz;ftp.sra.ebi.ac.uk/vol1/fastq/ERR147/026/ERR14789026/ERR14789026_2.fastq.gz	wastewater metagenome	Regina
ERR14789158	SAMEA13189739	Canada	2018-09-28	DTU_2018_1013575_1_MG_CA1809_L79	ftp.sra.ebi.ac.uk/vol1/fastq/ERR147/058/ERR14789158/ERR14789158_1.fastq.gz;ftp.sra.ebi.ac.uk/vol1/fastq/ERR147/058/ERR14789158/ERR14789158_2.fastq.gz	wastewater metagenome	Regina
ERR14789028	SAMEA13189740	Ecuador	2018-03-29	DTU_2018_1013576_1_MG_EC1803_L80	ftp.sra.ebi.ac.uk/vol1/fastq/ERR147/028/ERR14789028/ERR14789028_1.fastq.gz;ftp.sra.ebi.ac.uk/vol1/fastq/ERR147/028/ERR14789028/ERR14789028_2.fastq.gz	wastewater metagenome	Quito
ERR14789029	SAMEA13189741	Ecuador	2018-04-26	DTU_2018_1013577_1_MG_EC1804_L81	ftp.sra.ebi.ac.uk/vol1/fastq/ERR147/029/ERR14789029/ERR14789029_1.fastq.gz;ftp.sra.ebi.ac.uk/vol1/fastq/ERR147/029/ERR14789029/ERR14789029_2.fastq.gz	wastewater metagenome	Quito
ERR14789030	SAMEA13189742	Ecuador	2018-05-25	DTU_2018_1013578_1_MG_EC1805_L82	ftp.sra.ebi.ac.uk/vol1/fastq/ERR147/030/ERR14789030/ERR14789030_1.fastq.gz;ftp.sra.ebi.ac.uk/vol1/fastq/ERR147/030/ERR14789030/ERR14789030_2.fastq.gz	wastewater metagenome	Quito
ERR14789031	SAMEA13189743	Ecuador	2018-07-26	DTU_2018_1013579_1_MG_EC1807_L83	ftp.sra.ebi.ac.uk/vol1/fastq/ERR147/031/ERR14789031/ERR14789031_1.fastq.gz;ftp.sra.ebi.ac.uk/vol1/fastq/ERR147/031/ERR14789031/ERR14789031_2.fastq.gz	wastewater metagenome	Quito
ERR14789032	SAMEA13189744	Ecuador	2018-08-29	DTU_2018_1013580_1_MG_EC1808_L84	ftp.sra.ebi.ac.uk/vol1/fastq/ERR147/032/ERR14789032/ERR14789032_1.fastq.gz;ftp.sra.ebi.ac.uk/vol1/fastq/ERR147/032/ERR14789032/ERR14789032_2.fastq.gz	wastewater metagenome	Quito
ERR14788837	SAMEA13189745	China	2018-04-10	DTU_2018_1013581_1_MG_CN1804_L85	ftp.sra.ebi.ac.uk/vol1/fastq/ERR147/037/ERR14788837/ERR14788837_1.fastq.gz;ftp.sra.ebi.ac.uk/vol1/fastq/ERR147/037/ERR14788837/ERR14788837_2.fastq.gz	wastewater metagenome	Guangzhou
ERR14788838	SAMEA13189746	China	2018-05-11	DTU_2018_1013582_1_MG_CN1805_L86	ftp.sra.ebi.ac.uk/vol1/fastq/ERR147/038/ERR14788838/ERR14788838_1.fastq.gz;ftp.sra.ebi.ac.uk/vol1/fastq/ERR147/038/ERR14788838/ERR14788838_2.fastq.gz	wastewater metagenome	Guangzhou
ERR14788839	SAMEA13189747	China	2018-08-09	DTU_2018_1013583_1_MG_CN1808_L87	ftp.sra.ebi.ac.uk/vol1/fastq/ERR147/039/ERR14788839/ERR14788839_1.fastq.gz;ftp.sra.ebi.ac.uk/vol1/fastq/ERR147/039/ERR14788839/ERR14788839_2.fastq.gz	wastewater metagenome	Guangzhou
ERR14788840	SAMEA13189748	China	2018-09-01	DTU_2018_1013584_1_MG_CN1809_L88	ftp.sra.ebi.ac.uk/vol1/fastq/ERR147/040/ERR14788840/ERR14788840_1.fastq.gz;ftp.sra.ebi.ac.uk/vol1/fastq/ERR147/040/ERR14788840/ERR14788840_2.fastq.gz	wastewater metagenome	Guangzhou
ERR14788841	SAMEA13189749	China	2018-10-09	DTU_2018_1013585_1_MG_CN1810_L89	ftp.sra.ebi.ac.uk/vol1/fastq/ERR147/041/ERR14788841/ERR14788841_1.fastq.gz;ftp.sra.ebi.ac.uk/vol1/fastq/ERR147/041/ERR14788841/ERR14788841_2.fastq.gz	wastewater metagenome	Guangzhou
ERR14788956	SAMEA13189750	Cameroon	2018-04-03	DTU_2018_1013586_1_MG_CM1804_L96	ftp.sra.ebi.ac.uk/vol1/fastq/ERR147/056/ERR14788956/ERR14788956_1.fastq.gz;ftp.sra.ebi.ac.uk/vol1/fastq/ERR147/056/ERR14788956/ERR14788956_2.fastq.gz	wastewater metagenome	Yaounde
ERR14788955	SAMEA13189753	Cameroon	2018-03-18	DTU_2018_1013589_1_MG_CM1803_L99	ftp.sra.ebi.ac.uk/vol1/fastq/ERR147/055/ERR14788955/ERR14788955_1.fastq.gz;ftp.sra.ebi.ac.uk/vol1/fastq/ERR147/055/ERR14788955/ERR14788955_2.fastq.gz	wastewater metagenome	Yaounde
ERR14788922	SAMEA14509403	Australia	2017-05-12	DTU_2017_558_1_MG_AU_ME_255	ftp.sra.ebi.ac.uk/vol1/fastq/ERR147/022/ERR14788922/ERR14788922_1.fastq.gz;ftp.sra.ebi.ac.uk/vol1/fastq/ERR147/022/ERR14788922/ERR14788922_2.fastq.gz	wastewater metagenome	Melbourne
ERR14788969	SAMEA4777391	Malaysia	2017-06-15	DTU2017_MG_11_MY_KL	ftp.sra.ebi.ac.uk/vol1/fastq/ERR147/069/ERR14788969/ERR14788969_1.fastq.gz;ftp.sra.ebi.ac.uk/vol1/fastq/ERR147/069/ERR14788969/ERR14788969_2.fastq.gz	wastewater metagenome	Kuala Lumpur
ERR14788944	SAMEA4777413	Cameroon	2017-06-15	DTU2017_MG_13_CM_YA	ftp.sra.ebi.ac.uk/vol1/fastq/ERR147/044/ERR14788944/ERR14788944_1.fastq.gz;ftp.sra.ebi.ac.uk/vol1/fastq/ERR147/044/ERR14788944/ERR14788944_2.fastq.gz	wastewater metagenome	Yaounde
ERR14788996	SAMEA4777531	USA	2017-06-13	DTU2017_MG_94_US_SE	ftp.sra.ebi.ac.uk/vol1/fastq/ERR147/096/ERR14788996/ERR14788996_1.fastq.gz;ftp.sra.ebi.ac.uk/vol1/fastq/ERR147/096/ERR14788996/ERR14788996_2.fastq.gz	wastewater metagenome	Seattle
ERR14788971	SAMEA7426282	Malaysia	2018-12-07	DTU_2018_824_1_MG_MY_KL_508	ftp.sra.ebi.ac.uk/vol1/fastq/ERR147/071/ERR14788971/ERR14788971_1.fastq.gz;ftp.sra.ebi.ac.uk/vol1/fastq/ERR147/071/ERR14788971/ERR14788971_2.fastq.gz	wastewater metagenome	Kuala Lumpur
ERR14788947	SAMEA7426367	Cameroon	2018-11-23	DTU_2018_912_1_MG_CM_YA_597	ftp.sra.ebi.ac.uk/vol1/fastq/ERR147/047/ERR14788947/ERR14788947_1.fastq.gz;ftp.sra.ebi.ac.uk/vol1/fastq/ERR147/047/ERR14788947/ERR14788947_2.fastq.gz	wastewater metagenome	Yaounde
ERR14788970	SAMEA7428278	Malaysia	2017-11-30	DTU_2017_534_1_MG_MY_KL_230	ftp.sra.ebi.ac.uk/vol1/fastq/ERR147/070/ERR14788970/ERR14788970_1.fastq.gz;ftp.sra.ebi.ac.uk/vol1/fastq/ERR147/070/ERR14788970/ERR14788970_2.fastq.gz	wastewater metagenome	Kuala Lumpur
ERR14788945	SAMEA7428333	Cameroon	2017-11-17	DTU_2017_595_1_MG_CM_YA_291	ftp.sra.ebi.ac.uk/vol1/fastq/ERR147/045/ERR14788945/ERR14788945_1.fastq.gz;ftp.sra.ebi.ac.uk/vol1/fastq/ERR147/045/ERR14788945/ERR14788945_2.fastq.gz	wastewater metagenome	Yaounde
ERR14788997	SAMEA7428349	USA	2017-11-28	DTU_2017_611_1_MG_US_SE_307	ftp.sra.ebi.ac.uk/vol1/fastq/ERR147/097/ERR14788997/ERR14788997_1.fastq.gz;ftp.sra.ebi.ac.uk/vol1/fastq/ERR147/097/ERR14788997/ERR14788997_2.fastq.gz	wastewater metagenome	Seattle
ERR14789038	SAMEA7428365	Ecuador	2017-11-23	DTU_2017_627_1_MG_EC_QU_323	ftp.sra.ebi.ac.uk/vol1/fastq/ERR147/038/ERR14789038/ERR14789038_1.fastq.gz;ftp.sra.ebi.ac.uk/vol1/fastq/ERR147/038/ERR14789038/ERR14789038_2.fastq.gz	wastewater metagenome	Quito
ERR14788843	SAMEA7428372	China	2017-12-21	DTU_2017_634_1_MG_CN_GU_330	ftp.sra.ebi.ac.uk/vol1/fastq/ERR147/043/ERR14788843/ERR14788843_1.fastq.gz;ftp.sra.ebi.ac.uk/vol1/fastq/ERR147/043/ERR14788843/ERR14788843_2.fastq.gz	wastewater metagenome	Guangzhou
ERR14789039	SAMEA7428480	Ecuador	2018-06-28	DTU_2018_716_1_MG_EC_QU_413	ftp.sra.ebi.ac.uk/vol1/fastq/ERR147/039/ERR14789039/ERR14789039_1.fastq.gz;ftp.sra.ebi.ac.uk/vol1/fastq/ERR147/039/ERR14789039/ERR14789039_2.fastq.gz	wastewater metagenome	Quito
ERR14788972	SAMEA7428492	Malaysia	2018-06-29	DTU_2018_728_1_MG_MY_KL_1_425	ftp.sra.ebi.ac.uk/vol1/fastq/ERR147/072/ERR14788972/ERR14788972_1.fastq.gz;ftp.sra.ebi.ac.uk/vol1/fastq/ERR147/072/ERR14788972/ERR14788972_2.fastq.gz	wastewater metagenome	Kuala Lumpur
ERR14788998	SAMEA7428513	USA	2018-06-21	DTU_2018_751_1_MG_US_SE_448	ftp.sra.ebi.ac.uk/vol1/fastq/ERR147/098/ERR14788998/ERR14788998_1.fastq.gz;ftp.sra.ebi.ac.uk/vol1/fastq/ERR147/098/ERR14788998/ERR14788998_2.fastq.gz	wastewater metagenome	Seattle
ERR14788999	SAMEA7428514	USA	2018-06-20	DTU_2018_752_1_MG_US_SE_2_449	ftp.sra.ebi.ac.uk/vol1/fastq/ERR147/099/ERR14788999/ERR14788999_1.fastq.gz;ftp.sra.ebi.ac.uk/vol1/fastq/ERR147/099/ERR14788999/ERR14788999_2.fastq.gz	wastewater metagenome	Seattle
ERR14788923	SAMEA7428519	Australia	2018-06-19	DTU_2018_757_1_MG_AU_ME_454	ftp.sra.ebi.ac.uk/vol1/fastq/ERR147/023/ERR14788923/ERR14788923_1.fastq.gz;ftp.sra.ebi.ac.uk/vol1/fastq/ERR147/023/ERR14788923/ERR14788923_2.fastq.gz	wastewater metagenome	Melbourne
ERR14788946	SAMEA7428522	Cameroon	2018-06-20	DTU_2018_761_1_MG_CM_YA_458	ftp.sra.ebi.ac.uk/vol1/fastq/ERR147/046/ERR14788946/ERR14788946_1.fastq.gz;ftp.sra.ebi.ac.uk/vol1/fastq/ERR147/046/ERR14788946/ERR14788946_2.fastq.gz	wastewater metagenome	Yaounde
ERR14788844	SAMEA7428540	China	2018-06-05	DTU_2018_783_1_MG_CN_GU_480	ftp.sra.ebi.ac.uk/vol1/fastq/ERR147/044/ERR14788844/ERR14788844_1.fastq.gz;ftp.sra.ebi.ac.uk/vol1/fastq/ERR147/044/ERR14788844/ERR14788844_2.fastq.gz	wastewater metagenome	Guangzhou
